Order_Year,Order_Month,Order_Day,Order_Week,Ship_Mode,Segment,Country,City,State,Region,Category,Sub-Category,Sales,Quantity,Profit,Sales_per_Quantity,Profit_Margin,Order_Quarter,Is_weekend?
2019,January,15,3,Standard Class,Consumer,United States,New York City,New York,East,Office Supplies,Binders,49.536,3,17.3376,16.512,0.35,1,FALSE
2019,January,22,4,Standard Class,Consumer,United States,New York City,New York,East,Office Supplies,Binders,26.336,4,9.2176,6.584,0.35,1,FALSE
2019,February,15,7,Standard Class,Consumer,United States,New York City,New York,East,Office Supplies,Binders,398.352,3,124.485,132.784,0.3125,1,FALSE
2019,March,8,10,Standard Class,Consumer,United States,New York City,New York,East,Office Supplies,Binders,69.456,2,22.5732,34.728,0.325,1,FALSE
2019,March,29,13,Standard Class,Consumer,United States,New York City,New York,East,Office Supplies,Binders,29.8,5,9.3125,5.96,0.3125,1,FALSE
2019,March,29,13,Standard Class,Consumer,United States,New York City,New York,East,Office Supplies,Binders,41.328,7,14.9814,5.904,0.3625,1,FALSE
2019,April,1,14,Standard Class,Corporate,United States,New York City,New York,East,Office Supplies,Binders,14.352,3,4.6644,4.784,0.325,2,FALSE
2019,April,1,14,Standard Class,Consumer,United States,New York City,New York,East,Office Supplies,Binders,3.592,1,1.1225,3.592,0.3125,2,FALSE
2019,April,4,14,Standard Class,Consumer,United States,New York City,New York,East,Office Supplies,Binders,588.784,2,183.995,294.392,0.3125,2,FALSE
2019,April,19,16,Standard Class,Consumer,United States,New York City,New York,East,Office Supplies,Binders,9.28,2,3.248,4.64,0.35,2,FALSE
2019,April,30,18,Standard Class,Consumer,United States,New York City,New York,East,Office Supplies,Binders,7.712,2,2.7956,3.856,0.3625,2,FALSE
2019,May,2,18,Standard Class,Corporate,United States,New York City,New York,East,Office Supplies,Binders,90.48,3,33.93,30.16,0.375,2,FALSE
2019,May,7,19,Standard Class,Consumer,United States,New York City,New York,East,Office Supplies,Binders,85.232,7,30.8966,12.176,0.3625,2,FALSE
2019,May,15,20,Standard Class,Consumer,United States,New York City,New York,East,Office Supplies,Binders,13.776,3,4.4772,4.592,0.325,2,FALSE
2019,May,19,21,Standard Class,Consumer,United States,New York City,New York,East,Office Supplies,Binders,47.744,4,14.92,11.936,0.3125,2,TRUE
2019,May,31,22,Standard Class,Consumer,United States,New York City,New York,East,Office Supplies,Binders,7.152,3,2.3244,2.384,0.325,2,FALSE
2019,June,21,25,Standard Class,Consumer,United States,New York City,New York,East,Office Supplies,Binders,36.56,5,12.796,7.312,0.35,2,FALSE
2019,June,21,25,Standard Class,Consumer,United States,New York City,New York,East,Office Supplies,Binders,186.144,6,60.4968,31.024,0.325,2,FALSE
2019,July,14,29,Standard Class,Corporate,United States,New York City,New York,East,Office Supplies,Binders,14.16,2,5.133,7.08,0.3625,3,TRUE
2019,August,26,35,Standard Class,Corporate,United States,New York City,New York,East,Office Supplies,Binders,146.688,8,45.84,18.336,0.3125,3,FALSE
2019,September,4,36,Standard Class,Consumer,United States,New York City,New York,East,Office Supplies,Binders,60.6,5,20.4525,12.12,0.3375,3,FALSE
2019,September,15,38,Standard Class,Corporate,United States,New York City,New York,East,Office Supplies,Binders,841.568,2,294.5488,420.784,0.35,3,TRUE
2019,September,17,38,Standard Class,Consumer,United States,New York City,New York,East,Office Supplies,Binders,232.4,5,78.435,46.48,0.3375,3,FALSE
2019,September,18,38,Standard Class,Consumer,United States,New York City,New York,East,Office Supplies,Binders,4.616,1,1.731,4.616,0.375,3,FALSE
2019,October,27,44,Standard Class,Consumer,United States,New York City,New York,East,Office Supplies,Binders,9.728,2,3.2832,4.864,0.3375,4,TRUE
2019,October,30,44,Standard Class,Corporate,United States,New York City,New York,East,Office Supplies,Binders,28.752,3,10.0632,9.584,0.35,4,FALSE
2019,November,10,46,Standard Class,Corporate,United States,New York City,New York,East,Office Supplies,Binders,20.368,1,7.3834,20.368,0.3625,4,TRUE
2019,November,10,46,Standard Class,Corporate,United States,New York City,New York,East,Office Supplies,Binders,49.848,3,16.8237,16.616,0.3375,4,TRUE
2019,November,10,46,Standard Class,Consumer,United States,New York City,New York,East,Office Supplies,Binders,3.64,1,1.365,3.64,0.375,4,TRUE
2019,November,11,46,Standard Class,Corporate,United States,New York City,New York,East,Office Supplies,Binders,55.008,3,17.19,18.336,0.3125,4,FALSE
2019,November,11,46,Standard Class,Corporate,United States,New York City,New York,East,Office Supplies,Binders,35.232,3,11.4504,11.744,0.325,4,FALSE
2019,November,19,47,Standard Class,Consumer,United States,New York City,New York,East,Office Supplies,Binders,14.352,3,4.6644,4.784,0.325,4,FALSE
2019,November,22,47,Standard Class,Corporate,United States,New York City,New York,East,Office Supplies,Binders,12.192,4,4.1148,3.048,0.3375,4,FALSE
2019,November,22,47,Standard Class,Home Office,United States,New York City,New York,East,Office Supplies,Binders,134.272,8,46.9952,16.784,0.35,4,FALSE
2019,December,2,49,Standard Class,Consumer,United States,New York City,New York,East,Office Supplies,Binders,415.176,3,134.9322,138.392,0.325,4,FALSE
2019,December,2,49,Standard Class,Consumer,United States,New York City,New York,East,Office Supplies,Binders,35.232,3,11.4504,11.744,0.325,4,FALSE
2019,December,14,50,Standard Class,Consumer,United States,New York City,New York,East,Office Supplies,Binders,23.12,2,7.803,11.56,0.3375,4,FALSE
2019,December,22,52,Standard Class,Consumer,United States,New York City,New York,East,Office Supplies,Binders,25.584,2,8.9544,12.792,0.35,4,TRUE
2019,December,26,52,Standard Class,Corporate,United States,New York City,New York,East,Office Supplies,Binders,4.992,3,1.6848,1.664,0.3375,4,FALSE
2020,February,6,6,Standard Class,Corporate,United States,New York City,New York,East,Office Supplies,Binders,134.24,4,15.606,33.56,0.1162544696,1,FALSE
2020,March,7,10,Standard Class,Consumer,United States,New York City,New York,East,Office Supplies,Binders,133.92,6,9.072,22.32,0.06774193548,1,FALSE
2020,April,14,16,Standard Class,Consumer,United States,New York City,New York,East,Office Supplies,Binders,110.776,3,3.5022,36.92533333,0.0316151513,2,FALSE
2020,May,18,21,Standard Class,Consumer,United States,New York City,New York,East,Office Supplies,Binders,102.048,1,1.0287,102.048,0.01008055033,2,FALSE
2020,June,12,24,Standard Class,Consumer,United States,New York City,New York,East,Office Supplies,Binders,124.128,3,4.2666,41.376,0.03437258314,2,FALSE
2020,June,19,25,Standard Class,Corporate,United States,New York City,New York,East,Office Supplies,Binders,137.568,3,3.7596,45.856,0.02732903001,2,FALSE
2020,June,26,26,Standard Class,Corporate,United States,New York City,New York,East,Office Supplies,Binders,127.368,2,37.1084,63.684,0.2913479053,2,FALSE
2020,July,23,30,Standard Class,Home Office,United States,New York City,New York,East,Office Supplies,Binders,120.92,3,4.35,40.30666667,0.03597419782,3,FALSE
2020,July,23,30,Standard Class,Corporate,United States,New York City,New York,East,Office Supplies,Binders,116.128,3,4.2666,38.70933333,0.03674049325,3,FALSE
2020,August,21,34,Standard Class,Consumer,United States,New York City,New York,East,Office Supplies,Binders,4330.552,6,1453.1238,721.7586667,0.3355516341,3,FALSE
2020,August,21,34,Standard Class,Consumer,United States,New York City,New York,East,Office Supplies,Binders,139.088,7,11.2308,19.86971429,0.08074600253,3,FALSE
2020,August,24,35,Standard Class,Corporate,United States,New York City,New York,East,Office Supplies,Binders,141.744,1,1.3104,141.744,0.00924483576,3,FALSE
2020,August,24,35,Standard Class,Corporate,United States,New York City,New York,East,Office Supplies,Binders,121.672,4,7.71,30.418,0.06336708528,3,FALSE
2020,September,2,36,Standard Class,Corporate,United States,New York City,New York,East,Office Supplies,Binders,104.432,8,8.9208,13.054,0.08542209285,3,FALSE
2020,September,20,39,Standard Class,Consumer,United States,New York City,New York,East,Office Supplies,Binders,119.784,3,3.9771,39.928,0.03320226408,3,TRUE
2020,October,9,41,Standard Class,Consumer,United States,New York City,New York,East,Office Supplies,Binders,125.816,3,4.3254,41.93866667,0.03437877535,4,FALSE
2020,October,9,41,Standard Class,Consumer,United States,New York City,New York,East,Office Supplies,Binders,144.24,6,6.156,24.04,0.04267886855,4,FALSE
2020,November,10,46,Standard Class,Corporate,United States,New York City,New York,East,Office Supplies,Binders,971.176,3,314.2719,323.7253333,0.323599327,4,FALSE
2020,November,14,46,Standard Class,Consumer,United States,New York City,New York,East,Office Supplies,Binders,121.64,2,3.024,60.82,0.02486024334,4,FALSE
2020,November,26,48,Standard Class,Home Office,United States,New York City,New York,East,Office Supplies,Binders,135.344,4,32.6704,33.836,0.2413878709,4,FALSE
2020,December,3,49,Standard Class,Consumer,United States,New York City,New York,East,Office Supplies,Binders,116.92,5,29.372,23.384,0.2512145056,4,FALSE
2020,December,3,49,Standard Class,Consumer,United States,New York City,New York,East,Office Supplies,Binders,110.624,2,5.1184,55.312,0.04626844084,4,FALSE
2020,December,11,50,Standard Class,Consumer,United States,New York City,New York,East,Office Supplies,Binders,415.952,1,5.0463,415.952,0.01213192868,4,FALSE
2020,December,11,50,Standard Class,Consumer,United States,New York City,New York,East,Office Supplies,Binders,398.36,4,7.884,99.59,0.01979114369,4,FALSE
2020,December,17,51,Standard Class,Consumer,United States,New York City,New York,East,Office Supplies,Binders,444.816,3,8.3754,148.272,0.01882890903,4,FALSE
2020,December,20,52,Standard Class,Corporate,United States,New York City,New York,East,Office Supplies,Binders,489.352,3,17.6232,163.1173333,0.03601334009,4,TRUE
2020,December,24,52,Standard Class,Consumer,United States,New York City,New York,East,Office Supplies,Binders,362.88,3,5.5875,120.96,0.01539765212,4,FALSE
2020,December,28,53,Standard Class,Consumer,United States,New York City,New York,East,Office Supplies,Binders,158.264,7,11.2266,22.60914286,0.07093590456,4,FALSE
2020,December,30,53,Standard Class,Consumer,United States,New York City,New York,East,Office Supplies,Binders,462.776,3,19.791,154.2586667,0.04276583055,4,FALSE
2019,July,7,28,Standard Class,Home Office,United States,Philadelphia,Pennsylvania,East,Office Supplies,Binders,5.715,5,-4.7625,1.143,-0.8333333333,3,TRUE
2019,July,7,28,Standard Class,Home Office,United States,Philadelphia,Pennsylvania,East,Office Supplies,Binders,9.42,5,-7.85,1.884,-0.8333333333,3,TRUE
2019,August,11,33,Standard Class,Home Office,United States,Tulsa,Oklahoma,Central,Office Supplies,Binders,41.86,7,19.2556,5.98,0.46,3,TRUE
2019,August,11,33,Standard Class,Home Office,United States,Tulsa,Oklahoma,Central,Office Supplies,Binders,77.56,2,35.6776,38.78,0.46,3,TRUE
2019,November,10,46,Standard Class,Home Office,United States,Springfield,Ohio,East,Office Supplies,Binders,69.888,7,-46.592,9.984,-0.6666666667,4,TRUE
2019,December,8,50,Standard Class,Home Office,United States,Columbus,Ohio,East,Office Supplies,Binders,12.957,7,-9.5018,1.851,-0.7333333333,4,TRUE
2020,June,21,26,Standard Class,Home Office,United States,Wheeling,West Virginia,East,Office Supplies,Binders,131.4,5,40.376,26.28,0.3072754947,2,TRUE
2020,June,21,26,Standard Class,Home Office,United States,Wheeling,West Virginia,East,Office Supplies,Binders,99.24,2,3.0576,49.62,0.03081015719,2,TRUE
2019,January,31,5,Standard Class,Home Office,United States,Atlanta,Georgia,South,Office Supplies,Binders,1270.99,1,635.495,1270.99,0.5,1,FALSE
2019,February,21,8,Standard Class,Home Office,United States,Tampa,Florida,South,Office Supplies,Binders,3.762,3,-2.7588,1.254,-0.7333333333,1,FALSE
2019,February,21,8,Standard Class,Home Office,United States,Tampa,Florida,South,Office Supplies,Binders,34.86,2,-26.726,17.43,-0.7666666667,1,FALSE
2019,March,6,10,Standard Class,Home Office,United States,Philadelphia,Pennsylvania,East,Office Supplies,Binders,2.043,1,-1.4982,2.043,-0.7333333333,1,FALSE
2019,March,8,10,Standard Class,Home Office,United States,Dallas,Texas,Central,Office Supplies,Binders,8.856,9,-14.1696,0.984,-1.6,1,FALSE
2019,March,13,11,Standard Class,Home Office,United States,Waynesboro,Virginia,South,Office Supplies,Binders,46,4,20.7,11.5,0.45,1,FALSE
2019,April,8,15,Standard Class,Home Office,United States,Troy,Ohio,East,Office Supplies,Binders,121.104,6,-100.92,20.184,-0.8333333333,2,FALSE
2019,April,15,16,Standard Class,Home Office,United States,Gastonia,North Carolina,South,Office Supplies,Binders,189.588,2,-145.3508,94.794,-0.7666666667,2,FALSE
2019,April,22,17,Standard Class,Home Office,United States,Phoenix,Arizona,West,Office Supplies,Binders,28.485,5,-20.889,5.697,-0.7333333333,2,FALSE
2019,April,24,17,Standard Class,Home Office,United States,Colorado Springs,Colorado,West,Office Supplies,Binders,3.108,2,-2.1756,1.554,-0.7,2,FALSE
2019,May,15,20,Standard Class,Home Office,United States,Jackson,Mississippi,South,Office Supplies,Binders,511.84,8,240.5648,63.98,0.47,2,FALSE
2019,June,20,25,Standard Class,Home Office,United States,Philadelphia,Pennsylvania,East,Office Supplies,Binders,29.718,6,-21.7932,4.953,-0.7333333333,2,FALSE
2019,July,23,30,Standard Class,Home Office,United States,Rockford,Illinois,Central,Office Supplies,Binders,11.416,4,-18.8364,2.854,-1.65,3,FALSE
2019,July,30,31,Standard Class,Home Office,United States,Houston,Texas,Central,Office Supplies,Binders,9.264,3,-13.896,3.088,-1.5,3,FALSE
2019,August,9,32,Standard Class,Home Office,United States,Hendersonville,Tennessee,South,Office Supplies,Binders,4.338,3,-3.0366,1.446,-0.7,3,FALSE
2019,August,9,32,Standard Class,Home Office,United States,Hendersonville,Tennessee,South,Office Supplies,Binders,11.88,5,-7.92,2.376,-0.6666666667,3,FALSE
2019,August,29,35,Standard Class,Home Office,United States,Chicago,Illinois,Central,Office Supplies,Binders,1.788,3,-3.0396,0.596,-1.7,3,FALSE
2019,September,11,37,Standard Class,Home Office,United States,Toledo,Ohio,East,Office Supplies,Binders,22.428,3,-17.9424,7.476,-0.8,3,FALSE
2019,October,4,40,Standard Class,Home Office,United States,Providence,Rhode Island,East,Office Supplies,Binders,30.4,1,13.984,30.4,0.46,4,FALSE
2019,October,15,42,Standard Class,Home Office,United States,Salt Lake City,Utah,West,Office Supplies,Binders,41.72,5,13.0375,8.344,0.3125,4,FALSE
2019,October,15,42,Standard Class,Home Office,United States,Oklahoma City,Oklahoma,Central,Office Supplies,Binders,121.6,4,55.936,30.4,0.46,4,FALSE
2019,October,21,43,Standard Class,Home Office,United States,Fort Lauderdale,Florida,South,Office Supplies,Binders,28.752,8,-21.0848,3.594,-0.7333333333,4,FALSE
2019,November,5,45,Standard Class,Home Office,United States,Lawrence,Indiana,Central,Office Supplies,Binders,104.9,5,50.352,20.98,0.48,4,FALSE
2019,November,11,46,Standard Class,Home Office,United States,Apopka,Florida,South,Office Supplies,Binders,9.888,2,-6.9216,4.944,-0.7,4,FALSE
2019,November,13,46,Standard Class,Home Office,United States,Highland Park,Illinois,Central,Office Supplies,Binders,3.136,2,-4.704,1.568,-1.5,4,FALSE
2019,November,19,47,Standard Class,Home Office,United States,Niagara Falls,New York,East,Office Supplies,Binders,17.712,3,6.4206,5.904,0.3625,4,FALSE
2019,December,20,51,Standard Class,Home Office,United States,Jackson,Mississippi,South,Office Supplies,Binders,15.42,2,6.939,7.71,0.45,4,FALSE
2020,January,6,2,Standard Class,Home Office,United States,Tuscaloosa,Alabama,South,Office Supplies,Binders,147.74,7,15.5204,21.10571429,0.1050521186,1,FALSE
2020,January,21,4,Standard Class,Home Office,United States,Jackson,Michigan,Central,Office Supplies,Binders,109.52,4,42.0744,27.38,0.3841709277,1,FALSE
2020,January,21,4,Standard Class,Home Office,United States,Seattle,Washington,West,Office Supplies,Binders,116.696,6,33.6474,19.44933333,0.2883337904,1,FALSE
2020,January,21,4,Standard Class,Home Office,United States,Jackson,Michigan,Central,Office Supplies,Binders,87.4,5,7.056,17.48,0.08073226545,1,FALSE
2020,January,21,4,Standard Class,Home Office,United States,Seattle,Washington,West,Office Supplies,Binders,92.936,4,9.4284,23.234,0.1014504605,1,FALSE
2020,January,21,4,Standard Class,Home Office,United States,Seattle,Washington,West,Office Supplies,Binders,132.72,5,6.552,26.544,0.04936708861,1,FALSE
2020,January,21,4,Standard Class,Home Office,United States,Charlotte,North Carolina,South,Office Supplies,Binders,160.784,7,-28.6272,22.96914286,-0.1780475669,1,FALSE
2020,January,23,4,Standard Class,Home Office,United States,Tucson,Arizona,West,Office Supplies,Binders,109.938,2,-3.6212,54.969,-0.03293856537,1,FALSE
2020,March,11,11,Standard Class,Home Office,United States,Philadelphia,Pennsylvania,East,Office Supplies,Binders,107.294,1,-8.6058,107.294,-0.08020765374,1,FALSE
2020,March,17,12,Standard Class,Home Office,United States,Houston,Texas,Central,Office Supplies,Binders,119.776,6,-22.0416,19.96266667,-0.1840235106,1,FALSE
2020,March,21,12,Standard Class,Home Office,United States,Seattle,Washington,West,Office Supplies,Binders,127.576,6,10.3194,21.26266667,0.08088825484,1,FALSE
2020,April,7,15,Standard Class,Home Office,United States,Tampa,Florida,South,Office Supplies,Binders,106.328,2,-3.552,53.164,-0.03340606425,2,FALSE
2020,April,11,15,Standard Class,Home Office,United States,Lubbock,Texas,Central,Office Supplies,Binders,142.364,3,-17.046,47.45466667,-0.1197353263,2,FALSE
2020,April,17,16,Standard Class,Home Office,United States,Louisville,Colorado,West,Office Supplies,Binders,100.964,6,-6.5736,16.82733333,-0.06510835545,2,FALSE
2020,April,17,16,Standard Class,Home Office,United States,Louisville,Colorado,West,Office Supplies,Binders,138.594,2,-15.8356,69.297,-0.1142589145,2,FALSE
2020,April,17,16,Standard Class,Home Office,United States,Louisville,Colorado,West,Office Supplies,Binders,127.03,5,-9.223,25.406,-0.07260489648,2,FALSE
2020,April,30,18,Standard Class,Home Office,United States,Sanford,Florida,South,Office Supplies,Binders,126.842,3,-3.5508,42.28066667,-0.02799388215,2,FALSE
2020,April,30,18,Standard Class,Home Office,United States,Danville,Illinois,Central,Office Supplies,Binders,123.372,7,-69.3952,17.62457143,-0.5624874364,2,FALSE
2020,May,25,22,Standard Class,Home Office,United States,Columbus,Georgia,South,Office Supplies,Binders,145.84,2,13.428,72.92,0.09207350521,2,FALSE
2020,May,27,22,Standard Class,Home Office,United States,Louisville,Kentucky,South,Office Supplies,Binders,165.34,2,28.0032,82.67,0.1693673642,2,FALSE
2020,June,12,24,Standard Class,Home Office,United States,Columbus,Georgia,South,Office Supplies,Binders,126.2,3,41.952,42.06666667,0.3324247227,2,FALSE
2020,June,19,25,Standard Class,Home Office,United States,Dallas,Texas,Central,Office Supplies,Binders,111.888,3,-11.0208,37.296,-0.0984984985,2,FALSE
2020,June,22,26,Standard Class,Home Office,United States,Philadelphia,Pennsylvania,East,Office Supplies,Binders,113.332,3,-7.5768,37.77733333,-0.06685490418,2,FALSE
2020,June,22,26,Standard Class,Home Office,United States,Philadelphia,Pennsylvania,East,Office Supplies,Binders,150.155,5,-23.8855,30.031,-0.159072292,2,FALSE
2020,June,30,27,Standard Class,Home Office,United States,Las Vegas,Nevada,West,Office Supplies,Binders,117.792,3,25.5798,39.264,0.2171607579,2,FALSE
2020,July,1,27,Standard Class,Home Office,United States,Indianapolis,Indiana,Central,Office Supplies,Binders,185.99,1,78.1954,185.99,0.42042798,3,FALSE
2020,July,8,28,Standard Class,Home Office,United States,Seattle,Washington,West,Office Supplies,Binders,122.376,3,30.2316,40.792,0.247038635,3,FALSE
2020,July,21,30,Standard Class,Home Office,United States,Cleveland,Ohio,East,Office Supplies,Binders,127.93,3,-22.62,42.64333333,-0.1768154459,3,FALSE
2020,July,31,31,Standard Class,Home Office,United States,Wilmington,Delaware,East,Office Supplies,Binders,877.95,5,390.977,175.59,0.4453294607,3,FALSE
2020,July,31,31,Standard Class,Home Office,United States,Wilmington,Delaware,East,Office Supplies,Binders,130.01,3,5.3949,43.33666667,0.04149603877,3,FALSE
2020,August,17,34,Standard Class,Home Office,United States,Louisville,Kentucky,South,Office Supplies,Binders,137.93,3,48.3771,45.97666667,0.3507366055,3,FALSE
2020,August,28,35,Standard Class,Home Office,United States,Seattle,Washington,West,Office Supplies,Binders,143.68,5,32.396,28.736,0.2254732739,3,FALSE
2020,September,7,37,Standard Class,Home Office,United States,Independence,Missouri,Central,Office Supplies,Binders,1600.94,3,757.4112,533.6466667,0.4731040514,3,FALSE
2020,September,10,37,Standard Class,Home Office,United States,Chicago,Illinois,Central,Office Supplies,Binders,804.594,3,-1143.891,268.198,-1.42169964,3,FALSE
2020,September,24,39,Standard Class,Home Office,United States,Hollywood,Florida,South,Office Supplies,Binders,94.57,3,-11.418,31.52333333,-0.1207359628,3,FALSE
2020,September,30,40,Standard Class,Home Office,United States,Arlington,Texas,Central,Office Supplies,Binders,127.646,9,-17.469,14.18288889,-0.1368550523,3,FALSE
2020,October,7,41,Standard Class,Home Office,United States,Charlotte,North Carolina,South,Office Supplies,Binders,138.454,6,-33.636,23.07566667,-0.2429398934,4,FALSE
2020,October,14,42,Standard Class,Home Office,United States,Chicago,Illinois,Central,Office Supplies,Binders,111.456,1,-23.548,111.456,-0.2112761987,4,FALSE
2020,October,14,42,Standard Class,Home Office,United States,Chicago,Illinois,Central,Office Supplies,Binders,130.396,9,-42.4638,14.48844444,-0.3256526274,4,FALSE
2020,October,14,42,Standard Class,Home Office,United States,Columbia,Maryland,East,Office Supplies,Binders,150.66,7,18.4534,21.52285714,0.1224837382,4,FALSE
2020,October,19,43,Standard Class,Home Office,United States,Burlington,North Carolina,South,Office Supplies,Binders,1677.188,4,-1306.5504,419.297,-0.77901249,4,FALSE
2020,October,21,43,Standard Class,Home Office,United States,Lakewood,Ohio,East,Office Supplies,Binders,118.216,4,-4.9728,29.554,-0.04206537186,4,FALSE
2020,November,6,45,Standard Class,Home Office,United States,Portland,Oregon,West,Office Supplies,Binders,82.682,1,-3.788,82.682,-0.04581408287,4,FALSE
2020,November,11,46,Standard Class,Home Office,United States,Milwaukee,Wisconsin,Central,Office Supplies,Binders,90.24,3,8.5728,30.08,0.095,4,FALSE
2020,November,12,46,Standard Class,Home Office,United States,Dallas,Texas,Central,Office Supplies,Binders,152.56,5,-45.84,30.512,-0.3004719455,4,FALSE
2020,November,24,48,Standard Class,Home Office,United States,Richmond,Kentucky,South,Office Supplies,Binders,117.88,1,1.4112,117.88,0.01197149644,4,FALSE
2020,December,2,49,Standard Class,Home Office,United States,Tampa,Florida,South,Office Supplies,Binders,133.66,5,-33.484,26.732,-0.2505162352,4,FALSE
2020,December,16,51,Standard Class,Home Office,United States,Rochester,New York,East,Office Supplies,Binders,277.376,4,10.43,69.344,0.03760238809,4,FALSE
2020,December,26,52,Standard Class,Home Office,United States,Columbus,Ohio,East,Office Supplies,Binders,308.132,2,-2.61,154.066,-0.008470395804,4,FALSE
2020,December,28,53,Standard Class,Home Office,United States,Fargo,North Dakota,Central,Office Supplies,Binders,296.9,5,12.691,59.38,0.042745032,4,FALSE
2019,April,21,17,Standard Class,Corporate,United States,Chicago,Illinois,Central,Office Supplies,Binders,44.848,8,-67.272,5.606,-1.5,2,TRUE
2019,June,2,23,Standard Class,Corporate,United States,Seattle,Washington,West,Office Supplies,Binders,51.648,12,18.7224,4.304,0.3625,2,TRUE
2019,June,2,23,Standard Class,Corporate,United States,Seattle,Washington,West,Office Supplies,Binders,11.232,3,3.9312,3.744,0.35,2,TRUE
2019,September,15,38,Standard Class,Corporate,United States,Twin Falls,Idaho,West,Office Supplies,Binders,20.416,4,6.6352,5.104,0.325,3,TRUE
2019,November,10,46,Standard Class,Corporate,United States,Springfield,Missouri,Central,Office Supplies,Binders,81.96,2,39.3408,40.98,0.48,4,TRUE
2019,December,29,53,Standard Class,Corporate,United States,Bristol,Tennessee,South,Office Supplies,Binders,38.088,4,-27.9312,9.522,-0.7333333333,4,TRUE
2019,December,29,53,Standard Class,Corporate,United States,Bristol,Tennessee,South,Office Supplies,Binders,2.808,3,-1.9656,0.936,-0.7,4,TRUE
2020,January,12,3,Standard Class,Corporate,United States,Dallas,Texas,Central,Office Supplies,Binders,790.98,5,-1141.47,158.196,-1.443108549,1,TRUE
2020,May,3,19,Standard Class,Corporate,United States,Philadelphia,Pennsylvania,East,Office Supplies,Binders,112.388,4,-17.592,28.097,-0.1565291668,2,TRUE
2020,May,3,19,Standard Class,Corporate,United States,Philadelphia,Pennsylvania,East,Office Supplies,Binders,155.2,5,-44.94,31.04,-0.2895618557,2,TRUE
2020,July,5,28,Standard Class,Corporate,United States,Dallas,Texas,Central,Office Supplies,Binders,78.316,1,-10.4214,78.316,-0.1330685939,3,TRUE
2020,July,5,28,Standard Class,Corporate,United States,Dallas,Texas,Central,Office Supplies,Binders,117.394,9,-17.6607,13.04377778,-0.1504395455,3,TRUE
2020,December,20,52,Standard Class,Corporate,United States,Rochester,New York,East,Office Supplies,Binders,3269.984,1,2.3571,3269.984,0.0007208292151,4,TRUE
2019,January,3,1,Standard Class,Corporate,United States,Broken Arrow,Oklahoma,Central,Office Supplies,Binders,11.88,2,5.346,5.94,0.45,1,FALSE
2019,January,4,1,Standard Class,Corporate,United States,Philadelphia,Pennsylvania,East,Office Supplies,Binders,104.58,6,-80.178,17.43,-0.7666666667,1,FALSE
2019,January,8,2,Standard Class,Corporate,United States,Franklin,Wisconsin,Central,Office Supplies,Binders,106.05,7,49.8435,15.15,0.47,1,FALSE
2019,March,15,11,Standard Class,Corporate,United States,Bryan,Texas,Central,Office Supplies,Binders,22.386,7,-35.8176,3.198,-1.6,1,FALSE
2019,March,19,12,Standard Class,Corporate,United States,Nashville,Tennessee,South,Office Supplies,Binders,31.086,3,-20.724,10.362,-0.6666666667,1,FALSE
2019,March,27,13,Standard Class,Corporate,United States,Columbus,Georgia,South,Office Supplies,Binders,32.54,2,15.9446,16.27,0.49,1,FALSE
2019,April,9,15,Standard Class,Corporate,United States,Seattle,Washington,West,Office Supplies,Binders,35.352,9,12.8151,3.928,0.3625,2,FALSE
2019,April,16,16,Standard Class,Corporate,United States,Lakewood,New Jersey,East,Office Supplies,Binders,25.3,5,11.891,5.06,0.47,2,FALSE
2019,May,9,19,Standard Class,Corporate,United States,Austin,Texas,Central,Office Supplies,Binders,13.184,4,-20.4352,3.296,-1.55,2,FALSE
2019,May,9,19,Standard Class,Corporate,United States,Austin,Texas,Central,Office Supplies,Binders,18.528,6,-27.792,3.088,-1.5,2,FALSE
2019,May,14,20,Standard Class,Corporate,United States,Jacksonville,Florida,South,Office Supplies,Binders,57.582,3,-44.1462,19.194,-0.7666666667,2,FALSE
2019,May,14,20,Standard Class,Corporate,United States,Jacksonville,Florida,South,Office Supplies,Binders,10.38,2,-7.612,5.19,-0.7333333333,2,FALSE
2019,May,14,20,Standard Class,Corporate,United States,Jacksonville,Florida,South,Office Supplies,Binders,13.392,8,-9.8208,1.674,-0.7333333333,2,FALSE
2019,May,17,20,Standard Class,Corporate,United States,Apopka,Florida,South,Office Supplies,Binders,2.952,2,-2.1648,1.476,-0.7333333333,2,FALSE
2019,May,17,20,Standard Class,Corporate,United States,Apopka,Florida,South,Office Supplies,Binders,27.018,6,-21.6144,4.503,-0.8,2,FALSE
2019,May,21,21,Standard Class,Corporate,United States,Dallas,Texas,Central,Office Supplies,Binders,1.964,2,-3.2406,0.982,-1.65,2,FALSE
2019,May,21,21,Standard Class,Corporate,United States,Chicago,Illinois,Central,Office Supplies,Binders,3.798,3,-5.8869,1.266,-1.55,2,FALSE
2019,May,30,22,Standard Class,Corporate,United States,Parker,Colorado,West,Office Supplies,Binders,22.62,2,-15.08,11.31,-0.6666666667,2,FALSE
2019,May,30,22,Standard Class,Corporate,United States,Parker,Colorado,West,Office Supplies,Binders,14.952,2,-11.9616,7.476,-0.8,2,FALSE
2019,May,30,22,Standard Class,Corporate,United States,Parker,Colorado,West,Office Supplies,Binders,2.376,3,-1.9008,0.792,-0.8,2,FALSE
2019,June,11,24,Standard Class,Corporate,United States,Arlington,Texas,Central,Office Supplies,Binders,1.344,4,-2.1504,0.336,-1.6,2,FALSE
2019,June,11,24,Standard Class,Corporate,United States,Arlington,Texas,Central,Office Supplies,Binders,8.272,4,-13.6488,2.068,-1.65,2,FALSE
2019,June,17,25,Standard Class,Corporate,United States,Waterbury,Connecticut,East,Office Supplies,Binders,7.96,2,3.7412,3.98,0.47,2,FALSE
2019,June,21,25,Standard Class,Corporate,United States,Chicago,Illinois,Central,Office Supplies,Binders,0.836,1,-1.3376,0.836,-1.6,2,FALSE
2019,June,25,26,Standard Class,Corporate,United States,York,Pennsylvania,East,Office Supplies,Binders,38.088,4,-27.9312,9.522,-0.7333333333,2,FALSE
2019,July,18,29,Standard Class,Corporate,United States,Denver,Colorado,West,Office Supplies,Binders,1.872,3,-1.4352,0.624,-0.7666666667,3,FALSE
2019,July,22,30,Standard Class,Corporate,United States,Columbia,Maryland,East,Office Supplies,Binders,5.4,3,2.592,1.8,0.48,3,FALSE
2019,August,29,35,Standard Class,Corporate,United States,Philadelphia,Pennsylvania,East,Office Supplies,Binders,3.486,2,-2.7888,1.743,-0.8,3,FALSE
2019,September,23,39,Standard Class,Corporate,United States,Seattle,Washington,West,Office Supplies,Binders,13.216,4,4.4604,3.304,0.3375,3,FALSE
2019,September,25,39,Standard Class,Corporate,United States,Tigard,Oregon,West,Office Supplies,Binders,5.022,1,-3.5154,5.022,-0.7,3,FALSE
2019,September,27,39,Standard Class,Corporate,United States,Lancaster,Ohio,East,Office Supplies,Binders,2.907,3,-2.0349,0.969,-0.7,3,FALSE
2019,October,2,40,Standard Class,Corporate,United States,Lafayette,Indiana,Central,Office Supplies,Binders,735.98,2,331.191,367.99,0.45,4,FALSE
2019,October,2,40,Standard Class,Corporate,United States,Lafayette,Indiana,Central,Office Supplies,Binders,34.37,7,16.8413,4.91,0.49,4,FALSE
2019,October,10,41,Standard Class,Corporate,United States,Greensboro,North Carolina,South,Office Supplies,Binders,4.095,3,-2.73,1.365,-0.6666666667,4,FALSE
2019,October,15,42,Standard Class,Corporate,United States,Springfield,Virginia,South,Office Supplies,Binders,232.96,7,116.48,33.28,0.5,4,FALSE
2019,October,21,43,Standard Class,Corporate,United States,Newark,Delaware,East,Office Supplies,Binders,7.92,4,3.564,1.98,0.45,4,FALSE
2019,October,28,44,Standard Class,Corporate,United States,Belleville,New Jersey,East,Office Supplies,Binders,14.28,1,6.5688,14.28,0.46,4,FALSE
2019,October,28,44,Standard Class,Corporate,United States,Greenville,North Carolina,South,Office Supplies,Binders,17.616,4,-14.0928,4.404,-0.8,4,FALSE
2019,November,20,47,Standard Class,Corporate,United States,Columbus,Indiana,Central,Office Supplies,Binders,4.91,1,2.3077,4.91,0.47,4,FALSE
2019,November,25,48,Standard Class,Corporate,United States,Jackson,Michigan,Central,Office Supplies,Binders,17.3,1,8.304,17.3,0.48,4,FALSE
2019,November,26,48,Standard Class,Corporate,United States,Seattle,Washington,West,Office Supplies,Binders,7.312,2,2.5592,3.656,0.35,4,FALSE
2019,November,28,48,Standard Class,Corporate,United States,Palm Coast,Florida,South,Office Supplies,Binders,7.434,6,-5.6994,1.239,-0.7666666667,4,FALSE
2019,November,28,48,Standard Class,Corporate,United States,Philadelphia,Pennsylvania,East,Office Supplies,Binders,6.888,2,-5.0512,3.444,-0.7333333333,4,FALSE
2019,December,2,49,Standard Class,Corporate,United States,Marion,Iowa,Central,Office Supplies,Binders,115.84,8,54.4448,14.48,0.47,4,FALSE
2019,December,5,49,Standard Class,Corporate,United States,Franklin,Wisconsin,Central,Office Supplies,Binders,171.55,5,80.6285,34.31,0.47,4,FALSE
2019,December,6,49,Standard Class,Corporate,United States,Hempstead,New York,East,Office Supplies,Binders,968.744,7,314.8418,138.392,0.325,4,FALSE
2019,December,6,49,Standard Class,Corporate,United States,Hempstead,New York,East,Office Supplies,Binders,222.352,13,77.8232,17.104,0.35,4,FALSE
2019,December,17,51,Standard Class,Corporate,United States,Carlsbad,New Mexico,West,Office Supplies,Binders,13.488,2,4.3836,6.744,0.325,4,FALSE
2019,December,17,51,Standard Class,Corporate,United States,Carlsbad,New Mexico,West,Office Supplies,Binders,11.416,1,3.8529,11.416,0.3375,4,FALSE
2019,December,18,51,Standard Class,Corporate,United States,Morristown,New Jersey,East,Office Supplies,Binders,1793.98,2,843.1706,896.99,0.47,4,FALSE
2019,December,19,51,Standard Class,Corporate,United States,Tucson,Arizona,West,Office Supplies,Binders,10.44,6,-7.656,1.74,-0.7333333333,4,FALSE
2019,December,19,51,Standard Class,Corporate,United States,Tucson,Arizona,West,Office Supplies,Binders,5.214,2,-4.1712,2.607,-0.8,4,FALSE
2019,December,19,51,Standard Class,Corporate,United States,Chicago,Illinois,Central,Office Supplies,Binders,1.8,5,-2.88,0.36,-1.6,4,FALSE
2019,December,31,53,Standard Class,Corporate,United States,Reno,Nevada,West,Office Supplies,Binders,159.768,7,53.9217,22.824,0.3375,4,FALSE
2020,January,23,4,Standard Class,Corporate,United States,Seattle,Washington,West,Office Supplies,Binders,140.68,5,6.888,28.136,0.04896218368,1,FALSE
2020,January,30,5,Standard Class,Corporate,United States,Des Moines,Iowa,Central,Office Supplies,Binders,111.71,1,3.4695,111.71,0.03105809686,1,FALSE
2020,January,30,5,Standard Class,Corporate,United States,Des Moines,Iowa,Central,Office Supplies,Binders,116.28,2,9.14,58.14,0.07860337117,1,FALSE
2020,January,30,5,Standard Class,Corporate,United States,Des Moines,Iowa,Central,Office Supplies,Binders,162.35,5,16.175,32.47,0.09963042809,1,FALSE
2020,March,2,10,Standard Class,Corporate,United States,Dallas,Texas,Central,Office Supplies,Binders,110.222,7,-20.1663,15.746,-0.1829607519,1,FALSE
2020,March,10,11,Standard Class,Corporate,United States,Raleigh,North Carolina,South,Office Supplies,Binders,112.092,4,-10.0372,28.023,-0.08954430289,1,FALSE
2020,March,28,13,Standard Class,Corporate,United States,Jacksonville,Florida,South,Office Supplies,Binders,105.742,9,-48.1194,11.74911111,-0.4550642129,1,FALSE
2020,April,6,15,Standard Class,Corporate,United States,Chattanooga,Tennessee,South,Office Supplies,Binders,114.1,5,-5.94,22.82,-0.05205959684,2,FALSE
2020,April,8,15,Standard Class,Corporate,United States,Roswell,Georgia,South,Office Supplies,Binders,2704.97,3,1264.7559,901.6566667,0.4675674407,2,FALSE
2020,April,9,15,Standard Class,Corporate,United States,York,Pennsylvania,East,Office Supplies,Binders,160.896,4,-29.0536,40.224,-0.1805737868,2,FALSE
2020,April,30,18,Standard Class,Corporate,United States,Philadelphia,Pennsylvania,East,Office Supplies,Binders,108.896,3,-9.264,36.29866667,-0.0850719953,2,FALSE
2020,May,4,19,Standard Class,Corporate,United States,Philadelphia,Pennsylvania,East,Office Supplies,Binders,92.202,2,-1.5414,46.101,-0.0167176417,2,FALSE
2020,May,4,19,Standard Class,Corporate,United States,Philadelphia,Pennsylvania,East,Office Supplies,Binders,93.396,3,-7.5168,31.132,-0.0804831042,2,FALSE
2020,May,5,19,Standard Class,Corporate,United States,Columbus,Georgia,South,Office Supplies,Binders,150.5,3,15.525,50.16666667,0.1031561462,2,FALSE
2020,May,6,19,Standard Class,Corporate,United States,Fort Worth,Texas,Central,Office Supplies,Binders,110.06,10,-18.802,11.006,-0.1708340905,2,FALSE
2020,May,13,20,Standard Class,Corporate,United States,Columbus,Indiana,Central,Office Supplies,Binders,935.97,3,411.7365,311.99,0.4399035225,2,FALSE
2020,May,18,21,Standard Class,Corporate,United States,Mcallen,Texas,Central,Office Supplies,Binders,80.996,1,-3.2934,80.996,-0.04066126722,2,FALSE
2020,May,18,21,Standard Class,Corporate,United States,Mcallen,Texas,Central,Office Supplies,Binders,105.874,7,-10.6547,15.12485714,-0.1006356613,2,FALSE
2020,May,19,21,Standard Class,Corporate,United States,Huntsville,Alabama,South,Office Supplies,Binders,131.16,4,12.8184,32.79,0.09773101555,2,FALSE
2020,May,27,22,Standard Class,Corporate,United States,Greensboro,North Carolina,South,Office Supplies,Binders,115.06,5,-10.05,23.012,-0.08734573266,2,FALSE
2020,June,1,23,Standard Class,Corporate,United States,Fremont,Nebraska,Central,Office Supplies,Binders,140.9,5,25.872,28.18,0.1836195884,2,FALSE
2020,June,4,23,Standard Class,Corporate,United States,Missouri City,Texas,Central,Office Supplies,Binders,115.37,7,-9.555,16.48142857,-0.0828204906,2,FALSE
2020,June,16,25,Standard Class,Corporate,United States,Chicago,Illinois,Central,Office Supplies,Binders,107.936,7,-8.904,15.41942857,-0.08249332938,2,FALSE
2020,June,24,26,Standard Class,Corporate,United States,Decatur,Illinois,Central,Office Supplies,Binders,207.994,3,-320.2395,69.33133333,-1.539657394,2,FALSE
2020,July,6,28,Standard Class,Corporate,United States,Philadelphia,Pennsylvania,East,Office Supplies,Binders,74.946,2,-2.2586,37.473,-0.03013636485,3,FALSE
2020,July,20,30,Standard Class,Corporate,United States,Maple Grove,Minnesota,Central,Office Supplies,Binders,746.98,2,331.191,373.49,0.4433733166,3,FALSE
2020,July,20,30,Standard Class,Corporate,United States,Sioux Falls,South Dakota,Central,Office Supplies,Binders,155,5,20.21,31,0.1303870968,3,FALSE
2020,July,20,30,Standard Class,Corporate,United States,Sioux Falls,South Dakota,Central,Office Supplies,Binders,144.83,7,30.415,20.69,0.2100048333,3,FALSE
2020,July,31,31,Standard Class,Corporate,United States,Milwaukee,Wisconsin,Central,Office Supplies,Binders,103.52,4,8.4096,25.88,0.08123647604,3,FALSE
2020,August,4,32,Standard Class,Corporate,United States,Carrollton,Texas,Central,Office Supplies,Binders,126.318,3,-5.6406,42.106,-0.04465396856,3,FALSE
2020,August,18,34,Standard Class,Corporate,United States,Seattle,Washington,West,Office Supplies,Binders,2831.528,9,942.8157,314.6142222,0.3329706434,3,FALSE
2020,August,19,34,Standard Class,Corporate,United States,Lawrence,Massachusetts,East,Office Supplies,Binders,404.99,1,182.3553,404.99,0.4502711178,3,FALSE
2020,September,9,37,Standard Class,Corporate,United States,Philadelphia,Pennsylvania,East,Office Supplies,Binders,94.036,2,-2.3276,47.018,-0.02475222255,3,FALSE
2020,September,9,37,Standard Class,Corporate,United States,Philadelphia,Pennsylvania,East,Office Supplies,Binders,124.503,1,-3.6024,124.503,-0.02893424255,3,FALSE
2020,September,22,39,Standard Class,Corporate,United States,Pearland,Texas,Central,Office Supplies,Binders,112.228,7,-18.5262,16.03257143,-0.1650764515,3,FALSE
2020,September,22,39,Standard Class,Corporate,United States,Milwaukee,Wisconsin,Central,Office Supplies,Binders,130.04,8,15.5288,16.255,0.1194155644,3,FALSE
2020,September,28,40,Standard Class,Corporate,United States,Philadelphia,Pennsylvania,East,Office Supplies,Binders,97.655,1,-1.8585,97.655,-0.0190312836,3,FALSE
2020,October,1,40,Standard Class,Corporate,United States,Seattle,Washington,West,Office Supplies,Binders,119.088,7,27.3672,17.01257143,0.2298065296,4,FALSE
2020,October,12,42,Standard Class,Corporate,United States,Albuquerque,New Mexico,West,Office Supplies,Binders,105.872,3,29.952,35.29066667,0.2829076621,4,FALSE
2020,October,21,43,Standard Class,Corporate,United States,Milwaukee,Wisconsin,Central,Office Supplies,Binders,127.9,5,10.512,25.58,0.08218921032,4,FALSE
2020,October,21,43,Standard Class,Corporate,United States,Milwaukee,Wisconsin,Central,Office Supplies,Binders,171.82,6,19.41,28.63666667,0.1129670585,4,FALSE
2020,October,26,44,Standard Class,Corporate,United States,Lancaster,Pennsylvania,East,Office Supplies,Binders,180.438,7,-65.1504,25.77685714,-0.3610680677,4,FALSE
2020,October,27,44,Standard Class,Corporate,United States,Tallahassee,Florida,South,Office Supplies,Binders,85.607,3,-3.9249,28.53566667,-0.04584788627,4,FALSE
2020,November,3,45,Standard Class,Corporate,United States,Seattle,Washington,West,Office Supplies,Binders,131.368,4,5.9696,32.842,0.04544181231,4,FALSE
2020,November,17,47,Standard Class,Corporate,United States,Seattle,Washington,West,Office Supplies,Binders,77.904,2,4.5188,38.952,0.05800472376,4,FALSE
2020,November,17,47,Standard Class,Corporate,United States,Hillsboro,Oregon,West,Office Supplies,Binders,109.158,7,-3.465,15.594,-0.03174297807,4,FALSE
2020,November,24,48,Standard Class,Corporate,United States,Memphis,Tennessee,South,Office Supplies,Binders,101.673,3,-7.782,33.891,-0.07653949426,4,FALSE
2020,November,27,48,Standard Class,Corporate,United States,Columbus,Indiana,Central,Office Supplies,Binders,510.94,3,224.073,170.3133333,0.4385505147,4,FALSE
2020,December,1,49,Standard Class,Corporate,United States,Seattle,Washington,West,Office Supplies,Binders,141.92,5,5.373,28.384,0.03785935738,4,FALSE
2020,December,2,49,Standard Class,Corporate,United States,Denver,Colorado,West,Office Supplies,Binders,113.624,8,-24.416,14.203,-0.2148841794,4,FALSE
2020,December,7,50,Standard Class,Corporate,United States,Chicago,Illinois,Central,Office Supplies,Binders,1901.99,5,-2929.4845,380.398,-1.540220769,4,FALSE
2020,December,9,50,Standard Class,Corporate,United States,Detroit,Michigan,Central,Office Supplies,Binders,130.54,2,19.5238,65.27,0.1495618201,4,FALSE
2020,December,9,50,Standard Class,Corporate,United States,Phoenix,Arizona,West,Office Supplies,Binders,118.005,3,-9.9705,39.335,-0.08449218253,4,FALSE
2020,December,24,52,Standard Class,Corporate,United States,New Bedford,Massachusetts,East,Office Supplies,Binders,264.3,5,6.15,52.86,0.02326901249,4,FALSE
2020,December,24,52,Standard Class,Corporate,United States,Meridian,Idaho,West,Office Supplies,Binders,379.312,3,7.992,126.4373333,0.02106972624,4,FALSE
2020,December,25,52,Standard Class,Corporate,United States,Everett,Washington,West,Office Supplies,Binders,272.856,1,1.3978,272.856,0.005122848682,4,FALSE
2020,December,28,53,Standard Class,Corporate,United States,Peoria,Illinois,Central,Office Supplies,Binders,398.68,5,-2.688,79.736,-0.006742249423,4,FALSE
2019,January,8,2,Standard Class,Consumer,United States,Raleigh,North Carolina,South,Office Supplies,Binders,30.828,7,-24.6624,4.404,-0.8,1,FALSE
2019,January,30,5,Standard Class,Consumer,United States,Rockford,Illinois,Central,Office Supplies,Binders,1.728,3,-2.6784,0.576,-1.55,1,FALSE
2019,February,16,7,Standard Class,Consumer,United States,Henderson,Kentucky,South,Office Supplies,Binders,5.8,1,2.61,5.8,0.45,1,FALSE
2019,March,3,10,Standard Class,Consumer,United States,Newark,Delaware,East,Office Supplies,Binders,447.86,7,219.4514,63.98,0.49,1,TRUE
2019,March,4,10,Standard Class,Consumer,United States,Mishawaka,Indiana,Central,Office Supplies,Binders,128.4,3,64.2,42.8,0.5,1,FALSE
2019,March,6,10,Standard Class,Consumer,United States,Chicago,Illinois,Central,Office Supplies,Binders,1.728,4,-2.7648,0.432,-1.6,1,FALSE
2019,March,13,11,Standard Class,Consumer,United States,San Antonio,Texas,Central,Office Supplies,Binders,1.272,2,-2.1624,0.636,-1.7,1,FALSE
2019,March,20,12,Standard Class,Consumer,United States,Salem,Oregon,West,Office Supplies,Binders,16.821,3,-12.8961,5.607,-0.7666666667,1,FALSE
2019,March,21,12,Standard Class,Consumer,United States,Chicago,Illinois,Central,Office Supplies,Binders,3.168,2,-4.752,1.584,-1.5,1,FALSE
2019,April,3,14,Standard Class,Consumer,United States,Philadelphia,Pennsylvania,East,Office Supplies,Binders,99.846,9,-83.205,11.094,-0.8333333333,2,FALSE
2019,April,8,15,Standard Class,Consumer,United States,Houston,Texas,Central,Office Supplies,Binders,1088.792,4,-1850.9464,272.198,-1.7,2,FALSE
2019,May,3,18,Standard Class,Consumer,United States,Chicago,Illinois,Central,Office Supplies,Binders,2.182,1,-3.6003,2.182,-1.65,2,FALSE
2019,May,6,19,Standard Class,Consumer,United States,Chicago,Illinois,Central,Office Supplies,Binders,3.208,2,-5.2932,1.604,-1.65,2,FALSE
2019,May,20,21,Standard Class,Consumer,United States,Port Saint Lucie,Florida,South,Office Supplies,Binders,2.694,2,-2.245,1.347,-0.8333333333,2,FALSE
2019,May,23,21,Standard Class,Consumer,United States,Philadelphia,Pennsylvania,East,Office Supplies,Binders,6.294,1,-4.196,6.294,-0.6666666667,2,FALSE
2019,May,26,22,Standard Class,Consumer,United States,Washington,District of Columbia,East,Office Supplies,Binders,9.64,2,4.4344,4.82,0.46,2,TRUE
2019,May,29,22,Standard Class,Consumer,United States,Nashville,Tennessee,South,Office Supplies,Binders,11.277,3,-8.6457,3.759,-0.7666666667,2,FALSE
2019,June,11,24,Standard Class,Consumer,United States,Seattle,Washington,West,Office Supplies,Binders,53.984,14,17.5448,3.856,0.325,2,FALSE
2019,July,8,28,Standard Class,Consumer,United States,Broomfield,Colorado,West,Office Supplies,Binders,19.968,2,-13.312,9.984,-0.6666666667,3,FALSE
2019,July,8,28,Standard Class,Consumer,United States,Broomfield,Colorado,West,Office Supplies,Binders,8.736,4,-6.1152,2.184,-0.7,3,FALSE
2019,July,8,28,Standard Class,Consumer,United States,Seattle,Washington,West,Office Supplies,Binders,19.296,3,6.03,6.432,0.3125,3,FALSE
2019,July,14,29,Standard Class,Consumer,United States,Columbus,Georgia,South,Office Supplies,Binders,36.4,5,17.108,7.28,0.47,3,TRUE
2019,July,19,29,Standard Class,Consumer,United States,Hattiesburg,Mississippi,South,Office Supplies,Binders,77.56,2,35.6776,38.78,0.46,3,FALSE
2019,July,19,29,Standard Class,Consumer,United States,Hattiesburg,Mississippi,South,Office Supplies,Binders,8.6,1,4.042,8.6,0.47,3,FALSE
2019,July,23,30,Standard Class,Consumer,United States,Mcallen,Texas,Central,Office Supplies,Binders,4.752,4,-8.316,1.188,-1.75,3,FALSE
2019,July,29,31,Standard Class,Consumer,United States,Charlotte,North Carolina,South,Office Supplies,Binders,27.396,3,-20.0904,9.132,-0.7333333333,3,FALSE
2019,August,15,33,Standard Class,Consumer,United States,Aurora,Colorado,West,Office Supplies,Binders,18.882,3,-13.8468,6.294,-0.7333333333,3,FALSE
2019,August,17,33,Standard Class,Consumer,United States,Seattle,Washington,West,Office Supplies,Binders,15.712,4,5.6956,3.928,0.3625,3,FALSE
2019,August,22,34,Standard Class,Consumer,United States,Columbus,Ohio,East,Office Supplies,Binders,3.318,2,-2.6544,1.659,-0.8,3,FALSE
2019,August,22,34,Standard Class,Consumer,United States,Houston,Texas,Central,Office Supplies,Binders,4.312,2,-6.8992,2.156,-1.6,3,FALSE
2019,August,22,34,Standard Class,Consumer,United States,Gresham,Oregon,West,Office Supplies,Binders,26.352,8,-18.4464,3.294,-0.7,3,FALSE
2019,September,1,36,Standard Class,Consumer,United States,Detroit,Michigan,Central,Office Supplies,Binders,24.1,5,11.086,4.82,0.46,3,TRUE
2019,September,1,36,Standard Class,Consumer,United States,Detroit,Michigan,Central,Office Supplies,Binders,29.52,4,14.4648,7.38,0.49,3,TRUE
2019,September,1,36,Standard Class,Consumer,United States,Detroit,Michigan,Central,Office Supplies,Binders,26.4,5,12.672,5.28,0.48,3,TRUE
2019,September,2,36,Standard Class,Consumer,United States,Charlotte,North Carolina,South,Office Supplies,Binders,22.911,7,-17.5651,3.273,-0.7666666667,3,FALSE
2019,September,2,36,Standard Class,Consumer,United States,Charlotte,North Carolina,South,Office Supplies,Binders,17.22,5,-12.628,3.444,-0.7333333333,3,FALSE
2019,September,3,36,Standard Class,Consumer,United States,Chicago,Illinois,Central,Office Supplies,Binders,8.808,3,-14.9736,2.936,-1.7,3,FALSE
2019,September,4,36,Standard Class,Consumer,United States,Georgetown,Kentucky,South,Office Supplies,Binders,113.94,6,54.6912,18.99,0.48,3,FALSE
2019,September,5,36,Standard Class,Consumer,United States,Philadelphia,Pennsylvania,East,Office Supplies,Binders,9.555,5,-7.3255,1.911,-0.7666666667,3,FALSE
2019,September,5,36,Standard Class,Consumer,United States,Lancaster,Ohio,East,Office Supplies,Binders,8.952,2,-7.46,4.476,-0.8333333333,3,FALSE
2019,September,5,36,Standard Class,Consumer,United States,Lancaster,Ohio,East,Office Supplies,Binders,8.856,6,-6.4944,1.476,-0.7333333333,3,FALSE
2019,September,6,36,Standard Class,Consumer,United States,Thomasville,North Carolina,South,Office Supplies,Binders,3.204,2,-2.4564,1.602,-0.7666666667,3,FALSE
2019,September,10,37,Standard Class,Consumer,United States,Edmonds,Washington,West,Office Supplies,Binders,14.256,3,4.455,4.752,0.3125,3,FALSE
2019,September,10,37,Standard Class,Consumer,United States,Edmonds,Washington,West,Office Supplies,Binders,39.624,3,13.8684,13.208,0.35,3,FALSE
2019,September,11,37,Standard Class,Consumer,United States,Chicago,Illinois,Central,Office Supplies,Binders,1.908,3,-3.2436,0.636,-1.7,3,FALSE
2019,September,12,37,Standard Class,Consumer,United States,Seattle,Washington,West,Office Supplies,Binders,20.704,4,7.764,5.176,0.375,3,FALSE
2019,September,14,37,Standard Class,Consumer,United States,Long Beach,New York,East,Office Supplies,Binders,673.568,2,252.588,336.784,0.375,3,FALSE
2019,September,15,38,Standard Class,Consumer,United States,Seattle,Washington,West,Office Supplies,Binders,48.664,7,15.8158,6.952,0.325,3,TRUE
2019,September,20,38,Standard Class,Consumer,United States,Grand Rapids,Michigan,Central,Office Supplies,Binders,83.7,5,41.013,16.74,0.49,3,FALSE
2019,September,22,39,Standard Class,Consumer,United States,Pembroke Pines,Florida,South,Office Supplies,Binders,7.506,9,-6.0048,0.834,-0.8,3,TRUE
2019,September,24,39,Standard Class,Consumer,United States,Broken Arrow,Oklahoma,Central,Office Supplies,Binders,6.38,1,2.9348,6.38,0.46,3,FALSE
2019,September,26,39,Standard Class,Consumer,United States,Houston,Texas,Central,Office Supplies,Binders,15.624,2,-24.9984,7.812,-1.6,3,FALSE
2019,September,29,40,Standard Class,Consumer,United States,Mobile,Alabama,South,Office Supplies,Binders,62.94,3,30.2112,20.98,0.48,3,TRUE
2019,October,13,42,Standard Class,Consumer,United States,Laredo,Texas,Central,Office Supplies,Binders,6.286,7,-11.0005,0.898,-1.75,4,TRUE
2019,October,28,44,Standard Class,Consumer,United States,Tampa,Florida,South,Office Supplies,Binders,38.19,5,-26.733,7.638,-0.7,4,FALSE
2019,November,3,45,Standard Class,Consumer,United States,Urbandale,Iowa,Central,Office Supplies,Binders,27.24,6,13.3476,4.54,0.49,4,TRUE
2019,November,5,45,Standard Class,Consumer,United States,Houston,Texas,Central,Office Supplies,Binders,3.564,3,-6.237,1.188,-1.75,4,FALSE
2019,November,5,45,Standard Class,Consumer,United States,Houston,Texas,Central,Office Supplies,Binders,12.588,3,-20.1408,4.196,-1.6,4,FALSE
2019,November,7,45,Standard Class,Consumer,United States,Seattle,Washington,West,Office Supplies,Binders,27.68,2,9.688,13.84,0.35,4,FALSE
2019,November,12,46,Standard Class,Consumer,United States,Mesa,Arizona,West,Office Supplies,Binders,6.27,5,-4.598,1.254,-0.7333333333,4,FALSE
2019,November,12,46,Standard Class,Consumer,United States,Mesa,Arizona,West,Office Supplies,Binders,4.368,7,-3.3488,0.624,-0.7666666667,4,FALSE
2019,November,14,46,Standard Class,Consumer,United States,Houston,Texas,Central,Office Supplies,Binders,2.296,2,-3.9032,1.148,-1.7,4,FALSE
2019,November,17,47,Standard Class,Consumer,United States,Carlsbad,New Mexico,West,Office Supplies,Binders,10.776,3,3.3675,3.592,0.3125,4,TRUE
2019,November,19,47,Standard Class,Consumer,United States,Houston,Texas,Central,Office Supplies,Binders,10.78,5,-17.248,2.156,-1.6,4,FALSE
2019,November,19,47,Standard Class,Consumer,United States,Houston,Texas,Central,Office Supplies,Binders,1.192,2,-2.0264,0.596,-1.7,4,FALSE
2019,November,20,47,Standard Class,Consumer,United States,Newark,Delaware,East,Office Supplies,Binders,128.4,3,62.916,42.8,0.49,4,FALSE
2019,November,22,47,Standard Class,Consumer,United States,Detroit,Michigan,Central,Office Supplies,Binders,49.44,3,24.2256,16.48,0.49,4,FALSE
2019,November,22,47,Standard Class,Consumer,United States,Houston,Texas,Central,Office Supplies,Binders,6.216,6,-9.6348,1.036,-1.55,4,FALSE
2019,November,22,47,Standard Class,Consumer,United States,Houston,Texas,Central,Office Supplies,Binders,4.488,6,-6.732,0.748,-1.5,4,FALSE
2019,November,25,48,Standard Class,Consumer,United States,Lancaster,Ohio,East,Office Supplies,Binders,456.588,2,-304.392,228.294,-0.6666666667,4,FALSE
2019,November,28,48,Standard Class,Consumer,United States,Fairfield,Connecticut,East,Office Supplies,Binders,7.16,2,3.4368,3.58,0.48,4,FALSE
2019,December,3,49,Standard Class,Consumer,United States,Philadelphia,Pennsylvania,East,Office Supplies,Binders,18.192,4,-14.5536,4.548,-0.8,4,FALSE
2019,December,4,49,Standard Class,Consumer,United States,Auburn,New York,East,Office Supplies,Binders,15.528,3,5.823,5.176,0.375,4,FALSE
2019,December,5,49,Standard Class,Consumer,United States,Seattle,Washington,West,Office Supplies,Binders,407.976,3,132.5922,135.992,0.325,4,FALSE
2019,December,6,49,Standard Class,Consumer,United States,Seattle,Washington,West,Office Supplies,Binders,59.808,3,19.4376,19.936,0.325,4,FALSE
2019,December,6,49,Standard Class,Consumer,United States,Seattle,Washington,West,Office Supplies,Binders,47.208,7,15.3426,6.744,0.325,4,FALSE
2019,December,10,50,Standard Class,Consumer,United States,Watertown,New York,East,Office Supplies,Binders,679.96,5,220.987,135.992,0.325,4,FALSE
2019,December,10,50,Standard Class,Consumer,United States,Seattle,Washington,West,Office Supplies,Binders,153.552,3,51.8238,51.184,0.3375,4,FALSE
2019,December,17,51,Standard Class,Consumer,United States,Detroit,Michigan,Central,Office Supplies,Binders,2892.74,13,4946.37,222.5184615,1.709925538,4,FALSE
2019,December,22,52,Standard Class,Consumer,United States,Redmond,Oregon,West,Office Supplies,Binders,31.32,10,-25.056,3.132,-0.8,4,TRUE
2019,December,23,52,Standard Class,Consumer,United States,Bowling Green,Ohio,East,Office Supplies,Binders,5.553,3,-4.0722,1.851,-0.7333333333,4,FALSE
2020,January,1,1,Standard Class,Consumer,United States,Huntsville,Texas,Central,Office Supplies,Binders,120.47,5,-9.705,24.094,-0.08055947539,1,FALSE
2020,January,1,1,Standard Class,Consumer,United States,Huntsville,Texas,Central,Office Supplies,Binders,137.748,14,-22.6842,9.839142857,-0.164678979,1,FALSE
2020,January,7,2,Standard Class,Consumer,United States,Ormond Beach,Florida,South,Office Supplies,Binders,93.808,3,-1.9656,31.26933333,-0.02095343681,1,FALSE
2020,January,9,2,Standard Class,Consumer,United States,Philadelphia,Pennsylvania,East,Office Supplies,Binders,311.491,3,-228.7425,103.8303333,-0.7343470598,1,FALSE
2020,January,14,3,Standard Class,Consumer,United States,Johnson City,Tennessee,South,Office Supplies,Binders,101.508,2,-1.8392,50.754,-0.01811876896,1,FALSE
2020,January,14,3,Standard Class,Consumer,United States,Johnson City,Tennessee,South,Office Supplies,Binders,122.97,5,-4.577,24.594,-0.03722046027,1,FALSE
2020,January,29,5,Standard Class,Consumer,United States,Chicago,Illinois,Central,Office Supplies,Binders,114.128,4,-20.6176,28.532,-0.1806533016,1,FALSE
2020,February,3,6,Standard Class,Consumer,United States,Cincinnati,Ohio,East,Office Supplies,Binders,936.229,3,-4.1832,312.0763333,-0.004468137603,1,FALSE
2020,February,3,6,Standard Class,Consumer,United States,Pembroke Pines,Florida,South,Office Supplies,Binders,118.882,2,-2.588,59.441,-0.02176948571,1,FALSE
2020,February,9,7,Standard Class,Consumer,United States,Houston,Texas,Central,Office Supplies,Binders,290.784,4,-417.0936,72.696,-1.434376032,1,TRUE
2020,February,24,9,Standard Class,Consumer,United States,Philadelphia,Pennsylvania,East,Office Supplies,Binders,132.956,4,-3.7996,33.239,-0.02857787539,1,FALSE
2020,February,25,9,Standard Class,Consumer,United States,Chicago,Illinois,Central,Office Supplies,Binders,529.788,3,-3.0396,176.596,-0.005737389295,1,FALSE
2020,February,28,9,Standard Class,Consumer,United States,Middletown,Connecticut,East,Office Supplies,Binders,919.84,2,4.7232,459.92,0.005134806053,1,FALSE
2020,March,2,10,Standard Class,Consumer,United States,Cuyahoga Falls,Ohio,East,Office Supplies,Binders,93.528,4,-12.352,23.382,-0.1320674023,1,FALSE
2020,March,11,11,Standard Class,Consumer,United States,Detroit,Michigan,Central,Office Supplies,Binders,924.92,4,421.0824,231.23,0.4552635904,1,FALSE
2020,March,12,11,Standard Class,Consumer,United States,Rogers,Arkansas,South,Office Supplies,Binders,122.41,9,18.5886,13.60111111,0.1518552406,1,FALSE
2020,March,13,11,Standard Class,Consumer,United States,Columbia,Maryland,East,Office Supplies,Binders,211.3,3,81.921,70.43333333,0.3876999527,1,FALSE
2020,March,18,12,Standard Class,Consumer,United States,Tyler,Texas,Central,Office Supplies,Binders,198.994,3,-320.2395,66.33133333,-1.60929224,1,FALSE
2020,March,30,14,Standard Class,Consumer,United States,Lancaster,Pennsylvania,East,Office Supplies,Binders,115.715,5,-4.7625,23.143,-0.04115715335,1,FALSE
2020,April,16,16,Standard Class,Consumer,United States,Houston,Texas,Central,Office Supplies,Binders,120.046,3,-44.2782,40.01533333,-0.3688436099,2,FALSE
2020,April,16,16,Standard Class,Consumer,United States,Houston,Texas,Central,Office Supplies,Binders,130.896,1,-4.7784,130.896,-0.0365053172,2,FALSE
2020,April,16,16,Standard Class,Consumer,United States,Columbus,Ohio,East,Office Supplies,Binders,111.71,5,-10.054,22.342,-0.09000089518,2,FALSE
2020,April,20,17,Standard Class,Consumer,United States,Detroit,Michigan,Central,Office Supplies,Binders,195.86,7,70.4928,27.98,0.3599142244,2,FALSE
2020,April,20,17,Standard Class,Consumer,United States,Detroit,Michigan,Central,Office Supplies,Binders,128.56,4,18.28,32.14,0.1421904169,2,FALSE
2020,April,21,17,Standard Class,Consumer,United States,Houston,Texas,Central,Office Supplies,Binders,119.694,3,-4.7145,39.898,-0.03938793925,2,FALSE
2020,April,21,17,Standard Class,Consumer,United States,Houston,Texas,Central,Office Supplies,Binders,99.934,3,-4.9878,33.31133333,-0.04991094122,2,FALSE
2020,April,24,17,Standard Class,Consumer,United States,Chicago,Illinois,Central,Office Supplies,Binders,104.43,5,-18.2525,20.886,-0.1747821507,2,FALSE
2020,May,4,19,Standard Class,Consumer,United States,Springfield,Ohio,East,Office Supplies,Binders,87.313,1,-1.9275,87.313,-0.02207575046,2,FALSE
2020,May,14,20,Standard Class,Consumer,United States,Cleveland,Ohio,East,Office Supplies,Binders,132.17,5,-46.536,26.434,-0.3520920027,2,FALSE
2020,May,20,21,Standard Class,Consumer,United States,Las Vegas,Nevada,West,Office Supplies,Binders,110.288,2,3.0044,55.144,0.02724140432,2,FALSE
2020,May,22,21,Standard Class,Consumer,United States,Chicago,Illinois,Central,Office Supplies,Binders,96.592,2,-2.6268,48.296,-0.02719479874,2,FALSE
2020,May,23,21,Standard Class,Consumer,United States,Houston,Texas,Central,Office Supplies,Binders,100.188,1,-1.9602,100.188,-0.01956521739,2,FALSE
2020,May,29,22,Standard Class,Consumer,United States,Columbus,Indiana,Central,Office Supplies,Binders,130.41,1,19.9686,130.41,0.1531216931,2,FALSE
2020,June,3,23,Standard Class,Consumer,United States,Pembroke Pines,Florida,South,Office Supplies,Binders,93.554,3,-3.4914,31.18466667,-0.03731962289,2,FALSE
2020,June,8,24,Standard Class,Consumer,United States,Glendale,Arizona,West,Office Supplies,Binders,102.588,2,-48.392,51.294,-0.4717120911,2,FALSE
2020,June,8,24,Standard Class,Consumer,United States,Norwich,Connecticut,East,Office Supplies,Binders,96.36,2,5.0764,48.18,0.05268161063,2,FALSE
2020,June,8,24,Standard Class,Consumer,United States,Skokie,Illinois,Central,Office Supplies,Binders,134.176,4,-18.8728,33.544,-0.1406570475,2,FALSE
2020,June,11,24,Standard Class,Consumer,United States,Hickory,North Carolina,South,Office Supplies,Binders,81.572,4,-3.81,20.393,-0.04670720345,2,FALSE
2020,June,20,25,Standard Class,Consumer,United States,New Rochelle,New York,East,Office Supplies,Binders,147.312,3,18.6006,49.104,0.1262666993,2,FALSE
2020,June,22,26,Standard Class,Consumer,United States,Chicago,Illinois,Central,Office Supplies,Binders,79.036,3,-5.0094,26.34533333,-0.06338124399,2,FALSE
2020,June,24,26,Standard Class,Consumer,United States,Cranston,Rhode Island,East,Office Supplies,Binders,128.93,3,48.3771,42.97666667,0.3752198868,2,FALSE
2020,June,29,27,Standard Class,Consumer,United States,Minneapolis,Minnesota,Central,Office Supplies,Binders,111.54,2,5.77,55.77,0.05173032096,2,FALSE
2020,July,8,28,Standard Class,Consumer,United States,Kent,Washington,West,Office Supplies,Binders,135.168,2,7.8192,67.584,0.05784801136,3,FALSE
2020,July,9,28,Standard Class,Consumer,United States,Portland,Oregon,West,Office Supplies,Binders,64.08,2,-0.792,32.04,-0.01235955056,3,FALSE
2020,July,15,29,Standard Class,Consumer,United States,Wilmington,Delaware,East,Office Supplies,Binders,132.55,3,13.0095,44.18333333,0.09814786873,3,FALSE
2020,July,18,29,Standard Class,Consumer,United States,Phoenix,Arizona,West,Office Supplies,Binders,116.656,4,-6.1248,29.164,-0.052503086,3,FALSE
2020,July,21,30,Standard Class,Consumer,United States,Chicago,Illinois,Central,Office Supplies,Binders,82.112,2,-3.3792,41.056,-0.04115354638,3,FALSE
2020,July,21,30,Standard Class,Consumer,United States,Salem,Virginia,South,Office Supplies,Binders,138.94,3,7.1712,46.31333333,0.05161364618,3,FALSE
2020,July,29,31,Standard Class,Consumer,United States,Oklahoma City,Oklahoma,Central,Office Supplies,Binders,114.48,2,16.4052,57.24,0.1433018868,3,FALSE
2020,August,5,32,Standard Class,Consumer,United States,Indianapolis,Indiana,Central,Office Supplies,Binders,164.88,6,60.4224,27.48,0.3664628821,3,FALSE
2020,August,12,33,Standard Class,Consumer,United States,Seattle,Washington,West,Office Supplies,Binders,133.704,6,37.764,22.284,0.2824448034,3,FALSE
2020,August,13,33,Standard Class,Consumer,United States,Memphis,Tennessee,South,Office Supplies,Binders,1641.582,6,-1237.8462,273.597,-0.7540568793,3,FALSE
2020,August,18,34,Standard Class,Consumer,United States,Dallas,Texas,Central,Office Supplies,Binders,86.38,5,-33.139,17.276,-0.3836420468,3,FALSE
2020,August,18,34,Standard Class,Consumer,United States,Dallas,Texas,Central,Office Supplies,Binders,101.744,4,-11.4648,25.436,-0.1126828118,3,FALSE
2020,August,18,34,Standard Class,Consumer,United States,Lakewood,Ohio,East,Office Supplies,Binders,121.782,3,-7.9068,40.594,-0.06492585111,3,FALSE
2020,August,19,34,Standard Class,Consumer,United States,Salt Lake City,Utah,West,Office Supplies,Binders,116.72,3,37.236,38.90666667,0.3190198766,3,FALSE
2020,August,19,34,Standard Class,Consumer,United States,Chicago,Illinois,Central,Office Supplies,Binders,107.296,2,-3.9032,53.648,-0.03637787056,3,FALSE
2020,September,1,36,Standard Class,Consumer,United States,Redmond,Washington,West,Office Supplies,Binders,130.92,5,8.022,26.184,0.06127406049,3,FALSE
2020,September,2,36,Standard Class,Consumer,United States,Henderson,Kentucky,South,Office Supplies,Binders,1593.94,3,757.4112,531.3133333,0.4751817509,3,FALSE
2020,September,10,37,Standard Class,Consumer,United States,Atlanta,Georgia,South,Office Supplies,Binders,73.78,1,1.3622,73.78,0.0184629981,3,FALSE
2020,September,18,38,Standard Class,Consumer,United States,Clovis,New Mexico,West,Office Supplies,Binders,108.08,7,3.528,15.44,0.03264248705,3,FALSE
2020,September,19,38,Standard Class,Consumer,United States,Phoenix,Arizona,West,Office Supplies,Binders,99.18,4,-13.938,24.795,-0.1405323654,3,FALSE
2020,September,21,39,Standard Class,Consumer,United States,Philadelphia,Pennsylvania,East,Office Supplies,Binders,104.908,2,-1.5264,52.454,-0.01454989133,3,FALSE
2020,September,21,39,Standard Class,Consumer,United States,Miami,Florida,South,Office Supplies,Binders,111.294,1,-8.6058,111.294,-0.07732492318,3,FALSE
2020,September,21,39,Standard Class,Consumer,United States,Rochester,Minnesota,Central,Office Supplies,Binders,123.16,7,9.8784,17.59428571,0.08020785969,3,FALSE
2020,September,25,39,Standard Class,Consumer,United States,Rochester,Minnesota,Central,Office Supplies,Binders,109.26,2,3.8822,54.63,0.03553175911,3,FALSE
2020,October,2,40,Standard Class,Consumer,United States,Trenton,Michigan,Central,Office Supplies,Binders,98.88,1,1.4112,98.88,0.01427184466,4,FALSE
2020,October,2,40,Standard Class,Consumer,United States,Springfield,Oregon,West,Office Supplies,Binders,138.638,7,-16.6012,19.80542857,-0.1197449473,4,FALSE
2020,October,2,40,Standard Class,Consumer,United States,Trenton,Michigan,Central,Office Supplies,Binders,139.05,3,26.703,46.35,0.192038835,4,FALSE
2020,October,7,41,Standard Class,Consumer,United States,Houston,Texas,Central,Office Supplies,Binders,129.24,5,-6.36,25.848,-0.04921077066,4,FALSE
2020,October,16,42,Standard Class,Consumer,United States,Richmond,Kentucky,South,Office Supplies,Binders,165.75,5,57.385,33.15,0.346214178,4,FALSE
2020,October,19,43,Standard Class,Consumer,United States,Waco,Texas,Central,Office Supplies,Binders,103.072,2,-3.5224,51.536,-0.03417416951,4,FALSE
2020,October,20,43,Standard Class,Consumer,United States,Little Rock,Arkansas,South,Office Supplies,Binders,188.85,5,70.008,37.77,0.3707069102,4,FALSE
2020,October,21,43,Standard Class,Consumer,United States,Glendale,Arizona,West,Office Supplies,Binders,102.559,1,-6.5619,102.559,-0.06398170809,4,FALSE
2020,October,23,43,Standard Class,Consumer,United States,Austin,Texas,Central,Office Supplies,Binders,125.762,3,-15.1311,41.92066667,-0.1203153576,4,FALSE
2020,October,26,44,Standard Class,Consumer,United States,Philadelphia,Pennsylvania,East,Office Supplies,Binders,118.282,3,-27.735,39.42733333,-0.2344820006,4,FALSE
2020,October,30,44,Standard Class,Consumer,United States,Seattle,Washington,West,Office Supplies,Binders,119.752,3,27.735,39.91733333,0.2316036475,4,FALSE
2020,October,30,44,Standard Class,Consumer,United States,Seattle,Washington,West,Office Supplies,Binders,126.904,2,5.214,63.452,0.04108617538,4,FALSE
2020,November,3,45,Standard Class,Consumer,United States,Orlando,Florida,South,Office Supplies,Binders,119.086,2,-2.9964,59.543,-0.02516164788,4,FALSE
2020,November,3,45,Standard Class,Consumer,United States,Philadelphia,Pennsylvania,East,Office Supplies,Binders,149.673,3,-7.782,49.891,-0.05199334549,4,FALSE
2020,November,4,45,Standard Class,Consumer,United States,Chattanooga,Tennessee,South,Office Supplies,Binders,105.564,2,-2.97,52.782,-0.02813459134,4,FALSE
2020,November,5,45,Standard Class,Consumer,United States,Phoenix,Arizona,West,Office Supplies,Binders,81.388,2,-1.8308,40.694,-0.02249471667,4,FALSE
2020,November,6,45,Standard Class,Consumer,United States,Houston,Texas,Central,Office Supplies,Binders,102.248,2,-1.9344,51.124,-0.01891870746,4,FALSE
2020,November,10,46,Standard Class,Consumer,United States,Pasco,Washington,West,Office Supplies,Binders,112.792,1,10.0772,112.792,0.08934321583,4,FALSE
2020,November,13,46,Standard Class,Consumer,United States,Seattle,Washington,West,Office Supplies,Binders,586.024,11,190.0206,53.27490909,0.3242539555,4,FALSE
2020,November,19,47,Standard Class,Consumer,United States,Henderson,Kentucky,South,Office Supplies,Binders,122.96,2,10.7604,61.48,0.08751138582,4,FALSE
2020,November,19,47,Standard Class,Consumer,United States,Cleveland,Ohio,East,Office Supplies,Binders,164.913,7,-45.9333,23.559,-0.2785304979,4,FALSE
2020,November,21,47,Standard Class,Consumer,United States,Renton,Washington,West,Office Supplies,Binders,170.8,5,56.55,34.16,0.331088993,4,FALSE
2020,December,1,49,Standard Class,Consumer,United States,Denver,Colorado,West,Office Supplies,Binders,122.783,7,-4.7481,17.54042857,-0.03867066288,4,FALSE
2020,December,1,49,Standard Class,Consumer,United States,Saginaw,Michigan,Central,Office Supplies,Binders,134.92,4,7.4824,33.73,0.05545804921,4,FALSE
2020,December,1,49,Standard Class,Consumer,United States,Philadelphia,Pennsylvania,East,Office Supplies,Binders,117.001,7,-5.6007,16.71442857,-0.04786882163,4,FALSE
2020,December,2,49,Standard Class,Consumer,United States,Philadelphia,Pennsylvania,East,Office Supplies,Binders,155.176,4,-462.8624,38.794,-2.982822086,4,FALSE
2020,December,3,49,Standard Class,Consumer,United States,Fayetteville,North Carolina,South,Office Supplies,Binders,133.782,6,-21.1068,22.297,-0.1577701036,4,FALSE
2020,December,4,49,Standard Class,Consumer,United States,Philadelphia,Pennsylvania,East,Office Supplies,Binders,112.346,3,-4.455,37.44866667,-0.03965428231,4,FALSE
2020,December,5,49,Standard Class,Consumer,United States,Bellevue,Washington,West,Office Supplies,Binders,119.976,6,5.4288,19.996,0.04524904981,4,FALSE
2020,December,5,49,Standard Class,Consumer,United States,Bellevue,Washington,West,Office Supplies,Binders,119.816,3,8.3754,39.93866667,0.06990218335,4,FALSE
2020,December,9,50,Standard Class,Consumer,United States,Indianapolis,Indiana,Central,Office Supplies,Binders,1021.4,5,5.096,204.28,0.004989230468,4,FALSE
2020,December,9,50,Standard Class,Consumer,United States,Philadelphia,Pennsylvania,East,Office Supplies,Binders,106.088,7,-8.1312,15.15542857,-0.07664580348,4,FALSE
2020,December,9,50,Standard Class,Consumer,United States,Grand Rapids,Michigan,Central,Office Supplies,Binders,129.9,5,26.901,25.98,0.2070900693,4,FALSE
2020,December,11,50,Standard Class,Consumer,United States,Plainfield,New Jersey,East,Office Supplies,Binders,1055.98,2,331.191,527.99,0.3136337809,4,FALSE
2020,December,11,50,Standard Class,Consumer,United States,Plainfield,New Jersey,East,Office Supplies,Binders,323.2,5,18.09,64.64,0.05597153465,4,FALSE
2020,December,16,51,Standard Class,Consumer,United States,Tulsa,Oklahoma,Central,Office Supplies,Binders,530.8,5,5.184,106.16,0.009766390354,4,FALSE
2020,December,18,51,Standard Class,Consumer,United States,Columbus,Ohio,East,Office Supplies,Binders,284.236,3,-6.03,94.74533333,-0.0212147652,4,FALSE
2020,December,22,52,Standard Class,Consumer,United States,Houston,Texas,Central,Office Supplies,Binders,129.35,5,-9.8115,25.87,-0.07585233862,4,FALSE
2020,December,24,52,Standard Class,Consumer,United States,Oceanside,New York,East,Office Supplies,Binders,454.376,3,4.8519,151.4586667,0.01067816082,4,FALSE
2020,December,25,52,Standard Class,Consumer,United States,Fairfield,Ohio,East,Office Supplies,Binders,331.023,1,-10.4184,331.023,-0.03147334173,4,FALSE
2020,December,25,52,Standard Class,Consumer,United States,Dallas,Texas,Central,Office Supplies,Binders,339.168,3,-5.0688,113.056,-0.01494480611,4,FALSE
2020,December,25,52,Standard Class,Consumer,United States,Dallas,Texas,Central,Office Supplies,Binders,399.98,5,-65.568,79.996,-0.1639281964,4,FALSE
2020,December,25,52,Standard Class,Consumer,United States,Dallas,Texas,Central,Office Supplies,Binders,418.582,9,-59.373,46.50911111,-0.1418431753,4,FALSE
2019,May,19,21,Standard Class,Corporate,United States,San Francisco,California,West,Office Supplies,Binders,9.584,1,3.3544,9.584,0.35,2,TRUE
2019,September,29,40,Standard Class,Consumer,United States,San Francisco,California,West,Office Supplies,Binders,27.24,5,9.534,5.448,0.35,3,TRUE
2019,October,13,42,Standard Class,Consumer,United States,Roseville,California,West,Office Supplies,Binders,76.176,3,26.6616,25.392,0.35,4,TRUE
2019,October,27,44,Standard Class,Corporate,United States,San Francisco,California,West,Office Supplies,Binders,25.032,3,7.8225,8.344,0.3125,4,TRUE
2019,October,27,44,Standard Class,Home Office,United States,San Francisco,California,West,Office Supplies,Binders,67.136,4,25.176,16.784,0.375,4,TRUE
2019,November,3,45,Standard Class,Consumer,United States,Los Angeles,California,West,Office Supplies,Binders,43.584,12,15.7992,3.632,0.3625,4,TRUE
2019,November,3,45,Standard Class,Consumer,United States,Los Angeles,California,West,Office Supplies,Binders,9.296,2,3.0212,4.648,0.325,4,TRUE
2019,December,29,53,Standard Class,Consumer,United States,Los Angeles,California,West,Office Supplies,Binders,11.232,3,3.9312,3.744,0.35,4,TRUE
2020,February,2,6,Standard Class,Corporate,United States,San Diego,California,West,Office Supplies,Binders,257.96,2,10.062,128.98,0.03900604745,1,TRUE
2020,March,8,11,Standard Class,Consumer,United States,Anaheim,California,West,Office Supplies,Binders,196.2,5,64.2,39.24,0.3272171254,1,TRUE
2019,January,30,5,Standard Class,Consumer,United States,San Francisco,California,West,Office Supplies,Binders,17.456,2,5.8914,8.728,0.3375,1,FALSE
2019,March,13,11,Standard Class,Home Office,United States,Riverside,California,West,Office Supplies,Binders,51.184,7,19.194,7.312,0.375,1,FALSE
2019,March,14,11,Standard Class,Corporate,United States,Redwood City,California,West,Office Supplies,Binders,41.904,6,14.1426,6.984,0.3375,1,FALSE
2019,April,10,15,Standard Class,Corporate,United States,Bakersfield,California,West,Office Supplies,Binders,23.2,5,8.12,4.64,0.35,2,FALSE
2019,April,10,15,Standard Class,Consumer,United States,San Francisco,California,West,Office Supplies,Binders,48.032,4,15.6104,12.008,0.325,2,FALSE
2019,April,12,15,Standard Class,Consumer,United States,Los Angeles,California,West,Office Supplies,Binders,13.208,1,4.6228,13.208,0.35,2,FALSE
2019,April,23,17,Standard Class,Corporate,United States,Hesperia,California,West,Office Supplies,Binders,251.52,6,81.744,41.92,0.325,2,FALSE
2019,April,23,17,Standard Class,Consumer,United States,San Clemente,California,West,Office Supplies,Binders,18.088,7,6.5569,2.584,0.3625,2,FALSE
2019,May,20,21,Standard Class,Home Office,United States,Vallejo,California,West,Office Supplies,Binders,15.424,4,5.0128,3.856,0.325,2,FALSE
2019,May,28,22,Standard Class,Consumer,United States,Los Angeles,California,West,Office Supplies,Binders,22.72,4,7.384,5.68,0.325,2,FALSE
2019,June,7,23,Standard Class,Home Office,United States,Bakersfield,California,West,Office Supplies,Binders,4.784,1,1.5548,4.784,0.325,2,FALSE
2019,July,25,30,Standard Class,Consumer,United States,Costa Mesa,California,West,Office Supplies,Binders,119.616,8,40.3704,14.952,0.3375,3,FALSE
2019,August,8,32,Standard Class,Home Office,United States,Los Angeles,California,West,Office Supplies,Binders,15.24,5,5.334,3.048,0.35,3,FALSE
2019,August,21,34,Standard Class,Corporate,United States,Los Angeles,California,West,Office Supplies,Binders,12.672,2,4.752,6.336,0.375,3,FALSE
2019,September,2,36,Standard Class,Consumer,United States,Los Angeles,California,West,Office Supplies,Binders,7.312,1,2.5592,7.312,0.35,3,FALSE
2019,September,11,37,Standard Class,Consumer,United States,San Jose,California,West,Office Supplies,Binders,39.872,2,12.9584,19.936,0.325,3,FALSE
2019,September,19,38,Standard Class,Corporate,United States,San Francisco,California,West,Office Supplies,Binders,8.928,2,3.1248,4.464,0.35,3,FALSE
2019,September,20,38,Standard Class,Corporate,United States,San Francisco,California,West,Office Supplies,Binders,271.984,2,88.3948,135.992,0.325,3,FALSE
2019,September,20,38,Standard Class,Corporate,United States,San Francisco,California,West,Office Supplies,Binders,48.64,2,15.808,24.32,0.325,3,FALSE
2019,October,7,41,Standard Class,Consumer,United States,Los Angeles,California,West,Office Supplies,Binders,27.264,2,8.8608,13.632,0.325,4,FALSE
2019,November,4,45,Standard Class,Home Office,United States,Los Angeles,California,West,Office Supplies,Binders,7.712,2,2.7956,3.856,0.3625,4,FALSE
2019,November,4,45,Standard Class,Home Office,United States,Los Angeles,California,West,Office Supplies,Binders,4.176,1,1.305,4.176,0.3125,4,FALSE
2019,November,5,45,Standard Class,Home Office,United States,San Jose,California,West,Office Supplies,Binders,29.12,5,9.828,5.824,0.3375,4,FALSE
2019,November,7,45,Standard Class,Consumer,United States,San Francisco,California,West,Office Supplies,Binders,57.584,2,20.1544,28.792,0.35,4,FALSE
2019,November,11,46,Standard Class,Consumer,United States,San Francisco,California,West,Office Supplies,Binders,31.504,11,11.0264,2.864,0.35,4,FALSE
2019,December,2,49,Standard Class,Corporate,United States,San Jose,California,West,Office Supplies,Binders,104.184,3,33.8598,34.728,0.325,4,FALSE
2019,December,2,49,Standard Class,Corporate,United States,San Jose,California,West,Office Supplies,Binders,24.704,2,9.264,12.352,0.375,4,FALSE
2019,December,6,49,Standard Class,Home Office,United States,Los Angeles,California,West,Office Supplies,Binders,437.472,14,153.1152,31.248,0.35,4,FALSE
2019,December,6,49,Standard Class,Home Office,United States,Los Angeles,California,West,Office Supplies,Binders,13.376,4,4.6816,3.344,0.35,4,FALSE
2019,December,13,50,Standard Class,Corporate,United States,Torrance,California,West,Office Supplies,Binders,6.096,2,2.2098,3.048,0.3625,4,FALSE
2019,December,31,53,Standard Class,Consumer,United States,San Francisco,California,West,Office Supplies,Binders,38.376,3,13.4316,12.792,0.35,4,FALSE
2020,January,3,1,Standard Class,Consumer,United States,San Francisco,California,West,Office Supplies,Binders,2057.272,8,682.5168,257.159,0.331758173,1,FALSE
2020,January,24,4,Standard Class,Corporate,United States,San Jose,California,West,Office Supplies,Binders,311.784,2,89.9548,155.892,0.2885164088,1,FALSE
2020,January,29,5,Standard Class,Consumer,United States,San Francisco,California,West,Office Supplies,Binders,167.616,8,40.3704,20.952,0.2408505155,1,FALSE
2020,March,2,10,Standard Class,Corporate,United States,Los Angeles,California,West,Office Supplies,Binders,128.648,2,33.64,64.324,0.2614887134,1,FALSE
2020,March,6,10,Standard Class,Home Office,United States,San Francisco,California,West,Office Supplies,Binders,112.976,9,5.4288,12.55288889,0.04805268376,1,FALSE
2020,March,9,11,Standard Class,Consumer,United States,Los Angeles,California,West,Office Supplies,Binders,112.84,5,9.6375,22.568,0.08540854307,1,FALSE
2020,March,16,12,Standard Class,Corporate,United States,Los Angeles,California,West,Office Supplies,Binders,85.68,5,6.888,17.136,0.08039215686,1,FALSE
2020,March,16,12,Standard Class,Corporate,United States,Los Angeles,California,West,Office Supplies,Binders,136.464,6,22.9008,22.744,0.1678156877,1,FALSE
2020,April,1,14,Standard Class,Consumer,United States,San Francisco,California,West,Office Supplies,Binders,166.68,13,38.025,12.82153846,0.2281317495,2,FALSE
2020,April,25,17,Standard Class,Consumer,United States,Los Angeles,California,West,Office Supplies,Binders,164.344,3,27.504,54.78133333,0.1673562771,2,FALSE
2020,April,30,18,Standard Class,Home Office,United States,Los Angeles,California,West,Office Supplies,Binders,116.24,5,7.553,23.248,0.06497763248,2,FALSE
2020,May,12,20,Standard Class,Corporate,United States,San Francisco,California,West,Office Supplies,Binders,119.168,4,6.4692,29.792,0.05428638561,2,FALSE
2020,May,19,21,Standard Class,Consumer,United States,San Jose,California,West,Office Supplies,Binders,172.12,5,49.92,34.424,0.2900302115,2,FALSE
2020,June,3,23,Standard Class,Corporate,United States,Los Angeles,California,West,Office Supplies,Binders,94.912,1,1.2714,94.912,0.01339556642,2,FALSE
2020,June,29,27,Standard Class,Consumer,United States,Los Angeles,California,West,Office Supplies,Binders,339.552,9,101.5794,37.728,0.2991571247,2,FALSE
2020,July,11,28,Standard Class,Corporate,United States,San Diego,California,West,Office Supplies,Binders,134.8,5,9.3125,26.96,0.06908382789,3,FALSE
2020,July,14,29,Standard Class,Consumer,United States,Westminster,California,West,Office Supplies,Binders,112.448,2,1.4456,56.224,0.01285571998,3,FALSE
2020,July,21,30,Standard Class,Consumer,United States,San Diego,California,West,Office Supplies,Binders,115.352,3,17.6232,38.45066667,0.1527775851,3,FALSE
2020,July,28,31,Standard Class,Corporate,United States,San Francisco,California,West,Office Supplies,Binders,132.984,4,3.6192,33.246,0.0272153041,3,FALSE
2020,August,7,32,Standard Class,Consumer,United States,Westminster,California,West,Office Supplies,Binders,103.952,3,4.1832,34.65066667,0.04024164999,3,FALSE
2020,August,7,32,Standard Class,Consumer,United States,San Diego,California,West,Office Supplies,Binders,88.76,2,4.644,44.38,0.05232086525,3,FALSE
2020,August,7,32,Standard Class,Consumer,United States,Westminster,California,West,Office Supplies,Binders,151.128,3,11.673,50.376,0.07723916151,3,FALSE
2020,August,13,33,Standard Class,Corporate,United States,San Diego,California,West,Office Supplies,Binders,134.024,3,11.7078,44.67466667,0.08735599594,3,FALSE
2020,August,17,34,Standard Class,Corporate,United States,Brentwood,California,West,Office Supplies,Binders,264.056,8,77.3696,33.007,0.2930045142,3,FALSE
2020,August,17,34,Standard Class,Corporate,United States,Brentwood,California,West,Office Supplies,Binders,104.92,3,4.872,34.97333333,0.04643537934,3,FALSE
2020,August,31,36,Standard Class,Home Office,United States,San Francisco,California,West,Office Supplies,Binders,112.672,3,2.1684,37.55733333,0.01924524283,3,FALSE
2020,September,2,36,Standard Class,Consumer,United States,Los Angeles,California,West,Office Supplies,Binders,111.72,5,6.552,22.344,0.05864661654,3,FALSE
2020,September,3,36,Standard Class,Home Office,United States,La Mesa,California,West,Office Supplies,Binders,113.56,5,28.896,22.712,0.2544557943,3,FALSE
2020,September,4,36,Standard Class,Consumer,United States,Los Angeles,California,West,Office Supplies,Binders,522.984,2,152.495,261.492,0.2915863583,3,FALSE
2020,September,4,36,Standard Class,Corporate,United States,Oakland,California,West,Office Supplies,Binders,124.808,3,4.1328,41.60266667,0.03311326197,3,FALSE
2020,September,15,38,Standard Class,Consumer,United States,Los Angeles,California,West,Office Supplies,Binders,2385.488,7,884.058,340.784,0.3705983849,3,FALSE
2020,September,15,38,Standard Class,Consumer,United States,San Francisco,California,West,Office Supplies,Binders,118.688,1,0.84,118.688,0.007077379348,3,FALSE
2020,September,23,39,Standard Class,Consumer,United States,Los Angeles,California,West,Office Supplies,Binders,122.96,3,23.712,40.98666667,0.192843201,3,FALSE
2020,September,23,39,Standard Class,Consumer,United States,San Francisco,California,West,Office Supplies,Binders,144.824,6,9.0384,24.13733333,0.06240954538,3,FALSE
2020,October,2,40,Standard Class,Home Office,United States,Los Angeles,California,West,Office Supplies,Binders,145.12,5,42.045,29.024,0.2897257442,4,FALSE
2020,October,5,41,Standard Class,Home Office,United States,San Francisco,California,West,Office Supplies,Binders,133.92,5,13.473,26.784,0.1006048387,4,FALSE
2020,October,5,41,Standard Class,Home Office,United States,San Francisco,California,West,Office Supplies,Binders,113.936,4,7.2268,28.484,0.06342859149,4,FALSE
2020,October,13,42,Standard Class,Corporate,United States,Sacramento,California,West,Office Supplies,Binders,5107.96,5,1906.485,1021.592,0.3732380442,4,FALSE
2020,October,19,43,Standard Class,Consumer,United States,San Francisco,California,West,Office Supplies,Binders,146.624,3,13.8684,48.87466667,0.0945847883,4,FALSE
2020,November,7,45,Standard Class,Consumer,United States,San Francisco,California,West,Office Supplies,Binders,144.792,4,7.6272,36.198,0.05267694348,4,FALSE
2020,November,11,46,Standard Class,Consumer,United States,Los Angeles,California,West,Office Supplies,Binders,162.6,5,39.52,32.52,0.2430504305,4,FALSE
2020,November,21,47,Standard Class,Corporate,United States,San Francisco,California,West,Office Supplies,Binders,129.736,2,14.7668,64.868,0.1138219153,4,FALSE
2020,November,27,48,Standard Class,Consumer,United States,Los Angeles,California,West,Office Supplies,Binders,132.488,7,41.1208,18.92685714,0.3103737697,4,FALSE
2020,December,1,49,Standard Class,Consumer,United States,Los Angeles,California,West,Office Supplies,Binders,138.128,2,3.6714,69.064,0.0265796942,4,FALSE
2020,December,8,50,Standard Class,Corporate,United States,San Francisco,California,West,Office Supplies,Binders,104.48,3,33.93,34.82666667,0.3247511485,4,FALSE
2020,December,8,50,Standard Class,Corporate,United States,San Francisco,California,West,Office Supplies,Binders,117.424,1,8.409,117.424,0.07161227688,4,FALSE
2020,December,10,50,Standard Class,Corporate,United States,San Diego,California,West,Office Supplies,Binders,429.936,4,7.2268,107.484,0.01680901343,4,FALSE
2020,December,10,50,Standard Class,Corporate,United States,San Diego,California,West,Office Supplies,Binders,147.568,2,22.9488,73.784,0.1555133904,4,FALSE
2020,December,14,51,Standard Class,Home Office,United States,San Diego,California,West,Office Supplies,Binders,391.96,14,22.736,27.99714286,0.05800591897,4,FALSE
2020,December,17,51,Standard Class,Consumer,United States,San Francisco,California,West,Office Supplies,Binders,335.24,5,5.1435,67.048,0.01534273953,4,FALSE
2020,December,25,52,Standard Class,Corporate,United States,Los Angeles,California,West,Office Supplies,Binders,468.552,3,51.8238,156.184,0.1106041592,4,FALSE
2020,December,30,53,Standard Class,Corporate,United States,Fairfield,California,West,Office Supplies,Binders,496.72,2,6.475,248.36,0.01303551297,4,FALSE
2020,December,30,53,Standard Class,Corporate,United States,Fairfield,California,West,Office Supplies,Binders,295.904,2,4.5188,147.952,0.01527116903,4,FALSE
2019,January,16,3,Second Class,Consumer,United States,Los Angeles,California,West,Office Supplies,Binders,11.648,2,4.2224,5.824,0.3625,1,FALSE
2019,January,30,5,First Class,Consumer,United States,San Francisco,California,West,Office Supplies,Binders,50.784,2,17.7744,25.392,0.35,1,FALSE
2019,February,21,8,Second Class,Corporate,United States,Los Angeles,California,West,Office Supplies,Binders,18.56,4,6.496,4.64,0.35,1,FALSE
2019,February,21,8,Second Class,Corporate,United States,Los Angeles,California,West,Office Supplies,Binders,31.248,7,10.9368,4.464,0.35,1,FALSE
2019,March,15,11,First Class,Corporate,United States,San Francisco,California,West,Office Supplies,Binders,4.544,2,1.6472,2.272,0.3625,1,FALSE
2019,April,12,15,First Class,Consumer,United States,Los Angeles,California,West,Office Supplies,Binders,36.624,3,13.734,12.208,0.375,2,FALSE
2019,April,19,16,Second Class,Consumer,United States,Los Angeles,California,West,Office Supplies,Binders,5.84,1,1.971,5.84,0.3375,2,FALSE
2019,April,19,16,Second Class,Consumer,United States,Los Angeles,California,West,Office Supplies,Binders,9.336,3,3.2676,3.112,0.35,2,FALSE
2019,April,24,17,First Class,Consumer,United States,Riverside,California,West,Office Supplies,Binders,3.984,1,1.3944,3.984,0.35,2,FALSE
2019,June,5,23,First Class,Consumer,United States,Santa Clara,California,West,Office Supplies,Binders,21.552,6,7.0044,3.592,0.325,2,FALSE
2019,June,20,25,First Class,Consumer,United States,Pasadena,California,West,Office Supplies,Binders,17.712,3,6.4206,5.904,0.3625,2,FALSE
2019,June,28,26,Same Day,Corporate,United States,Los Angeles,California,West,Office Supplies,Binders,7.752,3,2.8101,2.584,0.3625,2,FALSE
2019,June,28,26,Same Day,Corporate,United States,Los Angeles,California,West,Office Supplies,Binders,33.568,2,11.7488,16.784,0.35,2,FALSE
2019,August,2,31,Second Class,Corporate,United States,Los Angeles,California,West,Office Supplies,Binders,12.544,2,4.704,6.272,0.375,3,FALSE
2019,September,5,36,First Class,Consumer,United States,Redondo Beach,California,West,Office Supplies,Binders,11.68,2,3.942,5.84,0.3375,3,FALSE
2019,September,9,37,Second Class,Consumer,United States,Stockton,California,West,Office Supplies,Binders,55.36,4,18.684,13.84,0.3375,3,FALSE
2019,September,10,37,Second Class,Consumer,United States,Los Angeles,California,West,Office Supplies,Binders,276.784,2,89.9548,138.392,0.325,3,FALSE
2019,September,19,38,Second Class,Home Office,United States,San Francisco,California,West,Office Supplies,Binders,11.952,3,4.1832,3.984,0.35,3,FALSE
2019,October,17,42,First Class,Home Office,United States,San Francisco,California,West,Office Supplies,Binders,18.16,5,6.583,3.632,0.3625,4,FALSE
2019,October,28,44,First Class,Corporate,United States,San Francisco,California,West,Office Supplies,Binders,49.536,3,17.3376,16.512,0.35,4,FALSE
2019,October,29,44,Second Class,Consumer,United States,Los Angeles,California,West,Office Supplies,Binders,11.744,1,3.8168,11.744,0.325,4,FALSE
2019,November,5,45,First Class,Consumer,United States,San Francisco,California,West,Office Supplies,Binders,53.248,2,19.968,26.624,0.375,4,FALSE
2019,November,7,45,First Class,Corporate,United States,Los Angeles,California,West,Office Supplies,Binders,37.44,4,11.7,9.36,0.3125,4,FALSE
2019,November,7,45,First Class,Corporate,United States,Los Angeles,California,West,Office Supplies,Binders,26.976,4,8.7672,6.744,0.325,4,FALSE
2019,November,15,46,Second Class,Consumer,United States,Los Angeles,California,West,Office Supplies,Binders,1016.792,1,381.297,1016.792,0.375,4,FALSE
2019,November,15,46,Second Class,Consumer,United States,Los Angeles,California,West,Office Supplies,Binders,38.136,7,13.3476,5.448,0.35,4,FALSE
2019,November,16,46,First Class,Consumer,United States,Roseville,California,West,Office Supplies,Binders,8.32,5,2.808,1.664,0.3375,4,FALSE
2019,November,18,47,Same Day,Consumer,United States,Concord,California,West,Office Supplies,Binders,61.12,5,22.156,12.224,0.3625,4,FALSE
2019,December,9,50,First Class,Corporate,United States,Stockton,California,West,Office Supplies,Binders,273.92,8,99.296,34.24,0.3625,4,FALSE
2019,December,11,50,Same Day,Consumer,United States,Anaheim,California,West,Office Supplies,Binders,209.6,5,68.12,41.92,0.325,4,FALSE
2019,December,11,50,Same Day,Consumer,United States,Anaheim,California,West,Office Supplies,Binders,122.688,9,39.8736,13.632,0.325,4,FALSE
2019,December,11,50,Same Day,Consumer,United States,Anaheim,California,West,Office Supplies,Binders,35.808,3,11.19,11.936,0.3125,4,FALSE
2019,December,11,50,Same Day,Consumer,United States,Anaheim,California,West,Office Supplies,Binders,5.872,2,2.1286,2.936,0.3625,4,FALSE
2019,December,30,53,Same Day,Home Office,United States,Los Angeles,California,West,Office Supplies,Binders,6.384,1,2.1546,6.384,0.3375,4,FALSE
2020,February,11,7,Second Class,Corporate,United States,San Francisco,California,West,Office Supplies,Binders,840.336,7,7.7343,120.048,0.009203818473,1,FALSE
2020,March,17,12,Second Class,Consumer,United States,Lancaster,California,West,Office Supplies,Binders,124.456,2,5.8914,62.228,0.04733721154,1,FALSE
2020,March,19,12,Second Class,Consumer,United States,Fresno,California,West,Office Supplies,Binders,128.624,2,5.1184,64.312,0.03979350666,1,FALSE
2020,March,19,12,First Class,Consumer,United States,San Francisco,California,West,Office Supplies,Binders,97.824,6,6.6906,16.304,0.06839425908,1,FALSE
2020,March,19,12,Second Class,Consumer,United States,Fresno,California,West,Office Supplies,Binders,153.496,7,9.2799,21.928,0.06045695002,1,FALSE
2020,March,21,12,Second Class,Consumer,United States,Los Angeles,California,West,Office Supplies,Binders,116.544,2,2.8836,58.272,0.02474258649,1,FALSE
2020,March,21,12,Second Class,Consumer,United States,Los Angeles,California,West,Office Supplies,Binders,129.896,3,3.9498,43.29866667,0.03040740285,1,FALSE
2020,March,25,13,First Class,Consumer,United States,Fresno,California,West,Office Supplies,Binders,205.92,4,62.748,51.48,0.3047202797,1,FALSE
2020,April,23,17,Second Class,Consumer,United States,Pasadena,California,West,Office Supplies,Binders,113.88,6,30.186,18.98,0.2650684932,2,FALSE
2020,April,25,17,Second Class,Consumer,United States,Los Angeles,California,West,Office Supplies,Binders,104.904,2,4.5188,52.452,0.04307557386,2,FALSE
2020,June,17,25,First Class,Consumer,United States,San Francisco,California,West,Office Supplies,Binders,187.312,3,17.9592,62.43733333,0.09587853421,2,FALSE
2020,June,29,27,First Class,Consumer,United States,Los Angeles,California,West,Office Supplies,Binders,943.92,5,302.373,188.784,0.3203375286,2,FALSE
2020,July,23,30,First Class,Consumer,United States,Los Angeles,California,West,Office Supplies,Binders,99.192,3,5.5071,33.064,0.05551959835,3,FALSE
2020,August,1,31,Second Class,Corporate,United States,Salinas,California,West,Office Supplies,Binders,161.896,2,18.5274,80.948,0.1144401344,3,FALSE
2020,August,20,34,Second Class,Consumer,United States,Fresno,California,West,Office Supplies,Binders,259.12,5,77.714,51.824,0.2999150973,3,FALSE
2020,August,21,34,First Class,Consumer,United States,Oakland,California,West,Office Supplies,Binders,154.144,9,42.4647,17.12711111,0.2754872068,3,FALSE
2020,August,27,35,Second Class,Corporate,United States,Inglewood,California,West,Office Supplies,Binders,855.568,2,294.5488,427.784,0.3442728106,3,FALSE
2020,September,2,36,Second Class,Home Office,United States,Los Angeles,California,West,Office Supplies,Binders,173.92,5,46.225,34.784,0.2657831187,3,FALSE
2020,September,4,36,Second Class,Consumer,United States,San Francisco,California,West,Office Supplies,Binders,119.344,6,4.3368,19.89066667,0.03633865129,3,FALSE
2020,September,10,37,Same Day,Corporate,United States,Los Angeles,California,West,Office Supplies,Binders,113.184,2,2.245,56.592,0.019834959,3,FALSE
2020,September,26,39,Same Day,Corporate,United States,San Francisco,California,West,Office Supplies,Binders,947.176,3,314.2719,315.7253333,0.331798842,3,FALSE
2020,September,26,39,Same Day,Corporate,United States,San Francisco,California,West,Office Supplies,Binders,90.04,3,5.538,30.01333333,0.06150599733,3,FALSE
2020,September,29,40,First Class,Consumer,United States,Bakersfield,California,West,Office Supplies,Binders,149.672,2,16.3352,74.836,0.1091399861,3,FALSE
2020,October,1,40,First Class,Consumer,United States,San Jose,California,West,Office Supplies,Binders,73.44,1,0.504,73.44,0.006862745098,4,FALSE
2020,October,1,40,First Class,Consumer,United States,San Jose,California,West,Office Supplies,Binders,152.776,13,20.8494,11.752,0.136470388,4,FALSE
2020,October,12,42,First Class,Home Office,United States,San Francisco,California,West,Office Supplies,Binders,123.84,5,36.917,24.768,0.2981023902,4,FALSE
2020,October,20,43,Second Class,Corporate,United States,Woodland,California,West,Office Supplies,Binders,127.928,4,7.5864,31.982,0.05930210744,4,FALSE
2020,November,2,45,Second Class,Home Office,United States,Danville,California,West,Office Supplies,Binders,622.352,6,206.6232,103.7253333,0.3320037535,4,FALSE
2020,November,12,46,First Class,Corporate,United States,Los Angeles,California,West,Office Supplies,Binders,94.016,4,4.9056,23.504,0.05217835262,4,FALSE
2020,November,20,47,Second Class,Consumer,United States,San Francisco,California,West,Office Supplies,Binders,122.056,7,27.3182,17.43657143,0.2238169365,4,FALSE
2020,December,2,49,Same Day,Corporate,United States,Los Angeles,California,West,Office Supplies,Binders,104.456,2,22.5732,52.228,0.2161024738,4,FALSE
2020,December,2,49,Same Day,Corporate,United States,Los Angeles,California,West,Office Supplies,Binders,132.024,6,3.1584,22.004,0.0239229231,4,FALSE
2020,December,16,51,Second Class,Corporate,United States,Oceanside,California,West,Office Supplies,Binders,318.32,5,8.208,63.664,0.02578537321,4,FALSE
2020,December,16,51,Second Class,Corporate,United States,Sunnyvale,California,West,Office Supplies,Binders,318.984,2,2.244,159.492,0.007034835603,4,FALSE
2020,December,17,51,First Class,Home Office,United States,Los Angeles,California,West,Office Supplies,Binders,431.808,2,4.2804,215.904,0.009912738995,4,FALSE
2020,December,18,51,Second Class,Consumer,United States,Encinitas,California,West,Office Supplies,Binders,455.672,2,16.3352,227.836,0.03584859285,4,FALSE
2020,December,19,51,Second Class,Consumer,United States,San Francisco,California,West,Office Supplies,Binders,488.672,2,11.46,244.336,0.02345131295,4,FALSE
2020,December,24,52,First Class,Home Office,United States,Los Angeles,California,West,Office Supplies,Binders,471.48,3,33.93,157.16,0.07196487656,4,FALSE
2019,May,5,19,First Class,Consumer,United States,Encinitas,California,West,Office Supplies,Binders,6.72,5,2.352,1.344,0.35,2,TRUE
2019,August,4,32,Second Class,Corporate,United States,Sacramento,California,West,Office Supplies,Binders,20.952,3,7.0713,6.984,0.3375,3,TRUE
2019,August,4,32,Second Class,Corporate,United States,Sacramento,California,West,Office Supplies,Binders,11.784,3,3.9771,3.928,0.3375,3,TRUE
2019,September,8,37,Second Class,Home Office,United States,Lancaster,California,West,Office Supplies,Binders,33.024,2,11.5584,16.512,0.35,3,TRUE
2019,September,8,37,Second Class,Home Office,United States,Lancaster,California,West,Office Supplies,Binders,67.136,4,23.4976,16.784,0.35,3,TRUE
2019,October,20,43,First Class,Corporate,United States,Los Angeles,California,West,Office Supplies,Binders,19.296,3,6.03,6.432,0.3125,4,TRUE
2019,November,10,46,First Class,Corporate,United States,San Francisco,California,West,Office Supplies,Binders,70.008,3,24.5028,23.336,0.35,4,TRUE
2019,November,10,46,First Class,Home Office,United States,San Francisco,California,West,Office Supplies,Binders,13.216,4,4.4604,3.304,0.3375,4,TRUE
2019,November,10,46,Second Class,Consumer,United States,Los Angeles,California,West,Office Supplies,Binders,5.184,3,1.8144,1.728,0.35,4,TRUE
2019,April,9,15,Second Class,Home Office,United States,Detroit,Michigan,Central,Office Supplies,Binders,5.28,2,2.4288,2.64,0.46,2,FALSE
2019,May,20,21,First Class,Home Office,United States,Colorado Springs,Colorado,West,Office Supplies,Binders,40.635,7,-32.508,5.805,-0.8,2,FALSE
2019,June,12,24,Second Class,Home Office,United States,Houston,Texas,Central,Office Supplies,Binders,1.524,2,-2.667,0.762,-1.75,2,FALSE
2019,June,26,26,Same Day,Home Office,United States,Roseville,Michigan,Central,Office Supplies,Binders,8.02,1,3.7694,8.02,0.47,2,FALSE
2019,July,1,27,First Class,Home Office,United States,Seattle,Washington,West,Office Supplies,Binders,2.496,1,0.9048,2.496,0.3625,3,FALSE
2019,July,10,28,Same Day,Home Office,United States,Yuma,Arizona,West,Office Supplies,Binders,44.856,6,-35.8848,7.476,-0.8,3,FALSE
2019,July,25,30,First Class,Home Office,United States,Arlington,Virginia,South,Office Supplies,Binders,10.44,1,4.8024,10.44,0.46,3,FALSE
2019,September,1,36,First Class,Home Office,United States,New York City,New York,East,Office Supplies,Binders,3.048,1,1.0668,3.048,0.35,3,TRUE
2019,September,1,36,First Class,Home Office,United States,New York City,New York,East,Office Supplies,Binders,4355.168,4,1415.4296,1088.792,0.325,3,TRUE
2019,September,2,36,Second Class,Home Office,United States,Houston,Texas,Central,Office Supplies,Binders,8.608,8,-13.3424,1.076,-1.55,3,FALSE
2019,September,3,36,First Class,Home Office,United States,Philadelphia,Pennsylvania,East,Office Supplies,Binders,1141.47,5,-760.98,228.294,-0.6666666667,3,FALSE
2019,September,19,38,Same Day,Home Office,United States,Aurora,Illinois,Central,Office Supplies,Binders,2.308,2,-3.462,1.154,-1.5,3,FALSE
2019,September,19,38,First Class,Home Office,United States,Providence,Rhode Island,East,Office Supplies,Binders,49.53,3,23.7744,16.51,0.48,3,FALSE
2019,September,19,38,Second Class,Home Office,United States,Orange,New Jersey,East,Office Supplies,Binders,25.44,6,12.72,4.24,0.5,3,FALSE
2019,September,23,39,Second Class,Home Office,United States,New York City,New York,East,Office Supplies,Binders,10.528,7,3.6848,1.504,0.35,3,FALSE
2019,September,23,39,Second Class,Home Office,United States,Lancaster,Ohio,East,Office Supplies,Binders,12.201,7,-9.7608,1.743,-0.8,3,FALSE
2019,October,6,41,First Class,Home Office,United States,Pueblo,Colorado,West,Office Supplies,Binders,17.904,4,-14.92,4.476,-0.8333333333,4,TRUE
2019,October,6,41,First Class,Home Office,United States,Pueblo,Colorado,West,Office Supplies,Binders,11.976,4,-9.1816,2.994,-0.7666666667,4,TRUE
2019,October,21,43,Second Class,Home Office,United States,North Las Vegas,Nevada,West,Office Supplies,Binders,4535.976,3,1644.2913,1511.992,0.3625,4,FALSE
2019,November,26,48,First Class,Home Office,United States,Miami,Florida,South,Office Supplies,Binders,3.744,4,-2.6208,0.936,-0.7,4,FALSE
2019,December,18,51,First Class,Home Office,United States,Salem,Oregon,West,Office Supplies,Binders,45.24,4,-30.16,11.31,-0.6666666667,4,FALSE
2019,December,22,52,Second Class,Home Office,United States,Seattle,Washington,West,Office Supplies,Binders,55.36,4,19.376,13.84,0.35,4,TRUE
2019,December,24,52,Second Class,Home Office,United States,Charlotte,North Carolina,South,Office Supplies,Binders,27.882,3,-20.4468,9.294,-0.7333333333,4,FALSE
2020,January,1,1,First Class,Home Office,United States,Franklin,Wisconsin,Central,Office Supplies,Binders,107.6,2,1.728,53.8,0.01605947955,1,FALSE
2020,February,17,8,First Class,Home Office,United States,Troy,Ohio,East,Office Supplies,Binders,92.715,5,-4.7625,18.543,-0.0513670927,1,FALSE
2020,March,23,13,First Class,Home Office,United States,Seattle,Washington,West,Office Supplies,Binders,145.76,5,11.297,29.152,0.07750411636,1,FALSE
2020,April,14,16,First Class,Home Office,United States,Springfield,Missouri,Central,Office Supplies,Binders,96.76,2,4.2048,48.38,0.04345597354,2,FALSE
2020,April,20,17,First Class,Home Office,United States,Cleveland,Ohio,East,Office Supplies,Binders,89.7,5,-6.38,17.94,-0.07112597547,2,FALSE
2020,May,9,19,First Class,Home Office,United States,Seattle,Washington,West,Office Supplies,Binders,188.92,5,46.225,37.784,0.244680288,2,FALSE
2020,May,13,20,Second Class,Home Office,United States,Newark,Delaware,East,Office Supplies,Binders,323.52,9,149.76,35.94666667,0.4629080119,2,FALSE
2020,May,18,21,Second Class,Home Office,United States,Springfield,Missouri,Central,Office Supplies,Binders,160.19,7,20.7312,22.88428571,0.1294163181,2,FALSE
2020,June,4,23,Same Day,Home Office,United States,Jonesboro,Arkansas,South,Office Supplies,Binders,140.08,7,54.04,20.01142857,0.3857795545,2,FALSE
2020,June,4,23,Same Day,Home Office,United States,Jonesboro,Arkansas,South,Office Supplies,Binders,115.54,3,4.3884,38.51333333,0.03798165138,2,FALSE
2020,July,2,27,First Class,Home Office,United States,Houston,Texas,Central,Office Supplies,Binders,112.232,4,-8.1096,28.058,-0.07225746668,3,FALSE
2020,July,30,31,First Class,Home Office,United States,Lakewood,Ohio,East,Office Supplies,Binders,110.776,4,-53.7432,27.694,-0.4851520185,3,FALSE
2020,August,11,33,Second Class,Home Office,United States,Lake Charles,Louisiana,South,Office Supplies,Binders,490.51,11,219.6546,44.59181818,0.4478086074,3,FALSE
2020,August,27,35,First Class,Home Office,United States,New York City,New York,East,Office Supplies,Binders,133.008,6,11.565,22.168,0.08694965716,3,FALSE
2020,September,7,37,First Class,Home Office,United States,Phoenix,Arizona,West,Office Supplies,Binders,70.857,3,-6.0237,23.619,-0.08501206656,3,FALSE
2020,September,17,38,Second Class,Home Office,United States,Houston,Texas,Central,Office Supplies,Binders,111.8,5,-10.15,22.36,-0.09078711986,3,FALSE
2020,September,19,38,Same Day,Home Office,United States,Philadelphia,Pennsylvania,East,Office Supplies,Binders,84.842,3,-3.3894,28.28066667,-0.03994955329,3,FALSE
2020,September,28,40,First Class,Home Office,United States,Aurora,Colorado,West,Office Supplies,Binders,126.776,4,-58.8616,31.694,-0.4642960813,3,FALSE
2020,October,2,40,First Class,Home Office,United States,Knoxville,Tennessee,South,Office Supplies,Binders,121.36,3,-21.888,40.45333333,-0.1803559657,4,FALSE
2020,October,2,40,First Class,Home Office,United States,Knoxville,Tennessee,South,Office Supplies,Binders,132.236,4,-26.2476,33.059,-0.1984905775,4,FALSE
2020,October,5,41,Second Class,Home Office,United States,New York City,New York,East,Office Supplies,Binders,182.792,3,25.5798,60.93066667,0.1399393847,4,FALSE
2020,November,4,45,Same Day,Home Office,United States,Bryan,Texas,Central,Office Supplies,Binders,78.408,2,-2.3232,39.204,-0.02962962963,4,FALSE
2020,November,4,45,Same Day,Home Office,United States,Bryan,Texas,Central,Office Supplies,Binders,119.536,6,-13.188,19.92266667,-0.1103265962,4,FALSE
2020,November,4,45,Same Day,Home Office,United States,Bryan,Texas,Central,Office Supplies,Binders,143.144,4,-6.4232,35.786,-0.04487229643,4,FALSE
2020,November,10,46,Second Class,Home Office,United States,Hollywood,Florida,South,Office Supplies,Binders,126.52,5,-7.68,25.304,-0.06070186532,4,FALSE
2020,November,19,47,First Class,Home Office,United States,New York City,New York,East,Office Supplies,Binders,158.28,6,13.932,26.38,0.0880212282,4,FALSE
2020,November,19,47,Same Day,Home Office,United States,New York City,New York,East,Office Supplies,Binders,159.408,7,18.2525,22.77257143,0.1145017816,4,FALSE
2020,November,30,49,Second Class,Home Office,United States,New York City,New York,East,Office Supplies,Binders,106.472,3,23.1093,35.49066667,0.2170457961,4,FALSE
2020,December,5,49,First Class,Home Office,United States,Seattle,Washington,West,Office Supplies,Binders,216.752,6,60.4632,36.12533333,0.2789510593,4,FALSE
2020,December,5,49,First Class,Home Office,United States,Seattle,Washington,West,Office Supplies,Binders,87.296,2,3.0212,43.648,0.03460868768,4,FALSE
2020,December,5,49,First Class,Home Office,United States,Seattle,Washington,West,Office Supplies,Binders,150.92,5,29.372,30.184,0.194619666,4,FALSE
2020,December,10,50,Same Day,Home Office,United States,Omaha,Nebraska,Central,Office Supplies,Binders,301.5,3,15.525,100.5,0.05149253731,4,FALSE
2020,December,10,50,Second Class,Home Office,United States,Jackson,Mississippi,South,Office Supplies,Binders,354.84,8,22.0032,44.355,0.0620087927,4,FALSE
2020,December,11,50,Second Class,Home Office,United States,Burlington,Iowa,Central,Office Supplies,Binders,449.4,3,2.592,149.8,0.005767690254,4,FALSE
2019,January,24,4,Second Class,Corporate,United States,Gulfport,Mississippi,South,Office Supplies,Binders,31.36,4,15.68,7.84,0.5,1,FALSE
2019,January,25,4,Second Class,Corporate,United States,New York City,New York,East,Office Supplies,Binders,43.12,5,15.092,8.624,0.35,1,FALSE
2019,March,11,11,First Class,Corporate,United States,Eagan,Minnesota,Central,Office Supplies,Binders,17.46,2,8.2062,8.73,0.47,1,FALSE
2019,March,13,11,Second Class,Corporate,United States,Philadelphia,Pennsylvania,East,Office Supplies,Binders,51.897,1,-41.5176,51.897,-0.8,1,FALSE
2019,March,13,11,Second Class,Corporate,United States,Philadelphia,Pennsylvania,East,Office Supplies,Binders,23.16,5,-15.44,4.632,-0.6666666667,1,FALSE
2019,April,10,15,First Class,Corporate,United States,Springfield,Ohio,East,Office Supplies,Binders,8.904,2,-6.5296,4.452,-0.7333333333,2,FALSE
2019,May,5,19,First Class,Corporate,United States,Henderson,Nevada,West,Office Supplies,Binders,5.728,2,2.0048,2.864,0.35,2,TRUE
2019,June,12,24,First Class,Corporate,United States,Decatur,Alabama,South,Office Supplies,Binders,16.74,3,8.0352,5.58,0.48,2,FALSE
2019,June,18,25,Second Class,Corporate,United States,Philadelphia,Pennsylvania,East,Office Supplies,Binders,4.626,2,-3.855,2.313,-0.8333333333,2,FALSE
2019,July,14,29,Second Class,Corporate,United States,New York City,New York,East,Office Supplies,Binders,9.144,3,3.2004,3.048,0.35,3,TRUE
2019,July,14,29,Second Class,Corporate,United States,New York City,New York,East,Office Supplies,Binders,8.544,2,2.8836,4.272,0.3375,3,TRUE
2019,July,16,29,Second Class,Corporate,United States,Columbia,South Carolina,South,Office Supplies,Binders,24.1,5,11.086,4.82,0.46,3,FALSE
2019,July,16,29,Second Class,Corporate,United States,Columbia,South Carolina,South,Office Supplies,Binders,6.46,2,3.1654,3.23,0.49,3,FALSE
2019,July,21,30,Second Class,Corporate,United States,Philadelphia,Pennsylvania,East,Office Supplies,Binders,1.941,1,-1.294,1.941,-0.6666666667,3,TRUE
2019,July,21,30,Same Day,Corporate,United States,Newark,Ohio,East,Office Supplies,Binders,11.088,7,-8.1312,1.584,-0.7333333333,3,TRUE
2019,August,13,33,Second Class,Corporate,United States,West Allis,Wisconsin,Central,Office Supplies,Binders,8.52,3,4.1748,2.84,0.49,3,FALSE
2019,August,21,34,Second Class,Corporate,United States,Seattle,Washington,West,Office Supplies,Binders,33.44,10,11.704,3.344,0.35,3,FALSE
2019,August,28,35,First Class,Corporate,United States,Cincinnati,Ohio,East,Office Supplies,Binders,18.432,8,-12.288,2.304,-0.6666666667,3,FALSE
2019,September,3,36,First Class,Corporate,United States,Monroe,Louisiana,South,Office Supplies,Binders,87.28,8,41.0216,10.91,0.47,3,FALSE
2019,September,24,39,First Class,Corporate,United States,Rockford,Illinois,Central,Office Supplies,Binders,442.372,7,-729.9138,63.196,-1.65,3,FALSE
2019,September,26,39,First Class,Corporate,United States,Houston,Texas,Central,Office Supplies,Binders,6.816,2,-11.5872,3.408,-1.7,3,FALSE
2019,October,21,43,Same Day,Corporate,United States,Manchester,Connecticut,East,Office Supplies,Binders,23.2,4,10.44,5.8,0.45,4,FALSE
2019,November,12,46,Second Class,Corporate,United States,La Porte,Indiana,Central,Office Supplies,Binders,17.38,2,8.69,8.69,0.5,4,FALSE
2019,November,26,48,First Class,Corporate,United States,Mobile,Alabama,South,Office Supplies,Binders,91.68,3,45.84,30.56,0.5,4,FALSE
2019,November,26,48,First Class,Corporate,United States,Mobile,Alabama,South,Office Supplies,Binders,33.75,5,16.875,6.75,0.5,4,FALSE
2019,November,27,48,First Class,Corporate,United States,Overland Park,Kansas,Central,Office Supplies,Binders,152,5,69.92,30.4,0.46,4,FALSE
2019,December,9,50,Second Class,Corporate,United States,Franklin,Tennessee,South,Office Supplies,Binders,2.946,2,-2.0622,1.473,-0.7,4,FALSE
2019,December,12,50,Same Day,Corporate,United States,Lorain,Ohio,East,Office Supplies,Binders,18.693,3,-14.3313,6.231,-0.7666666667,4,FALSE
2019,December,18,51,Second Class,Corporate,United States,Tamarac,Florida,South,Office Supplies,Binders,254.058,7,-169.372,36.294,-0.6666666667,4,FALSE
2019,December,19,51,Second Class,Corporate,United States,New York City,New York,East,Office Supplies,Binders,34.248,3,11.5587,11.416,0.3375,4,FALSE
2019,December,30,53,First Class,Corporate,United States,Deer Park,Texas,Central,Office Supplies,Binders,6.924,6,-10.386,1.154,-1.5,4,FALSE
2020,January,2,1,First Class,Corporate,United States,Jacksonville,North Carolina,South,Office Supplies,Binders,103.66,5,-12.528,20.732,-0.1208566467,1,FALSE
2020,January,2,1,First Class,Corporate,United States,Jacksonville,North Carolina,South,Office Supplies,Binders,140.854,6,-21.1596,23.47566667,-0.1502236358,1,FALSE
2020,January,26,5,Second Class,Corporate,United States,Hoover,Alabama,South,Office Supplies,Binders,111.16,2,3.4368,55.58,0.03091759626,1,TRUE
2020,March,2,10,Same Day,Corporate,United States,Waco,Texas,Central,Office Supplies,Binders,118.556,1,-0.9452,118.556,-0.007972603664,1,FALSE
2020,March,5,10,Same Day,Corporate,United States,Southaven,Mississippi,South,Office Supplies,Binders,271.36,6,112.4928,45.22666667,0.4145518868,1,FALSE
2020,March,31,14,Second Class,Corporate,United States,Atlanta,Georgia,South,Office Supplies,Binders,118.54,1,17.27,118.54,0.1456892188,1,FALSE
2020,March,31,14,Second Class,Corporate,United States,Atlanta,Georgia,South,Office Supplies,Binders,156.12,4,30.7776,39.03,0.197140661,1,FALSE
2020,April,10,15,Second Class,Corporate,United States,Jacksonville,Florida,South,Office Supplies,Binders,97.419,3,-3.0933,32.473,-0.03175253287,2,FALSE
2020,April,13,16,First Class,Corporate,United States,Seattle,Washington,West,Office Supplies,Binders,925.92,5,302.373,185.184,0.32656493,2,FALSE
2020,April,15,16,First Class,Corporate,United States,Miami,Florida,South,Office Supplies,Binders,107.57,3,-11.937,35.85666667,-0.1109696012,2,FALSE
2020,April,23,17,First Class,Corporate,United States,Columbus,Ohio,East,Office Supplies,Binders,107.76,5,-7.84,21.552,-0.07275426875,2,FALSE
2020,April,24,17,First Class,Corporate,United States,Philadelphia,Pennsylvania,East,Office Supplies,Binders,92.188,2,-0.99,46.094,-0.01073892481,2,FALSE
2020,April,24,17,First Class,Corporate,United States,Philadelphia,Pennsylvania,East,Office Supplies,Binders,110.518,2,-5.7638,55.259,-0.05215259053,2,FALSE
2020,May,12,20,Second Class,Corporate,United States,Houston,Texas,Central,Office Supplies,Binders,131.24,4,-53.072,32.81,-0.4043889058,2,FALSE
2020,May,18,21,First Class,Corporate,United States,Sandy Springs,Georgia,South,Office Supplies,Binders,138.94,6,54.6912,23.15666667,0.3936317835,2,FALSE
2020,May,20,21,Same Day,Corporate,United States,Trenton,Michigan,Central,Office Supplies,Binders,115.28,2,19.8144,57.64,0.1718806384,2,FALSE
2020,May,28,22,Second Class,Corporate,United States,Chicago,Illinois,Central,Office Supplies,Binders,94.564,3,-6.237,31.52133333,-0.06595533184,2,FALSE
2020,June,1,23,Second Class,Corporate,United States,Indianapolis,Indiana,Central,Office Supplies,Binders,149.38,2,8.69,74.69,0.05817378498,2,FALSE
2020,June,17,25,First Class,Corporate,United States,Skokie,Illinois,Central,Office Supplies,Binders,131.304,4,-3.5712,32.826,-0.02719795284,2,FALSE
2020,June,17,25,First Class,Corporate,United States,Skokie,Illinois,Central,Office Supplies,Binders,123.36,4,-16.38,30.84,-0.1327821012,2,FALSE
2020,July,21,30,Second Class,Corporate,United States,Aurora,Illinois,Central,Office Supplies,Binders,122.192,7,-164.836,17.456,-1.348991751,3,FALSE
2020,July,21,30,Second Class,Corporate,United States,Aurora,Illinois,Central,Office Supplies,Binders,110.864,4,-4.5824,27.716,-0.04133352576,3,FALSE
2020,August,11,33,First Class,Corporate,United States,Bedford,Texas,Central,Office Supplies,Binders,109.864,8,-22.512,13.733,-0.2049078861,3,FALSE
2020,August,17,34,First Class,Corporate,United States,Watertown,New York,East,Office Supplies,Binders,933.92,5,302.373,186.784,0.3237675604,3,FALSE
2020,August,18,34,Second Class,Corporate,United States,New York City,New York,East,Office Supplies,Binders,140.424,9,33.57,15.60266667,0.2390616989,3,FALSE
2020,August,29,35,First Class,Corporate,United States,Quincy,Illinois,Central,Office Supplies,Binders,96.24,9,-5.184,10.69333333,-0.05386533666,3,FALSE
2020,September,4,36,First Class,Corporate,United States,Redmond,Oregon,West,Office Supplies,Binders,103.074,7,-58.716,14.72485714,-0.56964899,3,FALSE
2020,September,8,37,First Class,Corporate,United States,Arlington,Texas,Central,Office Supplies,Binders,125.616,7,-68.1856,17.94514286,-0.5428098331,3,FALSE
2020,September,12,37,First Class,Corporate,United States,Woonsocket,Rhode Island,East,Office Supplies,Binders,150.78,3,22.89,50.26,0.151810585,3,FALSE
2020,September,17,38,Second Class,Corporate,United States,Provo,Utah,West,Office Supplies,Binders,117.784,3,4.2717,39.26133333,0.03626723494,3,FALSE
2020,September,17,38,Second Class,Corporate,United States,Provo,Utah,West,Office Supplies,Binders,126.584,2,8.9544,63.292,0.07073879795,3,FALSE
2020,September,17,38,Second Class,Corporate,United States,Provo,Utah,West,Office Supplies,Binders,119.776,3,3.5022,39.92533333,0.02923958055,3,FALSE
2020,September,22,39,Second Class,Corporate,United States,New York City,New York,East,Office Supplies,Binders,113.176,3,14.5638,37.72533333,0.1286827596,3,FALSE
2020,September,25,39,First Class,Corporate,United States,Chester,Pennsylvania,East,Office Supplies,Binders,85.595,5,-6.303,17.119,-0.07363747882,3,FALSE
2020,November,5,45,First Class,Corporate,United States,Chicago,Illinois,Central,Office Supplies,Binders,106.03,5,-25.648,21.206,-0.2418938036,4,FALSE
2020,November,9,46,Second Class,Corporate,United States,Columbia,Maryland,East,Office Supplies,Binders,101.64,2,4.4344,50.82,0.04362849272,4,FALSE
2020,November,10,46,Second Class,Corporate,United States,Seattle,Washington,West,Office Supplies,Binders,112.352,3,9.5526,37.45066667,0.0850238536,4,FALSE
2020,November,10,46,First Class,Corporate,United States,Tucson,Arizona,West,Office Supplies,Binders,141.388,14,-25.592,10.09914286,-0.1810054602,4,FALSE
2020,November,12,46,Second Class,Corporate,United States,New York City,New York,East,Office Supplies,Binders,114.92,5,5.373,22.984,0.04675426384,4,FALSE
2020,November,13,46,First Class,Corporate,United States,Springfield,Ohio,East,Office Supplies,Binders,99.22,10,-7.48,9.922,-0.07538802661,4,FALSE
2020,November,16,47,Second Class,Corporate,United States,Elyria,Ohio,East,Office Supplies,Binders,97.824,1,-1.3984,97.824,-0.01429506052,4,FALSE
2020,November,18,47,Second Class,Corporate,United States,Miramar,Florida,South,Office Supplies,Binders,138.232,8,-16.1856,17.279,-0.1170901094,4,FALSE
2020,November,23,48,Second Class,Corporate,United States,Canton,Michigan,Central,Office Supplies,Binders,297.92,8,138.2016,37.24,0.4638882922,4,FALSE
2020,November,23,48,First Class,Corporate,United States,Dallas,Texas,Central,Office Supplies,Binders,118.104,2,-9.156,59.052,-0.07752489331,4,FALSE
2020,November,23,48,Second Class,Corporate,United States,Philadelphia,Pennsylvania,East,Office Supplies,Binders,115.476,1,-5.9808,115.476,-0.05179258028,4,FALSE
2020,November,24,48,Second Class,Corporate,United States,Summerville,South Carolina,South,Office Supplies,Binders,337.84,8,157.3632,42.23,0.4657920909,4,FALSE
2020,November,24,48,Second Class,Corporate,United States,Asheville,North Carolina,South,Office Supplies,Binders,132.008,8,-12.672,16.501,-0.09599418217,4,FALSE
2020,December,9,50,First Class,Corporate,United States,Houston,Texas,Central,Office Supplies,Binders,98.248,3,-1.9344,32.74933333,-0.01968895041,4,FALSE
2020,December,23,52,Second Class,Corporate,United States,Rockford,Illinois,Central,Office Supplies,Binders,316.84,4,-22.144,79.21,-0.06989016538,4,FALSE
2020,December,28,53,Second Class,Corporate,United States,Loveland,Colorado,West,Office Supplies,Binders,198.188,2,-0.99,99.094,-0.004995257029,4,FALSE
2019,February,2,5,Second Class,Consumer,United States,Arlington,Virginia,South,Office Supplies,Binders,36.4,8,18.2,4.55,0.5,1,FALSE
2019,February,12,7,First Class,Consumer,United States,Atlanta,Georgia,South,Office Supplies,Binders,15.92,4,7.4824,3.98,0.47,1,FALSE
2019,February,27,9,Second Class,Consumer,United States,La Crosse,Wisconsin,Central,Office Supplies,Binders,56.82,3,28.41,18.94,0.5,1,FALSE
2019,March,8,10,Same Day,Consumer,United States,Glendale,Arizona,West,Office Supplies,Binders,9.702,3,-7.1148,3.234,-0.7333333333,1,FALSE
2019,March,9,10,First Class,Consumer,United States,Andover,Massachusetts,East,Office Supplies,Binders,51.8,4,23.31,12.95,0.45,1,FALSE
2019,March,17,12,Same Day,Consumer,United States,Newark,Delaware,East,Office Supplies,Binders,32.54,2,15.9446,16.27,0.49,1,TRUE
2019,March,26,13,Second Class,Consumer,United States,Pocatello,Idaho,West,Office Supplies,Binders,17.04,3,5.538,5.68,0.325,1,FALSE
2019,April,14,16,First Class,Consumer,United States,Baltimore,Maryland,East,Office Supplies,Binders,25.06,2,11.7782,12.53,0.47,2,TRUE
2019,April,21,17,First Class,Consumer,United States,Seattle,Washington,West,Office Supplies,Binders,8.32,5,2.808,1.664,0.3375,2,TRUE
2019,April,25,17,Second Class,Consumer,United States,Philadelphia,Pennsylvania,East,Office Supplies,Binders,20.724,2,-13.816,10.362,-0.6666666667,2,FALSE
2019,April,25,17,Second Class,Consumer,United States,Philadelphia,Pennsylvania,East,Office Supplies,Binders,4.896,3,-3.4272,1.632,-0.7,2,FALSE
2019,May,1,18,First Class,Consumer,United States,Memphis,Tennessee,South,Office Supplies,Binders,2.742,2,-2.0108,1.371,-0.7333333333,2,FALSE
2019,May,2,18,Same Day,Consumer,United States,New York City,New York,East,Office Supplies,Binders,45.576,3,15.9516,15.192,0.35,2,FALSE
2019,May,15,20,Second Class,Consumer,United States,Fort Lauderdale,Florida,South,Office Supplies,Binders,7.764,4,-5.176,1.941,-0.6666666667,2,FALSE
2019,May,17,20,First Class,Consumer,United States,Chicago,Illinois,Central,Office Supplies,Binders,2.89,1,-4.7685,2.89,-1.65,2,FALSE
2019,May,29,22,Second Class,Consumer,United States,Montgomery,Alabama,South,Office Supplies,Binders,22.75,5,11.375,4.55,0.5,2,FALSE
2019,May,30,22,First Class,Consumer,United States,Wilmington,North Carolina,South,Office Supplies,Binders,3.282,2,-2.6256,1.641,-0.8,2,FALSE
2019,June,6,23,First Class,Consumer,United States,Little Rock,Arkansas,South,Office Supplies,Binders,64.14,3,30.7872,21.38,0.48,2,FALSE
2019,June,6,23,First Class,Consumer,United States,Little Rock,Arkansas,South,Office Supplies,Binders,11.67,3,5.6016,3.89,0.48,2,FALSE
2019,June,12,24,First Class,Consumer,United States,Wilmington,Delaware,East,Office Supplies,Binders,30.84,4,13.878,7.71,0.45,2,FALSE
2019,June,13,24,Second Class,Consumer,United States,New York City,New York,East,Office Supplies,Binders,33.568,2,11.7488,16.784,0.35,2,FALSE
2019,June,14,24,First Class,Consumer,United States,Boca Raton,Florida,South,Office Supplies,Binders,39.936,4,-26.624,9.984,-0.6666666667,2,FALSE
2019,June,17,25,First Class,Consumer,United States,Troy,New York,East,Office Supplies,Binders,48.48,4,16.362,12.12,0.3375,2,FALSE
2019,June,28,26,Second Class,Consumer,United States,Paterson,New Jersey,East,Office Supplies,Binders,7.96,2,3.7412,3.98,0.47,2,FALSE
2019,July,1,27,Same Day,Consumer,United States,Columbia,South Carolina,South,Office Supplies,Binders,14.2,2,6.532,7.1,0.46,3,FALSE
2019,July,1,27,Same Day,Consumer,United States,Columbia,South Carolina,South,Office Supplies,Binders,58.34,2,28.0032,29.17,0.48,3,FALSE
2019,July,17,29,Second Class,Consumer,United States,Seattle,Washington,West,Office Supplies,Binders,12.816,3,4.1652,4.272,0.325,3,FALSE
2019,July,28,31,First Class,Consumer,United States,Bethlehem,Pennsylvania,East,Office Supplies,Binders,1369.764,6,-913.176,228.294,-0.6666666667,3,TRUE
2019,July,29,31,First Class,Consumer,United States,Pensacola,Florida,South,Office Supplies,Binders,2.214,3,-1.476,0.738,-0.6666666667,3,FALSE
2019,August,4,32,First Class,Consumer,United States,Peoria,Illinois,Central,Office Supplies,Binders,3.98,5,-6.567,0.796,-1.65,3,TRUE
2019,August,13,33,Second Class,Consumer,United States,Jacksonville,North Carolina,South,Office Supplies,Binders,11.232,8,-8.2368,1.404,-0.7333333333,3,FALSE
2019,August,13,33,First Class,Consumer,United States,Springfield,Virginia,South,Office Supplies,Binders,22.32,4,10.7136,5.58,0.48,3,FALSE
2019,August,18,34,First Class,Consumer,United States,Edinburg,Texas,Central,Office Supplies,Binders,2.068,1,-3.4122,2.068,-1.65,3,TRUE
2019,August,19,34,First Class,Consumer,United States,New York City,New York,East,Office Supplies,Binders,146.688,6,55.008,24.448,0.375,3,FALSE
2019,August,19,34,First Class,Consumer,United States,New York City,New York,East,Office Supplies,Binders,276.784,2,89.9548,138.392,0.325,3,FALSE
2019,August,19,34,First Class,Consumer,United States,New York City,New York,East,Office Supplies,Binders,25.32,5,9.1785,5.064,0.3625,3,FALSE
2019,August,27,35,Second Class,Consumer,United States,Quincy,Massachusetts,East,Office Supplies,Binders,29,5,13.92,5.8,0.48,3,FALSE
2019,August,28,35,First Class,Consumer,United States,Dallas,Texas,Central,Office Supplies,Binders,13.14,9,-21.681,1.46,-1.65,3,FALSE
2019,August,28,35,First Class,Consumer,United States,Dallas,Texas,Central,Office Supplies,Binders,10.024,4,-16.5396,2.506,-1.65,3,FALSE
2019,August,30,35,First Class,Consumer,United States,Philadelphia,Pennsylvania,East,Office Supplies,Binders,37.764,6,-27.6936,6.294,-0.7333333333,3,FALSE
2019,September,2,36,Same Day,Consumer,United States,Madison,Wisconsin,Central,Office Supplies,Binders,8.26,2,3.8822,4.13,0.47,3,FALSE
2019,September,3,36,Second Class,Consumer,United States,Baltimore,Maryland,East,Office Supplies,Binders,12.76,2,5.8696,6.38,0.46,3,FALSE
2019,September,5,36,Second Class,Consumer,United States,Johnson City,Tennessee,South,Office Supplies,Binders,86.058,7,-63.1092,12.294,-0.7333333333,3,FALSE
2019,September,9,37,First Class,Consumer,United States,New York City,New York,East,Office Supplies,Binders,14.624,2,5.484,7.312,0.375,3,FALSE
2019,September,30,40,First Class,Consumer,United States,Quincy,Illinois,Central,Office Supplies,Binders,1.964,2,-3.2406,0.982,-1.65,3,FALSE
2019,October,1,40,Second Class,Consumer,United States,Hialeah,Florida,South,Office Supplies,Binders,5.388,4,-4.49,1.347,-0.8333333333,4,FALSE
2019,October,2,40,First Class,Consumer,United States,Phoenix,Arizona,West,Office Supplies,Binders,54.792,6,-40.1808,9.132,-0.7333333333,4,FALSE
2019,October,6,41,Same Day,Consumer,United States,Tulsa,Oklahoma,Central,Office Supplies,Binders,28.85,5,14.425,5.77,0.5,4,TRUE
2019,October,10,41,First Class,Consumer,United States,La Porte,Texas,Central,Office Supplies,Binders,16.392,2,-26.2272,8.196,-1.6,4,FALSE
2019,October,17,42,First Class,Consumer,United States,Perth Amboy,New Jersey,East,Office Supplies,Binders,315.98,1,148.5106,315.98,0.47,4,FALSE
2019,October,28,44,Same Day,Consumer,United States,Boynton Beach,Florida,South,Office Supplies,Binders,37.425,5,-29.94,7.485,-0.8,4,FALSE
2019,November,3,45,First Class,Consumer,United States,Portland,Oregon,West,Office Supplies,Binders,4.158,7,-3.465,0.594,-0.8333333333,4,TRUE
2019,November,7,45,First Class,Consumer,United States,Rochester,New York,East,Office Supplies,Binders,276.784,2,89.9548,138.392,0.325,4,FALSE
2019,November,14,46,Second Class,Consumer,United States,Atlanta,Georgia,South,Office Supplies,Binders,8.26,2,3.8822,4.13,0.47,4,FALSE
2019,November,20,47,First Class,Consumer,United States,Cincinnati,Ohio,East,Office Supplies,Binders,2.628,2,-1.9272,1.314,-0.7333333333,4,FALSE
2019,November,20,47,First Class,Consumer,United States,Cincinnati,Ohio,East,Office Supplies,Binders,14.427,3,-10.5798,4.809,-0.7333333333,4,FALSE
2019,November,24,48,First Class,Consumer,United States,New York City,New York,East,Office Supplies,Binders,17.216,4,6.0256,4.304,0.35,4,TRUE
2019,November,24,48,First Class,Consumer,United States,Seattle,Washington,West,Office Supplies,Binders,1219.96,5,381.2375,243.992,0.3125,4,TRUE
2019,November,26,48,Second Class,Consumer,United States,Philadelphia,Pennsylvania,East,Office Supplies,Binders,78.759,9,-57.7566,8.751,-0.7333333333,4,FALSE
2019,November,27,48,First Class,Consumer,United States,East Orange,New Jersey,East,Office Supplies,Binders,79.95,5,38.376,15.99,0.48,4,FALSE
2019,December,1,49,Second Class,Consumer,United States,Fairfield,Connecticut,East,Office Supplies,Binders,88.08,6,40.5168,14.68,0.46,4,TRUE
2019,December,4,49,First Class,Consumer,United States,New York City,New York,East,Office Supplies,Binders,1.728,1,0.6048,1.728,0.35,4,FALSE
2019,December,15,51,Second Class,Consumer,United States,Cuyahoga Falls,Ohio,East,Office Supplies,Binders,2.214,3,-1.476,0.738,-0.6666666667,4,TRUE
2019,December,16,51,Second Class,Consumer,United States,Chicago,Illinois,Central,Office Supplies,Binders,4.788,3,-7.9002,1.596,-1.65,4,FALSE
2019,December,25,52,Second Class,Consumer,United States,New York City,New York,East,Office Supplies,Binders,33.568,2,11.7488,16.784,0.35,4,FALSE
2020,January,15,3,First Class,Consumer,United States,Austin,Texas,Central,Office Supplies,Binders,98.276,1,-6.6278,98.276,-0.06744067728,1,FALSE
2020,January,15,3,First Class,Consumer,United States,Austin,Texas,Central,Office Supplies,Binders,118.784,4,-52.4544,29.696,-0.4415948276,1,FALSE
2020,January,16,3,Second Class,Consumer,United States,Jackson,Michigan,Central,Office Supplies,Binders,5455.96,4,2504.2216,1363.99,0.4589882624,1,FALSE
2020,February,5,6,Second Class,Consumer,United States,Waco,Texas,Central,Office Supplies,Binders,285.992,4,-426.986,71.498,-1.492999804,1,FALSE
2020,March,5,10,Same Day,Consumer,United States,Rochester,Minnesota,Central,Office Supplies,Binders,142.96,2,62.7004,71.48,0.4385870173,1,FALSE
2020,March,5,10,Same Day,Consumer,United States,Rochester,Minnesota,Central,Office Supplies,Binders,148.69,3,9.1581,49.56333333,0.06159190262,1,FALSE
2020,March,13,11,First Class,Consumer,United States,Fairfield,Connecticut,East,Office Supplies,Binders,139.88,2,15.44,69.94,0.110380326,1,FALSE
2020,March,16,12,Same Day,Consumer,United States,Columbus,Ohio,East,Office Supplies,Binders,125.193,3,-3.462,41.731,-0.0276533033,1,FALSE
2020,March,17,12,Second Class,Consumer,United States,New York City,New York,East,Office Supplies,Binders,146.144,3,3.0861,48.71466667,0.02111684366,1,FALSE
2020,March,27,13,Second Class,Consumer,United States,Richmond,Virginia,South,Office Supplies,Binders,146.76,2,8.88,73.38,0.06050695012,1,FALSE
2020,March,31,14,Second Class,Consumer,United States,Chicago,Illinois,Central,Office Supplies,Binders,95.468,13,-22.8956,7.343692308,-0.2398248628,1,FALSE
2020,April,9,15,Second Class,Consumer,United States,Detroit,Michigan,Central,Office Supplies,Binders,493.24,8,219.9904,61.655,0.4460108669,2,FALSE
2020,April,9,15,First Class,Consumer,United States,Jacksonville,Florida,South,Office Supplies,Binders,87.43,1,-13.363,87.43,-0.1528422738,2,FALSE
2020,April,12,16,Second Class,Consumer,United States,Providence,Rhode Island,East,Office Supplies,Binders,145.7,5,13.365,29.14,0.09172958133,2,TRUE
2020,May,5,19,First Class,Consumer,United States,Louisville,Colorado,West,Office Supplies,Binders,120.552,8,-7.3232,15.069,-0.06074722941,2,FALSE
2020,May,6,19,Same Day,Consumer,United States,Charlotte,North Carolina,South,Office Supplies,Binders,144.541,11,-52.5481,13.14009091,-0.3635515183,2,FALSE
2020,May,11,20,Same Day,Consumer,United States,Seattle,Washington,West,Office Supplies,Binders,87.032,2,9.4366,43.516,0.1084267856,2,FALSE
2020,May,15,20,Second Class,Consumer,United States,Phoenix,Arizona,West,Office Supplies,Binders,114.752,2,-3.168,57.376,-0.02760736196,2,FALSE
2020,May,25,22,Same Day,Consumer,United States,New York City,New York,East,Office Supplies,Binders,697.92,5,207.475,139.584,0.2972761921,2,FALSE
2020,May,30,22,First Class,Consumer,United States,Lafayette,Louisiana,South,Office Supplies,Binders,81.89,1,1.8672,81.89,0.02280131884,2,FALSE
2020,June,1,23,First Class,Consumer,United States,Dublin,Ohio,East,Office Supplies,Binders,108.798,2,-2.6586,54.399,-0.02443611096,2,FALSE
2020,June,11,24,Second Class,Consumer,United States,Seattle,Washington,West,Office Supplies,Binders,147.288,6,6.6294,24.548,0.04500977676,2,FALSE
2020,June,21,26,Second Class,Consumer,United States,Cleveland,Ohio,East,Office Supplies,Binders,128.256,6,-34.38,21.376,-0.2680576347,2,TRUE
2020,July,7,28,Second Class,Consumer,United States,Long Beach,New York,East,Office Supplies,Binders,129.472,3,6.3336,43.15733333,0.04891868512,3,FALSE
2020,August,16,34,Same Day,Consumer,United States,Columbia,Tennessee,South,Office Supplies,Binders,111.428,3,-11.19,37.14266667,-0.1004235919,3,TRUE
2020,September,3,36,Second Class,Consumer,United States,Chicago,Illinois,Central,Office Supplies,Binders,129.616,7,-68.1856,18.51657143,-0.5260585113,3,FALSE
2020,September,4,36,Second Class,Consumer,United States,Akron,Ohio,East,Office Supplies,Binders,88.368,2,-3.0576,44.184,-0.03460076046,3,FALSE
2020,September,4,36,Second Class,Consumer,United States,Akron,Ohio,East,Office Supplies,Binders,122.56,5,-20.448,24.512,-0.1668407311,3,FALSE
2020,September,9,37,First Class,Consumer,United States,Toledo,Ohio,East,Office Supplies,Binders,102.258,2,-5.215,51.129,-0.05099845489,3,FALSE
2020,September,9,37,First Class,Consumer,United States,Toledo,Ohio,East,Office Supplies,Binders,131.86,3,-3.564,43.95333333,-0.02702866677,3,FALSE
2020,September,10,37,Second Class,Consumer,United States,Springfield,Missouri,Central,Office Supplies,Binders,113.2,3,7.776,37.73333333,0.06869257951,3,FALSE
2020,September,10,37,Second Class,Consumer,United States,Springfield,Missouri,Central,Office Supplies,Binders,110.71,3,6.5808,36.90333333,0.05944178484,3,FALSE
2020,September,11,37,Same Day,Consumer,United States,Seattle,Washington,West,Office Supplies,Binders,1509.96,5,459.9875,301.992,0.3046355533,3,FALSE
2020,September,14,38,First Class,Consumer,United States,Philadelphia,Pennsylvania,East,Office Supplies,Binders,68.882,2,-2.588,34.441,-0.03757149909,3,FALSE
2020,September,14,38,First Class,Consumer,United States,Philadelphia,Pennsylvania,East,Office Supplies,Binders,143.312,4,-12.208,35.828,-0.08518477169,3,FALSE
2020,September,15,38,Second Class,Consumer,United States,Everett,Massachusetts,East,Office Supplies,Binders,291.48,7,116.3904,41.64,0.3993083573,3,FALSE
2020,September,15,38,Second Class,Consumer,United States,Salt Lake City,Utah,West,Office Supplies,Binders,317.056,9,106.9578,35.22844444,0.3373467148,3,FALSE
2020,September,16,38,First Class,Consumer,United States,Philadelphia,Pennsylvania,East,Office Supplies,Binders,585.194,2,-412.6154,292.597,-0.7050916448,3,FALSE
2020,September,16,38,First Class,Consumer,United States,Philadelphia,Pennsylvania,East,Office Supplies,Binders,98.444,2,-2.7552,49.222,-0.02798748527,3,FALSE
2020,September,22,39,First Class,Consumer,United States,Fayetteville,Arkansas,South,Office Supplies,Binders,720.96,4,318.3016,180.24,0.441496893,3,FALSE
2020,September,22,39,Second Class,Consumer,United States,Philadelphia,Pennsylvania,East,Office Supplies,Binders,94.607,1,-4.2987,94.607,-0.0454374412,3,FALSE
2020,September,23,39,Second Class,Consumer,United States,Seattle,Washington,West,Office Supplies,Binders,100.88,1,2.322,100.88,0.02301744647,3,FALSE
2020,September,24,39,First Class,Consumer,United States,Columbus,Georgia,South,Office Supplies,Binders,127.71,7,17.8066,18.24428571,0.1394299585,3,FALSE
2020,October,3,40,First Class,Consumer,United States,Minneapolis,Minnesota,Central,Office Supplies,Binders,1833.98,2,843.1706,916.99,0.4597490703,4,FALSE
2020,October,13,42,First Class,Consumer,United States,Freeport,Illinois,Central,Office Supplies,Binders,117.784,4,-145.176,29.446,-1.232561299,4,FALSE
2020,October,22,43,Second Class,Consumer,United States,Fort Collins,Colorado,West,Office Supplies,Binders,84.168,4,-2.5344,21.042,-0.03011120616,4,FALSE
2020,October,23,43,Second Class,Consumer,United States,San Antonio,Texas,Central,Office Supplies,Binders,105.564,3,-6.237,35.188,-0.05908264181,4,FALSE
2020,November,1,45,Second Class,Consumer,United States,Bellingham,Washington,West,Office Supplies,Binders,138.12,5,7.85,27.624,0.05683463655,4,TRUE
2020,November,5,45,Second Class,Consumer,United States,New York City,New York,East,Office Supplies,Binders,207.688,6,55.5822,34.61466667,0.2676235507,4,FALSE
2020,November,5,45,Second Class,Consumer,United States,New York City,New York,East,Office Supplies,Binders,114.424,1,3.7128,114.424,0.03244773824,4,FALSE
2020,November,6,45,Second Class,Consumer,United States,Fayetteville,North Carolina,South,Office Supplies,Binders,136.272,8,-10.6176,17.034,-0.07791475872,4,FALSE
2020,November,7,45,Same Day,Consumer,United States,Oklahoma City,Oklahoma,Central,Office Supplies,Binders,142.16,9,19.08,15.79555556,0.134214969,4,FALSE
2020,November,11,46,First Class,Consumer,United States,Garland,Texas,Central,Office Supplies,Binders,105.336,4,-32.088,26.334,-0.3046251994,4,FALSE
2020,November,14,46,Second Class,Consumer,United States,Grove City,Ohio,East,Office Supplies,Binders,83.648,2,-2.7968,41.824,-0.03343534813,4,FALSE
2020,November,14,46,Second Class,Consumer,United States,Houston,Texas,Central,Office Supplies,Binders,104.99,5,-32.985,20.998,-0.3141727784,4,FALSE
2020,November,17,47,Second Class,Consumer,United States,Hagerstown,Maryland,East,Office Supplies,Binders,135.8,6,20.586,22.63333333,0.1515905744,4,FALSE
2020,November,18,47,First Class,Consumer,United States,Seattle,Washington,West,Office Supplies,Binders,113.448,2,2.9568,56.724,0.0260630421,4,FALSE
2020,November,19,47,First Class,Consumer,United States,Houston,Texas,Central,Office Supplies,Binders,1556.188,6,-2287.782,259.3646667,-1.470119291,4,FALSE
2020,November,24,48,Second Class,Consumer,United States,Mesa,Arizona,West,Office Supplies,Binders,107.724,2,-15.1976,53.862,-0.1410790539,4,FALSE
2020,November,26,48,First Class,Consumer,United States,Rockford,Illinois,Central,Office Supplies,Binders,130.568,8,-53.7088,16.321,-0.4113473439,4,FALSE
2020,November,27,48,Second Class,Consumer,United States,New York City,New York,East,Office Supplies,Binders,138.424,6,36.2556,23.07066667,0.2619170086,4,FALSE
2020,December,1,49,Second Class,Consumer,United States,New York City,New York,East,Office Supplies,Binders,118.52,5,6.132,23.704,0.05173810327,4,FALSE
2020,December,2,49,Same Day,Consumer,United States,Peoria,Arizona,West,Office Supplies,Binders,163.86,6,-45.24,27.31,-0.2760893446,4,FALSE
2020,December,9,50,Second Class,Consumer,United States,Richmond,Kentucky,South,Office Supplies,Binders,137.36,2,13.5056,68.68,0.09832265579,4,FALSE
2020,December,9,50,Second Class,Consumer,United States,Detroit,Michigan,Central,Office Supplies,Binders,149.72,4,15.5112,37.43,0.1036013893,4,FALSE
2020,December,9,50,Second Class,Consumer,United States,Richmond,Kentucky,South,Office Supplies,Binders,135.92,4,7.4824,33.98,0.05505002943,4,FALSE
2020,December,10,50,First Class,Consumer,United States,Philadelphia,Pennsylvania,East,Office Supplies,Binders,443.273,1,-2.5093,443.273,-0.005660845574,4,FALSE
2020,December,21,52,Second Class,Consumer,United States,Columbia,South Carolina,South,Office Supplies,Binders,467.88,6,11.2236,77.98,0.0239882021,4,FALSE
2020,December,22,52,First Class,Consumer,United States,Toledo,Ohio,East,Office Supplies,Binders,128.641,1,-1.3128,128.641,-0.01020514455,4,FALSE
2020,December,29,53,Second Class,Consumer,United States,Louisville,Kentucky,South,Office Supplies,Binders,408.53,1,5.8891,408.53,0.01441534281,4,FALSE
2019,January,25,4,First Class,Corporate,United States,Plainfield,New Jersey,East,Office Supplies,Paper,18,5,8.28,3.6,0.46,1,FALSE
2019,March,3,10,First Class,Corporate,United States,Odessa,Texas,Central,Office Supplies,Paper,42.784,7,15.5092,6.112,0.3625,1,TRUE
2019,March,13,11,Second Class,Corporate,United States,Philadelphia,Pennsylvania,East,Office Supplies,Paper,41.24,5,13.9185,8.248,0.3375,1,FALSE
2019,March,24,13,First Class,Corporate,United States,Richmond,Indiana,Central,Office Supplies,Paper,22.48,1,10.3408,22.48,0.46,1,TRUE
2019,March,30,13,First Class,Corporate,United States,Norwich,Connecticut,East,Office Supplies,Paper,11.34,1,5.5566,11.34,0.49,1,FALSE
2019,April,7,15,First Class,Corporate,United States,Lakewood,New Jersey,East,Office Supplies,Paper,37.94,2,18.2112,18.97,0.48,2,TRUE
2019,May,5,19,First Class,Corporate,United States,Murfreesboro,Tennessee,South,Office Supplies,Paper,14.352,3,5.2026,4.784,0.3625,2,TRUE
2019,May,21,21,First Class,Corporate,United States,Warwick,Rhode Island,East,Office Supplies,Paper,111.96,2,54.8604,55.98,0.49,2,FALSE
2019,May,27,22,Second Class,Corporate,United States,Detroit,Michigan,Central,Office Supplies,Paper,144.12,3,69.1776,48.04,0.48,2,FALSE
2019,May,27,22,Second Class,Corporate,United States,Detroit,Michigan,Central,Office Supplies,Paper,314.55,3,150.984,104.85,0.48,2,FALSE
2019,June,6,23,Second Class,Corporate,United States,Lowell,Massachusetts,East,Office Supplies,Paper,105.52,4,48.5392,26.38,0.46,2,FALSE
2019,June,18,25,Second Class,Corporate,United States,Philadelphia,Pennsylvania,East,Office Supplies,Paper,6.848,2,2.14,3.424,0.3125,2,FALSE
2019,July,2,27,First Class,Corporate,United States,Huntsville,Texas,Central,Office Supplies,Paper,41.472,8,14.5152,5.184,0.35,3,FALSE
2019,July,3,27,Same Day,Corporate,United States,Philadelphia,Pennsylvania,East,Office Supplies,Paper,123.92,5,38.725,24.784,0.3125,3,FALSE
2019,July,7,28,Second Class,Corporate,United States,Aurora,Illinois,Central,Office Supplies,Paper,23.688,9,7.6986,2.632,0.325,3,TRUE
2019,July,16,29,Second Class,Corporate,United States,Columbia,South Carolina,South,Office Supplies,Paper,60.12,9,28.8576,6.68,0.48,3,FALSE
2019,July,25,30,Second Class,Corporate,United States,Milwaukee,Wisconsin,Central,Office Supplies,Paper,20.62,2,9.6914,10.31,0.47,3,FALSE
2019,August,1,31,Second Class,Corporate,United States,Amarillo,Texas,Central,Office Supplies,Paper,19.648,2,6.6312,9.824,0.3375,3,FALSE
2019,August,6,32,First Class,Corporate,United States,New York City,New York,East,Office Supplies,Paper,70.88,2,33.3136,35.44,0.47,3,FALSE
2019,August,26,35,First Class,Corporate,United States,Miami,Florida,South,Office Supplies,Paper,31.008,1,11.2404,31.008,0.3625,3,FALSE
2019,August,27,35,Second Class,Corporate,United States,Houston,Texas,Central,Office Supplies,Paper,79.92,5,27.972,15.984,0.35,3,FALSE
2019,September,3,36,First Class,Corporate,United States,Middletown,Connecticut,East,Office Supplies,Paper,48.16,7,22.1536,6.88,0.46,3,FALSE
2019,September,5,36,Second Class,Corporate,United States,Houston,Texas,Central,Office Supplies,Paper,25.92,5,9.072,5.184,0.35,3,FALSE
2019,September,5,36,Second Class,Corporate,United States,Houston,Texas,Central,Office Supplies,Paper,10.368,2,3.7584,5.184,0.3625,3,FALSE
2019,September,11,37,Second Class,Corporate,United States,Philadelphia,Pennsylvania,East,Office Supplies,Paper,8.448,2,2.64,4.224,0.3125,3,FALSE
2019,September,11,37,First Class,Corporate,United States,Phoenix,Arizona,West,Office Supplies,Paper,20.736,4,7.2576,5.184,0.35,3,FALSE
2019,September,11,37,First Class,Corporate,United States,Phoenix,Arizona,West,Office Supplies,Paper,9.568,2,2.99,4.784,0.3125,3,FALSE
2019,September,26,39,Second Class,Corporate,United States,Iowa City,Iowa,Central,Office Supplies,Paper,9.99,1,4.4955,9.99,0.45,3,FALSE
2019,September,28,39,First Class,Corporate,United States,Quincy,Illinois,Central,Office Supplies,Paper,99.136,4,30.98,24.784,0.3125,3,FALSE
2019,October,9,41,Second Class,Corporate,United States,Philadelphia,Pennsylvania,East,Office Supplies,Paper,19.136,4,5.98,4.784,0.3125,4,FALSE
2019,November,4,45,Second Class,Corporate,United States,Eugene,Oregon,West,Office Supplies,Paper,47.952,3,16.7832,15.984,0.35,4,FALSE
2019,November,4,45,Second Class,Corporate,United States,Eugene,Oregon,West,Office Supplies,Paper,15.176,1,5.3116,15.176,0.35,4,FALSE
2019,November,6,45,First Class,Corporate,United States,Jacksonville,Florida,South,Office Supplies,Paper,36.112,2,12.6392,18.056,0.35,4,FALSE
2019,November,6,45,First Class,Corporate,United States,Jacksonville,Florida,South,Office Supplies,Paper,88.768,2,31.0688,44.384,0.35,4,FALSE
2019,November,12,46,Second Class,Corporate,United States,La Porte,Indiana,Central,Office Supplies,Paper,19.98,2,8.991,9.99,0.45,4,FALSE
2019,November,21,47,Second Class,Corporate,United States,Des Moines,Iowa,Central,Office Supplies,Paper,40.46,7,19.8254,5.78,0.49,4,FALSE
2019,November,26,48,First Class,Corporate,United States,Mobile,Alabama,South,Office Supplies,Paper,70.98,7,34.7802,10.14,0.49,4,FALSE
2019,December,2,49,Second Class,Corporate,United States,Houston,Texas,Central,Office Supplies,Paper,30.816,9,9.63,3.424,0.3125,4,FALSE
2019,December,5,49,Second Class,Corporate,United States,Newark,Delaware,East,Office Supplies,Paper,4.98,1,2.3406,4.98,0.47,4,FALSE
2019,December,24,52,First Class,Corporate,United States,Seattle,Washington,West,Office Supplies,Paper,33.4,5,16.032,6.68,0.48,4,FALSE
2020,January,13,3,Second Class,Corporate,United States,Springfield,Missouri,Central,Office Supplies,Paper,121.4,5,15.552,24.28,0.1281054366,1,FALSE
2020,February,2,6,First Class,Corporate,United States,Columbus,Ohio,East,Office Supplies,Paper,2109.304,2,29.364,1054.652,0.01392117969,1,TRUE
2020,March,24,13,Second Class,Corporate,United States,New York City,New York,East,Office Supplies,Paper,234.92,4,106.5216,58.73,0.453437766,1,FALSE
2020,April,13,16,First Class,Corporate,United States,Seattle,Washington,West,Office Supplies,Paper,103.28,1,2.376,103.28,0.02300542215,2,FALSE
2020,April,21,17,First Class,Corporate,United States,Houston,Texas,Central,Office Supplies,Paper,91.736,4,7.2576,22.934,0.07911397924,2,FALSE
2020,April,23,17,First Class,Corporate,United States,Columbus,Ohio,East,Office Supplies,Paper,112.344,1,1.8704,112.344,0.0166488642,2,FALSE
2020,May,8,19,Second Class,Corporate,United States,Mansfield,Texas,Central,Office Supplies,Paper,163.472,8,14.5152,20.434,0.08879318782,2,FALSE
2020,May,19,21,Second Class,Corporate,United States,Knoxville,Tennessee,South,Office Supplies,Paper,124.888,7,10.1094,17.84114286,0.08094772917,2,FALSE
2020,June,8,24,Second Class,Corporate,United States,Dallas,Texas,Central,Office Supplies,Paper,175.056,3,28.7064,58.352,0.1639840965,2,FALSE
2020,June,17,25,First Class,Corporate,United States,Skokie,Illinois,Central,Office Supplies,Paper,110.224,2,4.4312,55.112,0.04020177094,2,FALSE
2020,June,27,26,Second Class,Corporate,United States,Seattle,Washington,West,Office Supplies,Paper,120.44,3,9.3312,40.14666667,0.07747592162,2,FALSE
2020,July,3,27,Second Class,Corporate,United States,Houston,Texas,Central,Office Supplies,Paper,297.896,7,92.4399,42.55657143,0.3103093026,3,FALSE
2020,July,15,29,First Class,Corporate,United States,Suffolk,Virginia,South,Office Supplies,Paper,120.96,2,6.2208,60.48,0.05142857143,3,FALSE
2020,August,4,32,First Class,Corporate,United States,Loveland,Colorado,West,Office Supplies,Paper,107.968,2,2.8884,53.984,0.02675237107,3,FALSE
2020,August,5,32,First Class,Corporate,United States,Richmond,Kentucky,South,Office Supplies,Paper,123.76,2,6.3296,61.88,0.05114414997,3,FALSE
2020,August,10,33,Second Class,Corporate,United States,Richmond,Indiana,Central,Office Supplies,Paper,218.2,5,83.284,43.64,0.3816865261,3,FALSE
2020,August,11,33,First Class,Corporate,United States,Bedford,Texas,Central,Office Supplies,Paper,133.664,4,10.0116,33.416,0.07490124491,3,FALSE
2020,August,21,34,Same Day,Corporate,United States,Chandler,Arizona,West,Office Supplies,Paper,100.88,1,29.358,100.88,0.2910190325,3,FALSE
2020,August,27,35,Same Day,Corporate,United States,Philadelphia,Pennsylvania,East,Office Supplies,Paper,116.672,3,3.96,38.89066667,0.03394130554,3,FALSE
2020,September,4,36,First Class,Corporate,United States,Chicago,Illinois,Central,Office Supplies,Paper,150.76,3,5.55,50.25333333,0.03681347838,3,FALSE
2020,September,8,37,First Class,Corporate,United States,Arlington,Texas,Central,Office Supplies,Paper,115.736,4,7.2576,28.934,0.06270823253,3,FALSE
2020,September,10,37,First Class,Corporate,United States,Akron,Ohio,East,Office Supplies,Paper,133.056,3,28.7064,44.352,0.2157467532,3,FALSE
2020,September,12,37,First Class,Corporate,United States,Woonsocket,Rhode Island,East,Office Supplies,Paper,138.36,7,21.7728,19.76571429,0.1573633998,3,FALSE
2020,September,14,38,First Class,Corporate,United States,Raleigh,North Carolina,South,Office Supplies,Paper,102.352,3,23.235,34.11733333,0.2270107081,3,FALSE
2020,September,17,38,Second Class,Corporate,United States,Provo,Utah,West,Office Supplies,Paper,191.88,3,80.7912,63.96,0.4210506567,3,FALSE
2020,September,23,39,First Class,Corporate,United States,Lubbock,Texas,Central,Office Supplies,Paper,95.248,2,3.3524,47.624,0.03519653956,3,FALSE
2020,September,30,40,First Class,Corporate,United States,Seattle,Washington,West,Office Supplies,Paper,178.94,3,82.2906,59.64666667,0.4598781715,3,FALSE
2020,September,30,40,First Class,Corporate,United States,Seattle,Washington,West,Office Supplies,Paper,100.76,2,5.7624,50.38,0.05718936086,3,FALSE
2020,October,17,42,Second Class,Corporate,United States,Warwick,Rhode Island,East,Office Supplies,Paper,115.96,2,6.2208,57.98,0.05364608486,4,FALSE
2020,October,21,43,First Class,Corporate,United States,Springfield,Oregon,West,Office Supplies,Paper,125.184,1,1.8144,125.184,0.01449386503,4,FALSE
2020,October,23,43,First Class,Corporate,United States,Cranston,Rhode Island,East,Office Supplies,Paper,113.44,8,21.2856,14.18,0.1876375176,4,FALSE
2020,October,29,44,Second Class,Corporate,United States,Auburn,New York,East,Office Supplies,Paper,146.96,8,22.5408,18.37,0.1533805117,4,FALSE
2020,November,3,45,Second Class,Corporate,United States,Richmond,Kentucky,South,Office Supplies,Paper,128.4,5,11.88,25.68,0.09252336449,4,FALSE
2020,November,18,47,Second Class,Corporate,United States,Miramar,Florida,South,Office Supplies,Paper,147.736,4,7.2576,36.934,0.04912546705,4,FALSE
2020,November,18,47,Second Class,Corporate,United States,Miramar,Florida,South,Office Supplies,Paper,143.472,8,14.5152,17.934,0.1011709602,4,FALSE
2020,November,23,48,First Class,Corporate,United States,Dallas,Texas,Central,Office Supplies,Paper,102.304,2,29.364,51.152,0.2870269002,4,FALSE
2020,November,23,48,First Class,Corporate,United States,Dallas,Texas,Central,Office Supplies,Paper,133.288,7,12.7008,19.04114286,0.09528839806,4,FALSE
2020,December,23,52,Second Class,Corporate,United States,Rockford,Illinois,Central,Office Supplies,Paper,431.872,4,63.7536,107.968,0.1476215175,4,FALSE
2020,December,23,52,Second Class,Corporate,United States,Little Rock,Arkansas,South,Office Supplies,Paper,1237.96,2,20.6816,618.98,0.01670619406,4,FALSE
2019,January,11,2,Second Class,Home Office,United States,Springfield,Ohio,East,Office Supplies,Paper,15.552,3,5.4432,5.184,0.35,1,FALSE
2019,January,11,2,Second Class,Home Office,United States,Springfield,Ohio,East,Office Supplies,Paper,63.312,3,20.5764,21.104,0.325,1,FALSE
2019,January,15,3,First Class,Home Office,United States,New York City,New York,East,Office Supplies,Paper,81.98,2,40.1702,40.99,0.49,1,FALSE
2019,February,5,6,Same Day,Home Office,United States,Smyrna,Georgia,South,Office Supplies,Paper,348.84,9,170.9316,38.76,0.49,1,FALSE
2019,February,5,6,Same Day,Home Office,United States,Smyrna,Georgia,South,Office Supplies,Paper,122.97,3,60.2553,40.99,0.49,1,FALSE
2019,February,5,6,Same Day,Home Office,United States,Smyrna,Georgia,South,Office Supplies,Paper,342.37,7,160.9139,48.91,0.47,1,FALSE
2019,March,29,13,Second Class,Home Office,United States,Chicago,Illinois,Central,Office Supplies,Paper,45.528,3,15.9348,15.176,0.35,1,FALSE
2019,April,3,14,Same Day,Home Office,United States,Dallas,Texas,Central,Office Supplies,Paper,10.272,3,3.21,3.424,0.3125,2,FALSE
2019,April,4,14,First Class,Home Office,United States,Springfield,Virginia,South,Office Supplies,Paper,27.81,3,13.0707,9.27,0.47,2,FALSE
2019,May,24,21,Same Day,Home Office,United States,Newport News,Virginia,South,Office Supplies,Paper,191.6,4,91.968,47.9,0.48,2,FALSE
2019,June,7,23,First Class,Home Office,United States,New York City,New York,East,Office Supplies,Paper,32.4,5,15.552,6.48,0.48,2,FALSE
2019,June,12,24,Second Class,Home Office,United States,Chicago,Illinois,Central,Office Supplies,Paper,313.488,7,113.6394,44.784,0.3625,2,FALSE
2019,June,12,24,Second Class,Home Office,United States,Houston,Texas,Central,Office Supplies,Paper,15.552,3,5.6376,5.184,0.3625,2,FALSE
2019,June,26,26,Same Day,Home Office,United States,Roseville,Michigan,Central,Office Supplies,Paper,368.91,9,180.7659,40.99,0.49,2,FALSE
2019,July,1,27,Same Day,Home Office,United States,New York City,New York,East,Office Supplies,Paper,75.06,9,33.777,8.34,0.45,3,FALSE
2019,September,1,36,First Class,Home Office,United States,New York City,New York,East,Office Supplies,Paper,24.56,2,11.5432,12.28,0.47,3,TRUE
2019,September,1,36,First Class,Home Office,United States,New York City,New York,East,Office Supplies,Paper,49.12,4,23.0864,12.28,0.47,3,TRUE
2019,September,5,36,Second Class,Home Office,United States,Chicago,Illinois,Central,Office Supplies,Paper,9.248,2,3.3524,4.624,0.3625,3,FALSE
2019,September,10,37,Second Class,Home Office,United States,New York City,New York,East,Office Supplies,Paper,6.69,1,3.0774,6.69,0.46,3,FALSE
2019,September,19,38,First Class,Home Office,United States,Providence,Rhode Island,East,Office Supplies,Paper,17.04,3,7.668,5.68,0.45,3,FALSE
2019,September,23,39,Second Class,Home Office,United States,Lancaster,Ohio,East,Office Supplies,Paper,11.952,3,4.0338,3.984,0.3375,3,FALSE
2019,October,21,43,Second Class,Home Office,United States,North Las Vegas,Nevada,West,Office Supplies,Paper,35.88,6,17.5812,5.98,0.49,4,FALSE
2019,November,26,48,First Class,Home Office,United States,Shelton,Connecticut,East,Office Supplies,Paper,13.36,2,6.4128,6.68,0.48,4,FALSE
2019,December,8,50,Second Class,Home Office,United States,Columbus,Ohio,East,Office Supplies,Paper,10.584,3,3.4398,3.528,0.325,4,TRUE
2019,December,18,51,First Class,Home Office,United States,Salem,Oregon,West,Office Supplies,Paper,11.648,2,3.7856,5.824,0.325,4,FALSE
2019,December,29,53,Second Class,Home Office,United States,Miami,Florida,South,Office Supplies,Paper,37.408,7,13.0928,5.344,0.35,4,TRUE
2019,December,29,53,Second Class,Home Office,United States,Miami,Florida,South,Office Supplies,Paper,25.344,6,8.8704,4.224,0.35,4,TRUE
2020,January,12,3,Second Class,Home Office,United States,Washington,District of Columbia,East,Office Supplies,Paper,138.08,6,19.2384,23.01333333,0.1393279258,1,TRUE
2020,February,3,6,Second Class,Home Office,United States,Chicago,Illinois,Central,Office Supplies,Paper,443.4,5,146.79,88.68,0.3310554804,1,FALSE
2020,February,3,6,Second Class,Home Office,United States,Chicago,Illinois,Central,Office Supplies,Paper,119.184,1,1.8144,119.184,0.01522351994,1,FALSE
2020,February,3,6,Second Class,Home Office,United States,Chicago,Illinois,Central,Office Supplies,Paper,159.584,2,23.7742,79.792,0.1489760878,1,FALSE
2020,March,13,11,Second Class,Home Office,United States,Albuquerque,New Mexico,West,Office Supplies,Paper,303.24,6,138.3552,50.54,0.4562564306,1,FALSE
2020,March,13,11,Same Day,Home Office,United States,Chicago,Illinois,Central,Office Supplies,Paper,122.552,3,5.6376,40.85066667,0.04600169724,1,FALSE
2020,March,13,11,Second Class,Home Office,United States,Albuquerque,New Mexico,West,Office Supplies,Paper,124.36,7,21.7728,17.76571429,0.1750788035,1,FALSE
2020,March,16,12,Second Class,Home Office,United States,Seattle,Washington,West,Office Supplies,Paper,116.48,1,3.1104,116.48,0.0267032967,1,FALSE
2020,April,9,15,First Class,Home Office,United States,New York City,New York,East,Office Supplies,Paper,211.6,4,91.968,52.9,0.43463138,2,FALSE
2020,April,9,15,First Class,Home Office,United States,New York City,New York,East,Office Supplies,Paper,144.96,2,6.2208,72.48,0.04291390728,2,FALSE
2020,June,15,25,First Class,Home Office,United States,Maple Grove,Minnesota,Central,Office Supplies,Paper,116.94,3,8.7906,38.98,0.07517188302,2,FALSE
2020,June,18,25,Second Class,Home Office,United States,Corpus Christi,Texas,Central,Office Supplies,Paper,123.352,3,23.235,41.11733333,0.1883633828,2,FALSE
2020,June,26,26,First Class,Home Office,United States,Detroit,Michigan,Central,Office Supplies,Paper,111.54,1,2.043,111.54,0.01831629909,2,FALSE
2020,July,2,27,First Class,Home Office,United States,Houston,Texas,Central,Office Supplies,Paper,207.96,5,59.4355,41.592,0.2858025582,3,FALSE
2020,July,3,27,Second Class,Home Office,United States,Lancaster,Ohio,East,Office Supplies,Paper,132.896,4,11.1024,33.224,0.08354201782,3,FALSE
2020,July,3,27,Second Class,Home Office,United States,Lancaster,Ohio,East,Office Supplies,Paper,138.96,6,11.223,23.16,0.0807642487,3,FALSE
2020,September,3,36,Second Class,Home Office,United States,New York City,New York,East,Office Supplies,Paper,469.4,4,201.312,117.35,0.428870899,3,FALSE
2020,September,17,38,Second Class,Home Office,United States,Roswell,Georgia,South,Office Supplies,Paper,133.32,3,49.9704,44.44,0.3748154815,3,FALSE
2020,September,28,40,First Class,Home Office,United States,Aurora,Colorado,West,Office Supplies,Paper,93.352,3,5.2026,31.11733333,0.05573099666,3,FALSE
2020,September,29,40,Same Day,Home Office,United States,Mentor,Ohio,East,Office Supplies,Paper,85.552,3,5.4432,28.51733333,0.06362446232,3,FALSE
2020,September,29,40,Same Day,Home Office,United States,Mentor,Ohio,East,Office Supplies,Paper,122.448,2,2.64,61.224,0.02156017248,3,FALSE
2020,October,2,40,First Class,Home Office,United States,Knoxville,Tennessee,South,Office Supplies,Paper,146.736,4,7.2576,36.684,0.04946025515,4,FALSE
2020,October,12,42,Same Day,Home Office,United States,Monroe,North Carolina,South,Office Supplies,Paper,117.968,2,2.6892,58.984,0.02279601248,4,FALSE
2020,October,19,43,Second Class,Home Office,United States,Houston,Texas,Central,Office Supplies,Paper,159.472,3,9.9468,53.15733333,0.062373332,4,FALSE
2020,November,5,45,First Class,Home Office,United States,Greenwood,Indiana,Central,Office Supplies,Paper,102.8,10,31.188,10.28,0.303385214,4,FALSE
2020,November,5,45,First Class,Home Office,United States,Greenwood,Indiana,Central,Office Supplies,Paper,177.94,3,82.2906,59.31333333,0.4624626279,4,FALSE
2020,November,5,45,First Class,Home Office,United States,Greenwood,Indiana,Central,Office Supplies,Paper,98.41,1,2.0286,98.41,0.02061375876,4,FALSE
2020,November,6,45,Second Class,Home Office,United States,Minneapolis,Minnesota,Central,Office Supplies,Paper,130.38,1,12.1348,130.38,0.09307255714,4,FALSE
2020,November,12,46,Same Day,Home Office,United States,Glendale,Arizona,West,Office Supplies,Paper,156.12,5,8.381,31.224,0.05368306431,4,FALSE
2020,November,19,47,First Class,Home Office,United States,New York City,New York,East,Office Supplies,Paper,103.36,2,6.4128,51.68,0.06204334365,4,FALSE
2020,December,25,52,Second Class,Home Office,United States,Huntsville,Alabama,South,Office Supplies,Paper,450.08,2,46.1184,225.04,0.102467117,4,FALSE
2020,December,25,52,Second Class,Home Office,United States,Huntsville,Alabama,South,Office Supplies,Paper,836.1,6,301.968,139.35,0.3611625404,4,FALSE
2019,January,31,5,Second Class,Consumer,United States,Dallas,Texas,Central,Office Supplies,Paper,15.552,3,5.4432,5.184,0.35,1,FALSE
2019,February,7,6,First Class,Consumer,United States,Lancaster,Ohio,East,Office Supplies,Paper,30.352,2,10.6232,15.176,0.35,1,FALSE
2019,February,14,7,First Class,Consumer,United States,Clinton,Maryland,East,Office Supplies,Paper,4.77,1,2.1465,4.77,0.45,1,FALSE
2019,March,9,10,First Class,Consumer,United States,Andover,Massachusetts,East,Office Supplies,Paper,17.94,3,8.7906,5.98,0.49,1,FALSE
2019,March,14,11,First Class,Consumer,United States,Harlingen,Texas,Central,Office Supplies,Paper,5.184,1,1.8792,5.184,0.3625,1,FALSE
2019,March,26,13,Second Class,Consumer,United States,Pocatello,Idaho,West,Office Supplies,Paper,17.64,3,8.6436,5.88,0.49,1,FALSE
2019,April,21,17,Same Day,Consumer,United States,Milford,Connecticut,East,Office Supplies,Paper,51.84,8,24.8832,6.48,0.48,2,TRUE
2019,April,23,17,First Class,Consumer,United States,Lancaster,Ohio,East,Office Supplies,Paper,108.336,6,37.9176,18.056,0.35,2,FALSE
2019,April,23,17,First Class,Consumer,United States,Lancaster,Ohio,East,Office Supplies,Paper,78.304,2,29.364,39.152,0.375,2,FALSE
2019,May,1,18,Second Class,Consumer,United States,Little Rock,Arkansas,South,Office Supplies,Paper,109.92,2,53.8608,54.96,0.49,2,FALSE
2019,May,1,18,Second Class,Consumer,United States,Little Rock,Arkansas,South,Office Supplies,Paper,19.44,3,9.3312,6.48,0.48,2,FALSE
2019,May,5,19,First Class,Consumer,United States,Louisville,Kentucky,South,Office Supplies,Paper,79.14,3,36.4044,26.38,0.46,2,TRUE
2019,May,8,19,Same Day,Consumer,United States,Cleveland,Ohio,East,Office Supplies,Paper,10.688,2,3.7408,5.344,0.35,2,FALSE
2019,May,8,19,Same Day,Consumer,United States,Cleveland,Ohio,East,Office Supplies,Paper,10.368,2,3.6288,5.184,0.35,2,FALSE
2019,May,15,20,Second Class,Consumer,United States,Springfield,Ohio,East,Office Supplies,Paper,15.232,4,5.5216,3.808,0.3625,2,FALSE
2019,May,17,20,First Class,Consumer,United States,Chicago,Illinois,Central,Office Supplies,Paper,30.528,8,9.54,3.816,0.3125,2,FALSE
2019,May,26,22,Same Day,Consumer,United States,Fort Worth,Texas,Central,Office Supplies,Paper,10.368,2,3.6288,5.184,0.35,2,TRUE
2019,May,26,22,Same Day,Consumer,United States,Fort Worth,Texas,Central,Office Supplies,Paper,14.352,3,5.2026,4.784,0.3625,2,TRUE
2019,June,4,23,First Class,Consumer,United States,Springfield,Virginia,South,Office Supplies,Paper,75.88,2,35.6636,37.94,0.47,2,FALSE
2019,June,4,23,Second Class,Consumer,United States,Chicago,Illinois,Central,Office Supplies,Paper,25.92,5,9.396,5.184,0.3625,2,FALSE
2019,June,4,23,Same Day,Consumer,United States,New York City,New York,East,Office Supplies,Paper,14.94,3,7.0218,4.98,0.47,2,FALSE
2019,June,6,23,First Class,Consumer,United States,Little Rock,Arkansas,South,Office Supplies,Paper,59.94,3,28.1718,19.98,0.47,2,FALSE
2019,June,6,23,First Class,Consumer,United States,Little Rock,Arkansas,South,Office Supplies,Paper,12.96,2,6.2208,6.48,0.48,2,FALSE
2019,June,15,24,First Class,Consumer,United States,Houston,Texas,Central,Office Supplies,Paper,173.488,7,54.215,24.784,0.3125,2,FALSE
2019,June,17,25,First Class,Consumer,United States,Troy,New York,East,Office Supplies,Paper,32.4,5,15.552,6.48,0.48,2,FALSE
2019,June,17,25,First Class,Consumer,United States,Troy,New York,East,Office Supplies,Paper,14.56,2,6.9888,7.28,0.48,2,FALSE
2019,June,18,25,First Class,Consumer,United States,Frankfort,Illinois,Central,Office Supplies,Paper,76.864,2,26.9024,38.432,0.35,2,FALSE
2019,June,28,26,Second Class,Consumer,United States,Paterson,New Jersey,East,Office Supplies,Paper,61.96,2,27.882,30.98,0.45,2,FALSE
2019,July,1,27,Same Day,Consumer,United States,Columbia,South Carolina,South,Office Supplies,Paper,12.96,2,6.2208,6.48,0.48,3,FALSE
2019,July,8,28,Same Day,Consumer,United States,Jacksonville,Florida,South,Office Supplies,Paper,15.984,2,4.995,7.992,0.3125,3,FALSE
2019,July,14,29,Second Class,Consumer,United States,Irving,Texas,Central,Office Supplies,Paper,219.84,5,79.692,43.968,0.3625,3,TRUE
2019,August,8,32,Second Class,Consumer,United States,Dallas,Texas,Central,Office Supplies,Paper,53.952,3,17.5344,17.984,0.325,3,FALSE
2019,August,9,32,First Class,Consumer,United States,Fayetteville,North Carolina,South,Office Supplies,Paper,30.816,9,9.63,3.424,0.3125,3,FALSE
2019,August,12,33,Same Day,Consumer,United States,Des Moines,Iowa,Central,Office Supplies,Paper,6.48,1,3.1104,6.48,0.48,3,FALSE
2019,August,13,33,Second Class,Consumer,United States,Jacksonville,North Carolina,South,Office Supplies,Paper,10.272,3,3.21,3.424,0.3125,3,FALSE
2019,August,14,33,First Class,Consumer,United States,Nashville,Tennessee,South,Office Supplies,Paper,15.552,3,5.4432,5.184,0.35,3,FALSE
2019,August,18,34,First Class,Consumer,United States,Edinburg,Texas,Central,Office Supplies,Paper,83.84,8,30.392,10.48,0.3625,3,TRUE
2019,August,26,35,Second Class,Consumer,United States,Seattle,Washington,West,Office Supplies,Paper,6.48,1,3.1104,6.48,0.48,3,FALSE
2019,August,27,35,Second Class,Consumer,United States,Quincy,Massachusetts,East,Office Supplies,Paper,122.97,3,60.2553,40.99,0.49,3,FALSE
2019,August,27,35,Second Class,Consumer,United States,Quincy,Massachusetts,East,Office Supplies,Paper,81.54,9,36.693,9.06,0.45,3,FALSE
2019,September,4,36,Second Class,Consumer,United States,Knoxville,Tennessee,South,Office Supplies,Paper,12.192,3,4.1148,4.064,0.3375,3,FALSE
2019,September,5,36,Second Class,Consumer,United States,Detroit,Michigan,Central,Office Supplies,Paper,91.36,4,42.0256,22.84,0.46,3,FALSE
2019,September,5,36,Second Class,Consumer,United States,Johnson City,Tennessee,South,Office Supplies,Paper,10.272,3,3.21,3.424,0.3125,3,FALSE
2019,September,27,39,Second Class,Consumer,United States,Atlanta,Georgia,South,Office Supplies,Paper,17.94,3,8.7906,5.98,0.49,3,FALSE
2019,October,1,40,Same Day,Consumer,United States,Amarillo,Texas,Central,Office Supplies,Paper,28.352,1,9.5688,28.352,0.3375,4,FALSE
2019,October,20,43,Second Class,Consumer,United States,Houston,Texas,Central,Office Supplies,Paper,51.016,7,15.9425,7.288,0.3125,4,TRUE
2019,October,22,43,Same Day,Consumer,United States,Seattle,Washington,West,Office Supplies,Paper,6.68,1,3.2064,6.68,0.48,4,FALSE
2019,October,31,44,Second Class,Consumer,United States,Hollywood,Florida,South,Office Supplies,Paper,32.064,6,11.2224,5.344,0.35,4,FALSE
2019,November,7,45,First Class,Consumer,United States,Rochester,New York,East,Office Supplies,Paper,12.96,2,6.2208,6.48,0.48,4,FALSE
2019,November,10,46,First Class,Consumer,United States,Troy,Ohio,East,Office Supplies,Paper,31.104,6,10.8864,5.184,0.35,4,TRUE
2019,November,14,46,Second Class,Consumer,United States,Atlanta,Georgia,South,Office Supplies,Paper,5.28,1,2.376,5.28,0.45,4,FALSE
2019,November,17,47,First Class,Consumer,United States,The Colony,Texas,Central,Office Supplies,Paper,15.232,4,5.5216,3.808,0.3625,4,TRUE
2019,November,20,47,First Class,Consumer,United States,Cincinnati,Ohio,East,Office Supplies,Paper,15.696,3,5.1012,5.232,0.325,4,FALSE
2019,November,24,48,First Class,Consumer,United States,New York City,New York,East,Office Supplies,Paper,11.56,2,5.6644,5.78,0.49,4,TRUE
2019,November,24,48,First Class,Consumer,United States,New York City,New York,East,Office Supplies,Paper,6.48,1,3.1104,6.48,0.48,4,TRUE
2019,November,24,48,Second Class,Consumer,United States,Dallas,Texas,Central,Office Supplies,Paper,74.352,3,23.235,24.784,0.3125,4,TRUE
2019,November,27,48,First Class,Consumer,United States,East Orange,New Jersey,East,Office Supplies,Paper,25.92,4,12.4416,6.48,0.48,4,FALSE
2019,November,27,48,First Class,Consumer,United States,East Orange,New Jersey,East,Office Supplies,Paper,204.95,5,100.4255,40.99,0.49,4,FALSE
2019,December,1,49,Second Class,Consumer,United States,Rochester,Minnesota,Central,Office Supplies,Paper,23.92,4,11.7208,5.98,0.49,4,TRUE
2019,December,3,49,First Class,Consumer,United States,Oceanside,New York,East,Office Supplies,Paper,182.72,8,84.0512,22.84,0.46,4,FALSE
2019,December,4,49,First Class,Consumer,United States,New York City,New York,East,Office Supplies,Paper,40.56,4,19.8744,10.14,0.49,4,FALSE
2019,December,20,51,Second Class,Consumer,United States,Fremont,Nebraska,Central,Office Supplies,Paper,33.9,5,15.594,6.78,0.46,4,FALSE
2019,December,29,53,First Class,Consumer,United States,Aurora,Illinois,Central,Office Supplies,Paper,186.048,6,67.4424,31.008,0.3625,4,TRUE
2020,January,16,3,Second Class,Consumer,United States,Jackson,Michigan,Central,Office Supplies,Paper,167.07,7,25.2315,23.86714286,0.1510235231,1,FALSE
2020,January,19,4,Second Class,Consumer,United States,Philadelphia,Pennsylvania,East,Office Supplies,Paper,117.696,4,7.0512,29.424,0.05991027732,1,TRUE
2020,January,29,5,Second Class,Consumer,United States,Marion,Iowa,Central,Office Supplies,Paper,129.85,5,45.528,25.97,0.3506199461,1,FALSE
2020,January,29,5,Second Class,Consumer,United States,Marion,Iowa,Central,Office Supplies,Paper,111.96,2,6.2208,55.98,0.05556270096,1,FALSE
2020,February,10,7,First Class,Consumer,United States,Clinton,Maryland,East,Office Supplies,Paper,1958.12,4,11.3288,489.53,0.005785549405,1,FALSE
2020,March,6,10,Second Class,Consumer,United States,New York City,New York,East,Office Supplies,Paper,132.38,1,12.1348,132.38,0.09166641487,1,FALSE
2020,March,13,11,First Class,Consumer,United States,Fairfield,Connecticut,East,Office Supplies,Paper,160.12,4,12.4752,40.03,0.07791156633,1,FALSE
2020,March,20,12,Same Day,Consumer,United States,Houston,Texas,Central,Office Supplies,Paper,284.064,7,102.774,40.58057143,0.3617987496,1,FALSE
2020,March,20,12,Same Day,Consumer,United States,Houston,Texas,Central,Office Supplies,Paper,169.704,2,19.1376,84.852,0.1127704709,1,FALSE
2020,March,23,13,First Class,Consumer,United States,Seattle,Washington,West,Office Supplies,Paper,126.04,3,9.6192,42.01333333,0.07631862901,1,FALSE
2020,March,25,13,Second Class,Consumer,United States,Dallas,Texas,Central,Office Supplies,Paper,89.848,2,2.14,44.924,0.02381800374,1,FALSE
2020,March,27,13,Second Class,Consumer,United States,Richmond,Virginia,South,Office Supplies,Paper,121.64,4,8.1144,30.41,0.06670831963,1,FALSE
2020,March,31,14,Second Class,Consumer,United States,New York City,New York,East,Office Supplies,Paper,182.04,8,36.0192,22.755,0.1978642057,1,FALSE
2020,April,9,15,First Class,Consumer,United States,Jacksonville,Florida,South,Office Supplies,Paper,266.64,3,88.074,88.88,0.3303105311,2,FALSE
2020,April,10,15,Same Day,Consumer,United States,Austin,Texas,Central,Office Supplies,Paper,118.368,2,3.6288,59.184,0.03065693431,2,FALSE
2020,April,12,16,Second Class,Consumer,United States,Providence,Rhode Island,East,Office Supplies,Paper,160.96,4,17.982,40.24,0.1117171968,2,TRUE
2020,April,14,16,First Class,Consumer,United States,Toledo,Ohio,East,Office Supplies,Paper,117.872,3,5.0286,39.29066667,0.04266153115,2,FALSE
2020,May,5,19,Same Day,Consumer,United States,New York City,New York,East,Office Supplies,Paper,117.68,1,3.2064,117.68,0.0272467709,2,FALSE
2020,May,11,20,Same Day,Consumer,United States,Seattle,Washington,West,Office Supplies,Paper,113.44,6,16.848,18.90666667,0.1485190409,2,FALSE
2020,May,14,20,First Class,Consumer,United States,Houston,Texas,Central,Office Supplies,Paper,100.864,2,26.9024,50.432,0.2667195431,2,FALSE
2020,May,14,20,First Class,Consumer,United States,Houston,Texas,Central,Office Supplies,Paper,152.952,3,16.1838,50.984,0.1058096658,2,FALSE
2020,May,15,20,Second Class,Consumer,United States,Phoenix,Arizona,West,Office Supplies,Paper,108.552,3,5.6376,36.184,0.05193455671,2,FALSE
2020,May,19,21,Same Day,Consumer,United States,Atlanta,Georgia,South,Office Supplies,Paper,206.64,4,91.9508,51.66,0.4449806427,2,FALSE
2020,May,27,22,Second Class,Consumer,United States,Memphis,Tennessee,South,Office Supplies,Paper,146.92,5,9.072,29.384,0.06174789001,2,FALSE
2020,June,1,23,First Class,Consumer,United States,Dublin,Ohio,East,Office Supplies,Paper,140.744,6,10.0572,23.45733333,0.07145739783,2,FALSE
2020,June,2,23,Second Class,Consumer,United States,Mesa,Arizona,West,Office Supplies,Paper,120.344,6,7.92,20.05733333,0.06581134082,2,FALSE
2020,June,2,23,Same Day,Consumer,United States,Jacksonville,North Carolina,South,Office Supplies,Paper,110.344,4,9.1872,27.586,0.08325962445,2,FALSE
2020,June,10,24,Same Day,Consumer,United States,Philadelphia,Pennsylvania,East,Office Supplies,Paper,152.032,6,15.012,25.33866667,0.09874237003,2,FALSE
2020,June,11,24,Second Class,Consumer,United States,Seattle,Washington,West,Office Supplies,Paper,159.94,2,18.2112,79.97,0.1138626985,2,FALSE
2020,June,12,24,Second Class,Consumer,United States,Kent,Washington,West,Office Supplies,Paper,114.44,3,9.3312,38.14666667,0.0815379238,2,FALSE
2020,July,7,28,First Class,Consumer,United States,Philadelphia,Pennsylvania,East,Office Supplies,Paper,138.552,3,5.4432,46.184,0.03928633293,3,FALSE
2020,July,15,29,Second Class,Consumer,United States,New York City,New York,East,Office Supplies,Paper,93.96,2,4.3904,46.98,0.0467262665,3,FALSE
2020,July,25,30,Second Class,Consumer,United States,Philadelphia,Pennsylvania,East,Office Supplies,Paper,130.736,4,7.2576,32.684,0.05551340105,3,FALSE
2020,July,27,31,Second Class,Consumer,United States,Seattle,Washington,West,Office Supplies,Paper,103.2,4,12.052,25.8,0.1167829457,3,FALSE
2020,July,27,31,Second Class,Consumer,United States,Seattle,Washington,West,Office Supplies,Paper,124.96,2,6.2208,62.48,0.04978233035,3,FALSE
2020,August,23,35,Second Class,Consumer,United States,Tallahassee,Florida,South,Office Supplies,Paper,89.72,5,2.943,17.944,0.03280205082,3,TRUE
2020,August,23,35,Second Class,Consumer,United States,Tallahassee,Florida,South,Office Supplies,Paper,179.568,2,15.49,89.784,0.08626258576,3,TRUE
2020,August,24,35,Second Class,Consumer,United States,Lancaster,Ohio,East,Office Supplies,Paper,138.368,2,3.7584,69.184,0.02716234968,3,FALSE
2020,August,25,35,Second Class,Consumer,United States,Jackson,Tennessee,South,Office Supplies,Paper,129.424,1,1.07,129.424,0.008267400173,3,FALSE
2020,August,31,36,Second Class,Consumer,United States,Fayetteville,North Carolina,South,Office Supplies,Paper,277.544,7,83.2097,39.64914286,0.2998072378,3,FALSE
2020,September,2,36,Second Class,Consumer,United States,Meriden,Connecticut,East,Office Supplies,Paper,101.92,4,37.5624,25.48,0.3685478807,3,FALSE
2020,September,2,36,Second Class,Consumer,United States,Meriden,Connecticut,East,Office Supplies,Paper,166.82,3,73.41,55.60666667,0.4400551493,3,FALSE
2020,September,4,36,Second Class,Consumer,United States,Akron,Ohio,East,Office Supplies,Paper,107.52,4,3.744,26.88,0.03482142857,3,FALSE
2020,September,7,37,First Class,Consumer,United States,Providence,Rhode Island,East,Office Supplies,Paper,118.9,5,7.774,23.78,0.06538267452,3,FALSE
2020,September,7,37,First Class,Consumer,United States,Providence,Rhode Island,East,Office Supplies,Paper,144.96,2,18.7812,72.48,0.1295612583,3,FALSE
2020,September,10,37,Same Day,Consumer,United States,New York City,New York,East,Office Supplies,Paper,100.76,2,9.0048,50.38,0.08936879714,3,FALSE
2020,September,10,37,Second Class,Consumer,United States,Springfield,Missouri,Central,Office Supplies,Paper,92.9,5,11.703,18.58,0.1259741658,3,FALSE
2020,September,11,37,Same Day,Consumer,United States,Seattle,Washington,West,Office Supplies,Paper,108.28,11,34.2144,9.843636364,0.3159807905,3,FALSE
2020,September,11,37,Same Day,Consumer,United States,Seattle,Washington,West,Office Supplies,Paper,116.44,3,9.3312,38.81333333,0.08013740982,3,FALSE
2020,September,11,37,Second Class,Consumer,United States,Chicago,Illinois,Central,Office Supplies,Paper,107.544,6,6.42,17.924,0.05969649632,3,FALSE
2020,September,12,37,First Class,Consumer,United States,Baltimore,Maryland,East,Office Supplies,Paper,142.85,5,45.528,28.57,0.3187119356,3,FALSE
2020,September,12,37,First Class,Consumer,United States,Baltimore,Maryland,East,Office Supplies,Paper,142.9,5,19.95,28.58,0.1396081176,3,FALSE
2020,September,14,38,Second Class,Consumer,United States,Jackson,Michigan,Central,Office Supplies,Paper,145.05,3,8.763,48.35,0.06041365047,3,FALSE
2020,September,16,38,Second Class,Consumer,United States,Philadelphia,Pennsylvania,East,Office Supplies,Paper,142.544,6,6.42,23.75733333,0.04503872488,3,FALSE
2020,September,17,38,Same Day,Consumer,United States,Seattle,Washington,West,Office Supplies,Paper,135.96,2,6.3504,67.98,0.04670785525,3,FALSE
2020,September,18,38,Second Class,Consumer,United States,Grand Island,Nebraska,Central,Office Supplies,Paper,99.96,2,7.98,49.98,0.07983193277,3,FALSE
2020,September,23,39,First Class,Consumer,United States,Miami,Florida,South,Office Supplies,Paper,277.64,3,88.074,92.54666667,0.317223743,3,FALSE
2020,September,23,39,Second Class,Consumer,United States,Pine Bluff,Arkansas,South,Office Supplies,Paper,115.96,2,6.2208,57.98,0.05364608486,3,FALSE
2020,September,24,39,First Class,Consumer,United States,Chicago,Illinois,Central,Office Supplies,Paper,113.424,3,3.7128,37.808,0.03273381295,3,FALSE
2020,September,30,40,Second Class,Consumer,United States,Baltimore,Maryland,East,Office Supplies,Paper,177.88,3,80.7912,59.29333333,0.4541893411,3,FALSE
2020,October,9,41,First Class,Consumer,United States,Wilmington,North Carolina,South,Office Supplies,Paper,111.816,4,3.5152,27.954,0.03143736138,4,FALSE
2020,October,12,42,First Class,Consumer,United States,New York City,New York,East,Office Supplies,Paper,122.96,2,4.6812,61.48,0.03807091737,4,FALSE
2020,October,13,42,First Class,Consumer,United States,Freeport,Illinois,Central,Office Supplies,Paper,102.312,3,20.5764,34.104,0.2011142388,4,FALSE
2020,October,13,42,First Class,Consumer,United States,Lafayette,Louisiana,South,Office Supplies,Paper,138.92,4,12.4416,34.73,0.08955945868,4,FALSE
2020,October,20,43,Same Day,Consumer,United States,Jacksonville,Florida,South,Office Supplies,Paper,108.672,1,2.502,108.672,0.02302340989,4,FALSE
2020,October,28,44,Second Class,Consumer,United States,Houston,Texas,Central,Office Supplies,Paper,88.552,3,5.4432,29.51733333,0.06146896739,4,FALSE
2020,October,28,44,Second Class,Consumer,United States,Fayetteville,North Carolina,South,Office Supplies,Paper,146.952,3,16.1838,48.984,0.1101298383,4,FALSE
2020,November,1,45,Second Class,Consumer,United States,Everett,Massachusetts,East,Office Supplies,Paper,239.7,10,91.056,23.97,0.3798748436,4,TRUE
2020,November,1,45,Second Class,Consumer,United States,Everett,Massachusetts,East,Office Supplies,Paper,174.99,1,20.0851,174.99,0.1147785588,4,TRUE
2020,November,2,45,First Class,Consumer,United States,Saint Louis,Missouri,Central,Office Supplies,Paper,102.76,2,5.7624,51.38,0.05607629428,4,FALSE
2020,November,3,45,Second Class,Consumer,United States,Wilmington,North Carolina,South,Office Supplies,Paper,95.272,3,5.2884,31.75733333,0.055508439,4,FALSE
2020,November,5,45,Second Class,Consumer,United States,New York City,New York,East,Office Supplies,Paper,140.96,2,53.2608,70.48,0.3778433598,4,FALSE
2020,November,5,45,Second Class,Consumer,United States,New York City,New York,East,Office Supplies,Paper,100.96,2,6.2208,50.48,0.06161648177,4,FALSE
2020,November,6,45,Second Class,Consumer,United States,Fayetteville,North Carolina,South,Office Supplies,Paper,143.104,6,10.8864,23.85066667,0.07607334526,4,FALSE
2020,November,13,46,Second Class,Consumer,United States,Memphis,Tennessee,South,Office Supplies,Paper,74.904,3,3.339,24.968,0.04457705864,4,FALSE
2020,November,16,47,Same Day,Consumer,United States,New York City,New York,East,Office Supplies,Paper,165.82,3,73.41,55.27333333,0.4427089615,4,FALSE
2020,November,16,47,First Class,Consumer,United States,Seattle,Washington,West,Office Supplies,Paper,155.68,6,34.6296,25.94666667,0.2224409044,4,FALSE
2020,November,19,47,Second Class,Consumer,United States,Carrollton,Texas,Central,Office Supplies,Paper,143.896,4,5.28,35.974,0.03669316729,4,FALSE
2020,November,20,47,First Class,Consumer,United States,New York City,New York,East,Office Supplies,Paper,115.76,7,22.4448,16.53714286,0.1938908086,4,FALSE
2020,November,21,47,First Class,Consumer,United States,Philadelphia,Pennsylvania,East,Office Supplies,Paper,119.448,2,2.64,59.724,0.02210166767,4,FALSE
2020,November,25,48,Second Class,Consumer,United States,Atlanta,Georgia,South,Office Supplies,Paper,150.87,9,23.9463,16.76333333,0.1587214158,4,FALSE
2020,November,28,48,First Class,Consumer,United States,Denver,Colorado,West,Office Supplies,Paper,137.768,2,31.0688,68.884,0.2255153592,4,FALSE
2020,December,3,49,Second Class,Consumer,United States,Thornton,Colorado,West,Office Supplies,Paper,100.32,2,3.741,50.16,0.03729066986,4,FALSE
2020,December,3,49,First Class,Consumer,United States,Plano,Texas,Central,Office Supplies,Paper,117.368,2,3.6288,58.684,0.03091813782,4,FALSE
2020,December,4,49,Second Class,Consumer,United States,Fairfield,Ohio,East,Office Supplies,Paper,178.352,3,23.235,59.45066667,0.1302760833,4,FALSE
2020,December,5,49,Second Class,Consumer,United States,New York City,New York,East,Office Supplies,Paper,113.6,6,9.936,18.93333333,0.08746478873,4,FALSE
2020,December,5,49,First Class,Consumer,United States,Columbus,Indiana,Central,Office Supplies,Paper,116.9,5,17.505,23.38,0.1497433704,4,FALSE
2020,December,8,50,Second Class,Consumer,United States,New York City,New York,East,Office Supplies,Paper,130.44,3,9.3312,43.48,0.07153633855,4,FALSE
2020,December,9,50,Second Class,Consumer,United States,Detroit,Michigan,Central,Office Supplies,Paper,130.94,3,7.0218,43.64666667,0.05362608828,4,FALSE
2020,December,10,50,First Class,Consumer,United States,Philadelphia,Pennsylvania,East,Office Supplies,Paper,103.368,2,3.6288,51.684,0.03510564198,4,FALSE
2020,December,11,50,Same Day,Consumer,United States,Aurora,Illinois,Central,Office Supplies,Paper,271.368,2,3.6288,135.684,0.01337224728,4,FALSE
2020,December,23,52,Second Class,Consumer,United States,College Station,Texas,Central,Office Supplies,Paper,338.672,8,10.3936,42.334,0.03068928048,4,FALSE
2019,January,7,2,Standard Class,Consumer,United States,Amarillo,Texas,Central,Office Supplies,Paper,25.92,5,9.072,5.184,0.35,1,FALSE
2019,January,14,3,Standard Class,Consumer,United States,Concord,North Carolina,South,Office Supplies,Paper,89.568,2,32.4684,44.784,0.3625,1,FALSE
2019,January,15,3,Standard Class,Consumer,United States,New York City,New York,East,Office Supplies,Paper,60.12,9,28.8576,6.68,0.48,1,FALSE
2019,January,22,4,Standard Class,Consumer,United States,Seattle,Washington,West,Office Supplies,Paper,12.96,2,6.2208,6.48,0.48,1,FALSE
2019,January,30,5,Standard Class,Corporate,United States,Chicago,Illinois,Central,Office Supplies,Paper,156.512,4,52.8228,39.128,0.3375,1,FALSE
2019,February,16,7,Standard Class,Corporate,United States,Chicago,Illinois,Central,Office Supplies,Paper,5.184,1,1.8144,5.184,0.35,1,FALSE
2019,February,20,8,Standard Class,Consumer,United States,Nashville,Tennessee,South,Office Supplies,Paper,16.496,2,5.5674,8.248,0.3375,1,FALSE
2019,March,1,9,Standard Class,Consumer,United States,Yonkers,New York,East,Office Supplies,Paper,26.38,1,12.1348,26.38,0.46,1,FALSE
2019,March,3,10,Standard Class,Consumer,United States,Newark,Delaware,East,Office Supplies,Paper,166.44,3,79.8912,55.48,0.48,1,TRUE
2019,March,8,10,Standard Class,Consumer,United States,New York City,New York,East,Office Supplies,Paper,12.96,2,6.3504,6.48,0.49,1,FALSE
2019,March,12,11,Standard Class,Corporate,United States,Monroe,Louisiana,South,Office Supplies,Paper,12.96,2,6.2208,6.48,0.48,1,FALSE
2019,March,13,11,Standard Class,Consumer,United States,San Antonio,Texas,Central,Office Supplies,Paper,70.08,5,24.528,14.016,0.35,1,FALSE
2019,March,15,11,Standard Class,Home Office,United States,Jackson,Mississippi,South,Office Supplies,Paper,319.76,14,147.0896,22.84,0.46,1,FALSE
2019,March,15,11,Standard Class,Home Office,United States,Jackson,Mississippi,South,Office Supplies,Paper,45.68,2,21.0128,22.84,0.46,1,FALSE
2019,March,20,12,Standard Class,Consumer,United States,Salem,Oregon,West,Office Supplies,Paper,20.736,4,7.2576,5.184,0.35,1,FALSE
2019,March,20,12,Standard Class,Consumer,United States,Salem,Oregon,West,Office Supplies,Paper,10.368,2,3.6288,5.184,0.35,1,FALSE
2019,March,29,13,Standard Class,Consumer,United States,New York City,New York,East,Office Supplies,Paper,13.48,2,6.74,6.74,0.5,1,FALSE
2019,April,8,15,Standard Class,Consumer,United States,New York City,New York,East,Office Supplies,Paper,34.4,5,15.824,6.88,0.46,2,FALSE
2019,April,8,15,Standard Class,Home Office,United States,Hot Springs,Arkansas,South,Office Supplies,Paper,25.92,4,12.7008,6.48,0.49,2,FALSE
2019,April,12,15,Standard Class,Consumer,United States,Springfield,Virginia,South,Office Supplies,Paper,40.99,1,20.0851,40.99,0.49,2,FALSE
2019,April,12,15,Standard Class,Corporate,United States,Wilson,North Carolina,South,Office Supplies,Paper,10.272,3,3.4668,3.424,0.3375,2,FALSE
2019,April,16,16,Standard Class,Consumer,United States,Nashville,Tennessee,South,Office Supplies,Paper,123.088,7,40.0036,17.584,0.325,2,FALSE
2019,April,18,16,Standard Class,Home Office,United States,Elmhurst,Illinois,Central,Office Supplies,Paper,9.664,2,3.2616,4.832,0.3375,2,FALSE
2019,April,19,16,Standard Class,Home Office,United States,Columbus,Ohio,East,Office Supplies,Paper,419.4,5,146.79,83.88,0.35,2,FALSE
2019,April,23,17,Standard Class,Corporate,United States,Charlotte,North Carolina,South,Office Supplies,Paper,36.24,5,11.325,7.248,0.3125,2,FALSE
2019,April,24,17,Standard Class,Home Office,United States,Colorado Springs,Colorado,West,Office Supplies,Paper,15.552,3,5.4432,5.184,0.35,2,FALSE
2019,April,28,18,Standard Class,Home Office,United States,Denver,Colorado,West,Office Supplies,Paper,29.472,3,9.9468,9.824,0.3375,2,TRUE
2019,May,2,18,Standard Class,Corporate,United States,New York City,New York,East,Office Supplies,Paper,13.08,2,6.0168,6.54,0.46,2,FALSE
2019,May,5,19,Standard Class,Home Office,United States,Tallahassee,Florida,South,Office Supplies,Paper,93.248,4,31.4712,23.312,0.3375,2,TRUE
2019,May,6,19,Standard Class,Home Office,United States,Lorain,Ohio,East,Office Supplies,Paper,49.568,2,15.49,24.784,0.3125,2,FALSE
2019,May,9,19,Standard Class,Corporate,United States,Austin,Texas,Central,Office Supplies,Paper,76.64,2,26.824,38.32,0.35,2,FALSE
2019,May,10,19,Standard Class,Consumer,United States,Seattle,Washington,West,Office Supplies,Paper,11.96,2,5.8604,5.98,0.49,2,FALSE
2019,May,14,20,Standard Class,Corporate,United States,Jacksonville,Florida,South,Office Supplies,Paper,31.104,6,10.8864,5.184,0.35,2,FALSE
2019,May,21,21,Standard Class,Corporate,United States,Dallas,Texas,Central,Office Supplies,Paper,82.656,9,30.996,9.184,0.375,2,FALSE
2019,May,23,21,Standard Class,Home Office,United States,Florence,Alabama,South,Office Supplies,Paper,4.98,1,2.4402,4.98,0.49,2,FALSE
2019,May,23,21,Standard Class,Consumer,United States,Philadelphia,Pennsylvania,East,Office Supplies,Paper,10.368,2,3.6288,5.184,0.35,2,FALSE
2019,May,25,21,Standard Class,Home Office,United States,Columbus,Georgia,South,Office Supplies,Paper,19.36,2,9.2928,9.68,0.48,2,FALSE
2019,May,26,22,Standard Class,Consumer,United States,Washington,District of Columbia,East,Office Supplies,Paper,19.44,3,9.3312,6.48,0.48,2,TRUE
2019,May,26,22,Standard Class,Consumer,United States,Washington,District of Columbia,East,Office Supplies,Paper,12.7,2,5.842,6.35,0.46,2,TRUE
2019,May,28,22,Standard Class,Corporate,United States,Tallahassee,Florida,South,Office Supplies,Paper,62.192,13,19.435,4.784,0.3125,2,FALSE
2019,May,30,22,Standard Class,Corporate,United States,Parker,Colorado,West,Office Supplies,Paper,32.792,1,11.8871,32.792,0.3625,2,FALSE
2019,May,30,22,Standard Class,Home Office,United States,Superior,Wisconsin,Central,Office Supplies,Paper,629.1,6,301.968,104.85,0.48,2,FALSE
2019,May,30,22,Standard Class,Home Office,United States,Superior,Wisconsin,Central,Office Supplies,Paper,45.36,7,21.7728,6.48,0.48,2,FALSE
2019,May,31,22,Standard Class,Consumer,United States,Decatur,Illinois,Central,Office Supplies,Paper,18.496,4,6.7048,4.624,0.3625,2,FALSE
2019,May,31,22,Standard Class,Consumer,United States,Decatur,Illinois,Central,Office Supplies,Paper,10.368,2,3.6288,5.184,0.35,2,FALSE
2019,June,2,23,Standard Class,Corporate,United States,Seattle,Washington,West,Office Supplies,Paper,30.18,3,13.8828,10.06,0.46,2,TRUE
2019,June,12,24,Standard Class,Consumer,United States,Chicago,Illinois,Central,Office Supplies,Paper,23.12,5,8.381,4.624,0.3625,2,FALSE
2019,June,12,24,Standard Class,Consumer,United States,Long Beach,New York,East,Office Supplies,Paper,92.94,3,41.823,30.98,0.45,2,FALSE
2019,June,20,25,Standard Class,Home Office,United States,Philadelphia,Pennsylvania,East,Office Supplies,Paper,45.056,8,15.2064,5.632,0.3375,2,FALSE
2019,June,20,25,Standard Class,Home Office,United States,Philadelphia,Pennsylvania,East,Office Supplies,Paper,15.552,3,5.4432,5.184,0.35,2,FALSE
2019,June,20,25,Standard Class,Corporate,United States,Carrollton,Texas,Central,Office Supplies,Paper,10.368,2,3.6288,5.184,0.35,2,FALSE
2019,June,23,26,Standard Class,Consumer,United States,New York City,New York,East,Office Supplies,Paper,146.73,3,68.9631,48.91,0.47,2,TRUE
2019,June,27,26,Standard Class,Corporate,United States,Highland Park,Illinois,Central,Office Supplies,Paper,37.464,7,12.1758,5.352,0.325,2,FALSE
2019,July,7,28,Standard Class,Consumer,United States,Orem,Utah,West,Office Supplies,Paper,12.96,2,6.2208,6.48,0.48,3,TRUE
2019,July,8,28,Standard Class,Corporate,United States,Providence,Rhode Island,East,Office Supplies,Paper,12.96,2,6.2208,6.48,0.48,3,FALSE
2019,July,15,29,Standard Class,Corporate,United States,Portland,Oregon,West,Office Supplies,Paper,105.52,5,34.294,21.104,0.325,3,FALSE
2019,July,16,29,Standard Class,Corporate,United States,Grand Prairie,Texas,Central,Office Supplies,Paper,20.016,3,6.255,6.672,0.3125,3,FALSE
2019,July,17,29,Standard Class,Corporate,United States,Perth Amboy,New Jersey,East,Office Supplies,Paper,55.48,1,26.6304,55.48,0.48,3,FALSE
2019,July,17,29,Standard Class,Consumer,United States,Springfield,Missouri,Central,Office Supplies,Paper,21.93,3,10.0878,7.31,0.46,3,FALSE
2019,July,17,29,Standard Class,Consumer,United States,Springfield,Missouri,Central,Office Supplies,Paper,7.64,1,3.7436,7.64,0.49,3,FALSE
2019,July,17,29,Standard Class,Consumer,United States,Springfield,Missouri,Central,Office Supplies,Paper,51.84,8,25.4016,6.48,0.49,3,FALSE
2019,July,18,29,Standard Class,Home Office,United States,Philadelphia,Pennsylvania,East,Office Supplies,Paper,18.496,4,6.7048,4.624,0.3625,3,FALSE
2019,July,19,29,Standard Class,Consumer,United States,Hattiesburg,Mississippi,South,Office Supplies,Paper,245.94,6,120.5106,40.99,0.49,3,FALSE
2019,July,22,30,Standard Class,Consumer,United States,Westland,Michigan,Central,Office Supplies,Paper,32.4,5,15.552,6.48,0.48,3,FALSE
2019,July,22,30,Standard Class,Corporate,United States,Columbia,Maryland,East,Office Supplies,Paper,51.84,8,24.8832,6.48,0.48,3,FALSE
2019,July,23,30,Standard Class,Consumer,United States,Mcallen,Texas,Central,Office Supplies,Paper,5.184,1,1.8144,5.184,0.35,3,FALSE
2019,July,25,30,Standard Class,Consumer,United States,Jackson,Mississippi,South,Office Supplies,Paper,65.5,5,32.095,13.1,0.49,3,FALSE
2019,July,28,31,Standard Class,Home Office,United States,Holland,Michigan,Central,Office Supplies,Paper,109.92,2,53.8608,54.96,0.49,3,TRUE
2019,August,8,32,Standard Class,Consumer,United States,Oklahoma City,Oklahoma,Central,Office Supplies,Paper,10.56,2,4.752,5.28,0.45,3,FALSE
2019,August,11,33,Standard Class,Home Office,United States,Tulsa,Oklahoma,Central,Office Supplies,Paper,32.4,5,15.552,6.48,0.48,3,TRUE
2019,August,22,34,Standard Class,Corporate,United States,Seattle,Washington,West,Office Supplies,Paper,19.44,3,9.3312,6.48,0.48,3,FALSE
2019,August,23,34,Standard Class,Consumer,United States,Seattle,Washington,West,Office Supplies,Paper,34.68,6,16.9932,5.78,0.49,3,FALSE
2019,August,26,35,Standard Class,Consumer,United States,Detroit,Michigan,Central,Office Supplies,Paper,11.56,2,5.6644,5.78,0.49,3,FALSE
2019,August,27,35,Standard Class,Consumer,United States,Dallas,Texas,Central,Office Supplies,Paper,3.528,1,1.1466,3.528,0.325,3,FALSE
2019,August,27,35,Standard Class,Consumer,United States,Dallas,Texas,Central,Office Supplies,Paper,4.624,1,1.6762,4.624,0.3625,3,FALSE
2019,August,28,35,Standard Class,Consumer,United States,Englewood,Colorado,West,Office Supplies,Paper,15.48,3,5.6115,5.16,0.3625,3,FALSE
2019,August,29,35,Standard Class,Home Office,United States,Chicago,Illinois,Central,Office Supplies,Paper,64.624,7,22.6184,9.232,0.35,3,FALSE
2019,September,1,36,Standard Class,Corporate,United States,Philadelphia,Pennsylvania,East,Office Supplies,Paper,30.48,6,9.906,5.08,0.325,3,TRUE
2019,September,3,36,Standard Class,Corporate,United States,Cincinnati,Ohio,East,Office Supplies,Paper,30.96,6,11.223,5.16,0.3625,3,FALSE
2019,September,4,36,Standard Class,Consumer,United States,Jonesboro,Arkansas,South,Office Supplies,Paper,239.5,5,114.96,47.9,0.48,3,FALSE
2019,September,5,36,Standard Class,Consumer,United States,New York City,New York,East,Office Supplies,Paper,192.16,4,92.2368,48.04,0.48,3,FALSE
2019,September,6,36,Standard Class,Corporate,United States,Dallas,Texas,Central,Office Supplies,Paper,41.92,4,15.196,10.48,0.3625,3,FALSE
2019,September,8,37,Standard Class,Consumer,United States,Monroe,North Carolina,South,Office Supplies,Paper,64.704,3,23.4552,21.568,0.3625,3,TRUE
2019,September,8,37,Standard Class,Consumer,United States,Seattle,Washington,West,Office Supplies,Paper,30.87,7,14.2002,4.41,0.46,3,TRUE
2019,September,10,37,Standard Class,Consumer,United States,Edmonds,Washington,West,Office Supplies,Paper,81.98,2,40.1702,40.99,0.49,3,FALSE
2019,September,12,37,Standard Class,Corporate,United States,Roseville,Michigan,Central,Office Supplies,Paper,68.52,3,31.5192,22.84,0.46,3,FALSE
2019,September,13,37,Standard Class,Consumer,United States,Omaha,Nebraska,Central,Office Supplies,Paper,17.61,3,8.4528,5.87,0.48,3,FALSE
2019,September,13,37,Standard Class,Consumer,United States,Omaha,Nebraska,Central,Office Supplies,Paper,17.64,3,8.6436,5.88,0.49,3,FALSE
2019,September,14,37,Standard Class,Home Office,United States,Columbia,South Carolina,South,Office Supplies,Paper,25.92,4,12.4416,6.48,0.48,3,FALSE
2019,September,15,38,Standard Class,Consumer,United States,Philadelphia,Pennsylvania,East,Office Supplies,Paper,5.344,1,1.8704,5.344,0.35,3,TRUE
2019,September,15,38,Standard Class,Consumer,United States,Seattle,Washington,West,Office Supplies,Paper,21.4,5,10.058,4.28,0.47,3,TRUE
2019,September,18,38,Standard Class,Consumer,United States,Auburn,Alabama,South,Office Supplies,Paper,13.08,2,6.0168,6.54,0.46,3,FALSE
2019,September,22,39,Standard Class,Consumer,United States,Lawrence,Indiana,Central,Office Supplies,Paper,35.88,6,16.146,5.98,0.45,3,TRUE
2019,September,22,39,Standard Class,Consumer,United States,Grand Rapids,Michigan,Central,Office Supplies,Paper,35.56,7,16.7132,5.08,0.47,3,TRUE
2019,September,24,39,Standard Class,Consumer,United States,Broken Arrow,Oklahoma,Central,Office Supplies,Paper,6.48,1,3.1104,6.48,0.48,3,FALSE
2019,September,25,39,Standard Class,Corporate,United States,Tigard,Oregon,West,Office Supplies,Paper,60.048,9,22.518,6.672,0.375,3,FALSE
2019,September,26,39,Standard Class,Home Office,United States,Covington,Washington,West,Office Supplies,Paper,29.9,5,14.651,5.98,0.49,3,FALSE
2019,October,13,42,Standard Class,Consumer,United States,Laredo,Texas,Central,Office Supplies,Paper,8.288,2,3.0044,4.144,0.3625,4,TRUE
2019,October,13,42,Standard Class,Corporate,United States,New York City,New York,East,Office Supplies,Paper,37.94,2,18.2112,18.97,0.48,4,TRUE
2019,October,14,42,Standard Class,Consumer,United States,Jacksonville,North Carolina,South,Office Supplies,Paper,93.024,3,33.7212,31.008,0.3625,4,FALSE
2019,October,14,42,Standard Class,Consumer,United States,Jacksonville,North Carolina,South,Office Supplies,Paper,39.152,1,14.682,39.152,0.375,4,FALSE
2019,October,14,42,Standard Class,Corporate,United States,New York City,New York,East,Office Supplies,Paper,111.96,2,54.8604,55.98,0.49,4,FALSE
2019,October,15,42,Standard Class,Home Office,United States,Salt Lake City,Utah,West,Office Supplies,Paper,45.68,2,21.0128,22.84,0.46,4,FALSE
2019,October,15,42,Standard Class,Home Office,United States,Salt Lake City,Utah,West,Office Supplies,Paper,60.12,9,28.8576,6.68,0.48,4,FALSE
2019,October,15,42,Standard Class,Home Office,United States,Salt Lake City,Utah,West,Office Supplies,Paper,71.6,8,32.936,8.95,0.46,4,FALSE
2019,October,15,42,Standard Class,Home Office,United States,Oklahoma City,Oklahoma,Central,Office Supplies,Paper,12.96,2,6.2208,6.48,0.48,4,FALSE
2019,October,23,43,Standard Class,Home Office,United States,New York City,New York,East,Office Supplies,Paper,379.4,10,178.318,37.94,0.47,4,FALSE
2019,October,23,43,Standard Class,Corporate,United States,Chicago,Illinois,Central,Office Supplies,Paper,54.816,3,17.8152,18.272,0.325,4,FALSE
2019,October,24,43,Standard Class,Corporate,United States,Houston,Texas,Central,Office Supplies,Paper,15.552,3,5.4432,5.184,0.35,4,FALSE
2019,October,28,44,Standard Class,Corporate,United States,Belleville,New Jersey,East,Office Supplies,Paper,32.4,5,15.552,6.48,0.48,4,FALSE
2019,October,28,44,Standard Class,Corporate,United States,Belleville,New Jersey,East,Office Supplies,Paper,56.91,3,27.3168,18.97,0.48,4,FALSE
2019,November,3,45,Standard Class,Corporate,United States,Dallas,Texas,Central,Office Supplies,Paper,9.248,2,3.3524,4.624,0.3625,4,TRUE
2019,November,10,46,Standard Class,Home Office,United States,Springfield,Ohio,East,Office Supplies,Paper,89.568,2,32.4684,44.784,0.3625,4,TRUE
2019,November,10,46,Standard Class,Home Office,United States,Springfield,Ohio,East,Office Supplies,Paper,22.248,3,7.5087,7.416,0.3375,4,TRUE
2019,November,10,46,Standard Class,Home Office,United States,Springfield,Ohio,East,Office Supplies,Paper,4.624,1,1.6762,4.624,0.3625,4,TRUE
2019,November,13,46,Standard Class,Home Office,United States,Philadelphia,Pennsylvania,East,Office Supplies,Paper,217.056,7,78.6828,31.008,0.3625,4,FALSE
2019,November,14,46,Standard Class,Consumer,United States,Newark,Delaware,East,Office Supplies,Paper,16.45,5,7.567,3.29,0.46,4,FALSE
2019,November,18,47,Standard Class,Home Office,United States,Pasadena,Texas,Central,Office Supplies,Paper,19.648,2,6.6312,9.824,0.3375,4,FALSE
2019,November,19,47,Standard Class,Consumer,United States,Houston,Texas,Central,Office Supplies,Paper,10.368,2,3.6288,5.184,0.35,4,FALSE
2019,November,19,47,Standard Class,Consumer,United States,Long Beach,New York,East,Office Supplies,Paper,44.75,5,20.585,8.95,0.46,4,FALSE
2019,November,20,47,Standard Class,Corporate,United States,Columbus,Indiana,Central,Office Supplies,Paper,9.08,2,4.086,4.54,0.45,4,FALSE
2019,November,20,47,Standard Class,Corporate,United States,Columbus,Indiana,Central,Office Supplies,Paper,314.55,3,150.984,104.85,0.48,4,FALSE
2019,November,21,47,Standard Class,Consumer,United States,Chicago,Illinois,Central,Office Supplies,Paper,38.432,1,13.4512,38.432,0.35,4,FALSE
2019,November,21,47,Standard Class,Consumer,United States,New York City,New York,East,Office Supplies,Paper,12.96,2,6.3504,6.48,0.49,4,FALSE
2019,November,24,48,Standard Class,Consumer,United States,Medford,Oregon,West,Office Supplies,Paper,24.784,1,7.745,24.784,0.3125,4,TRUE
2019,November,24,48,Standard Class,Home Office,United States,Hialeah,Florida,South,Office Supplies,Paper,10.528,4,3.4216,2.632,0.325,4,TRUE
2019,November,25,48,Standard Class,Home Office,United States,Jacksonville,Florida,South,Office Supplies,Paper,5.08,1,1.651,5.08,0.325,4,FALSE
2019,November,30,48,Standard Class,Consumer,United States,Detroit,Michigan,Central,Office Supplies,Paper,33.36,4,16.68,8.34,0.5,4,FALSE
2019,November,30,48,Standard Class,Consumer,United States,Detroit,Michigan,Central,Office Supplies,Paper,13.76,2,6.3296,6.88,0.46,4,FALSE
2019,December,2,49,Standard Class,Consumer,United States,New York City,New York,East,Office Supplies,Paper,54.96,1,26.9304,54.96,0.49,4,FALSE
2019,December,6,49,Standard Class,Consumer,United States,Seattle,Washington,West,Office Supplies,Paper,248.08,7,116.5976,35.44,0.47,4,FALSE
2019,December,6,49,Standard Class,Consumer,United States,Seattle,Washington,West,Office Supplies,Paper,189.7,5,89.159,37.94,0.47,4,FALSE
2019,December,9,50,Standard Class,Corporate,United States,Fort Worth,Texas,Central,Office Supplies,Paper,9.392,2,3.2872,4.696,0.35,4,FALSE
2019,December,10,50,Standard Class,Consumer,United States,Seattle,Washington,West,Office Supplies,Paper,123.92,4,55.764,30.98,0.45,4,FALSE
2019,December,10,50,Standard Class,Corporate,United States,New York City,New York,East,Office Supplies,Paper,62.82,9,29.5254,6.98,0.47,4,FALSE
2019,December,10,50,Standard Class,Consumer,United States,Watertown,New York,East,Office Supplies,Paper,18.54,2,8.7138,9.27,0.47,4,FALSE
2019,December,10,50,Standard Class,Home Office,United States,New York City,New York,East,Office Supplies,Paper,6.48,1,3.1104,6.48,0.48,4,FALSE
2019,December,12,50,Standard Class,Consumer,United States,Columbus,Georgia,South,Office Supplies,Paper,49.12,4,23.0864,12.28,0.47,4,FALSE
2019,December,14,50,Standard Class,Consumer,United States,New York City,New York,East,Office Supplies,Paper,14.62,2,6.7252,7.31,0.46,4,FALSE
2019,December,15,51,Standard Class,Home Office,United States,Fayetteville,Arkansas,South,Office Supplies,Paper,19.44,3,9.3312,6.48,0.48,4,TRUE
2019,December,17,51,Standard Class,Corporate,United States,Arlington,Texas,Central,Office Supplies,Paper,51.84,10,18.144,5.184,0.35,4,FALSE
2019,December,23,52,Standard Class,Corporate,United States,Seattle,Washington,West,Office Supplies,Paper,47.9,1,22.992,47.9,0.48,4,FALSE
2019,December,23,52,Standard Class,Corporate,United States,Seattle,Washington,West,Office Supplies,Paper,37.94,2,18.2112,18.97,0.48,4,FALSE
2019,December,23,52,Standard Class,Home Office,United States,Philadelphia,Pennsylvania,East,Office Supplies,Paper,7.968,2,2.6892,3.984,0.3375,4,FALSE
2019,December,25,52,Standard Class,Consumer,United States,Fayetteville,Arkansas,South,Office Supplies,Paper,106.32,3,49.9704,35.44,0.47,4,FALSE
2019,December,26,52,Standard Class,Consumer,United States,Seattle,Washington,West,Office Supplies,Paper,33.9,5,15.594,6.78,0.46,4,FALSE
2019,December,27,52,Standard Class,Consumer,United States,Port Arthur,Texas,Central,Office Supplies,Paper,23.68,4,7.4,5.92,0.3125,4,FALSE
2019,December,27,52,Standard Class,Consumer,United States,Port Arthur,Texas,Central,Office Supplies,Paper,10.368,2,3.6288,5.184,0.35,4,FALSE
2019,December,30,53,Standard Class,Consumer,United States,West Palm Beach,Florida,South,Office Supplies,Paper,72.224,4,25.2784,18.056,0.35,4,FALSE
2019,December,31,53,Standard Class,Consumer,United States,Jacksonville,Florida,South,Office Supplies,Paper,23.48,5,8.218,4.696,0.35,4,FALSE
2020,January,14,3,Standard Class,Home Office,United States,Richmond,Indiana,Central,Office Supplies,Paper,99.34,1,5.5566,99.34,0.05593517214,1,FALSE
2020,January,14,3,Standard Class,Consumer,United States,Johnson City,Tennessee,South,Office Supplies,Paper,157.288,7,12.7008,22.46971429,0.0807486903,1,FALSE
2020,January,15,3,Standard Class,Consumer,United States,Quincy,Massachusetts,East,Office Supplies,Paper,134.7,2,5.842,67.35,0.04337045286,1,FALSE
2020,January,19,4,Standard Class,Consumer,United States,Burlington,Vermont,East,Office Supplies,Paper,101.92,4,37.5624,25.48,0.3685478807,1,TRUE
2020,January,19,4,Standard Class,Consumer,United States,Burlington,Vermont,East,Office Supplies,Paper,116.28,1,5.7716,116.28,0.04963536292,1,TRUE
2020,January,22,4,Standard Class,Home Office,United States,Great Falls,Montana,West,Office Supplies,Paper,118.96,2,5.382,59.48,0.04524209818,1,FALSE
2020,January,23,4,Standard Class,Corporate,United States,Seattle,Washington,West,Office Supplies,Paper,90.48,1,3.1104,90.48,0.03437665782,1,FALSE
2020,January,23,4,Standard Class,Corporate,United States,Seattle,Washington,West,Office Supplies,Paper,116.92,4,12.4416,29.23,0.1064112213,1,FALSE
2020,January,28,5,Standard Class,Consumer,United States,Wichita,Kansas,Central,Office Supplies,Paper,292.9,5,137.151,58.58,0.4682519631,1,FALSE
2020,February,3,6,Standard Class,Consumer,United States,Pembroke Pines,Florida,South,Office Supplies,Paper,134.296,3,40.3536,44.76533333,0.3004825162,1,FALSE
2020,February,13,7,Standard Class,Corporate,United States,New York City,New York,East,Office Supplies,Paper,96.94,3,8.7906,32.31333333,0.09068083351,1,FALSE
2020,February,16,8,Standard Class,Consumer,United States,New York City,New York,East,Office Supplies,Paper,140.94,2,18.2112,70.47,0.1292124308,1,TRUE
2020,February,17,8,Standard Class,Home Office,United States,Perth Amboy,New Jersey,East,Office Supplies,Paper,128.76,2,5.7624,64.38,0.04475302889,1,FALSE
2020,February,24,9,Standard Class,Corporate,United States,Philadelphia,Pennsylvania,East,Office Supplies,Paper,152.92,5,38.725,30.584,0.2532369867,1,FALSE
2020,February,28,9,Standard Class,Consumer,United States,Middletown,Connecticut,East,Office Supplies,Paper,943.78,1,3.501,943.78,0.003709550955,1,FALSE
2020,March,2,10,Standard Class,Corporate,United States,Newark,Delaware,East,Office Supplies,Paper,109.04,6,33.3396,18.17333333,0.305755686,1,FALSE
2020,March,3,10,Standard Class,Consumer,United States,Dallas,Texas,Central,Office Supplies,Paper,100.88,8,9.744,12.61,0.09659000793,1,FALSE
2020,March,4,10,Standard Class,Consumer,United States,Houston,Texas,Central,Office Supplies,Paper,134.568,2,32.4684,67.284,0.2412787587,1,FALSE
2020,March,17,12,Standard Class,Home Office,United States,Houston,Texas,Central,Office Supplies,Paper,119.272,3,3.21,39.75733333,0.02691327386,1,FALSE
2020,March,20,12,Standard Class,Consumer,United States,Middletown,Connecticut,East,Office Supplies,Paper,145.96,2,27.882,72.98,0.1910249383,1,FALSE
2020,March,21,12,Standard Class,Consumer,United States,Lafayette,Indiana,Central,Office Supplies,Paper,300.4,5,133.152,60.08,0.4432490013,1,FALSE
2020,March,21,12,Standard Class,Consumer,United States,Lafayette,Indiana,Central,Office Supplies,Paper,108.78,1,2.8322,108.78,0.02603603604,1,FALSE
2020,March,23,13,Standard Class,Consumer,United States,New York City,New York,East,Office Supplies,Paper,134.68,6,11.556,22.44666667,0.0858033858,1,FALSE
2020,March,26,13,Standard Class,Corporate,United States,Houston,Texas,Central,Office Supplies,Paper,116.352,3,23.235,38.784,0.1996957508,1,FALSE
2020,April,1,14,Standard Class,Consumer,United States,New York City,New York,East,Office Supplies,Paper,117.93,9,19.3185,13.10333333,0.1638132791,2,FALSE
2020,April,6,15,Standard Class,Home Office,United States,Marion,Iowa,Central,Office Supplies,Paper,147.32,3,49.9704,49.10666667,0.3391963074,2,FALSE
2020,April,9,15,Standard Class,Corporate,United States,York,Pennsylvania,East,Office Supplies,Paper,115.584,2,23.7742,57.792,0.2056876384,2,FALSE
2020,April,10,15,Standard Class,Home Office,United States,New Brunswick,New Jersey,East,Office Supplies,Paper,96.61,1,3.5767,96.61,0.03702204741,2,FALSE
2020,April,15,16,Standard Class,Home Office,United States,Houston,Texas,Central,Office Supplies,Paper,97.736,4,7.2576,24.434,0.07425718261,2,FALSE
2020,April,15,16,Standard Class,Consumer,United States,Concord,North Carolina,South,Office Supplies,Paper,114.552,3,5.4432,38.184,0.04751728473,2,FALSE
2020,April,17,16,Standard Class,Home Office,United States,Louisville,Colorado,West,Office Supplies,Paper,131.736,4,7.2576,32.934,0.05509200219,2,FALSE
2020,April,26,18,Standard Class,Home Office,United States,Seattle,Washington,West,Office Supplies,Paper,122.34,3,9.3564,40.78,0.07647866601,2,TRUE
2020,April,30,18,Standard Class,Consumer,United States,Columbus,Ohio,East,Office Supplies,Paper,119.368,2,3.6288,59.684,0.03040010723,2,FALSE
2020,May,4,19,Standard Class,Consumer,United States,Newport News,Virginia,South,Office Supplies,Paper,130.4,5,15.552,26.08,0.1192638037,2,FALSE
2020,May,4,19,Standard Class,Consumer,United States,Newport News,Virginia,South,Office Supplies,Paper,97.11,1,4.0995,97.11,0.0422150139,2,FALSE
2020,May,6,19,Standard Class,Consumer,United States,Tucson,Arizona,West,Office Supplies,Paper,122.416,4,27.4352,30.604,0.2241144948,2,FALSE
2020,May,11,20,Standard Class,Home Office,United States,Austin,Texas,Central,Office Supplies,Paper,90.848,2,2.14,45.424,0.02355582952,2,FALSE
2020,May,12,20,Standard Class,Consumer,United States,Everett,Massachusetts,East,Office Supplies,Paper,133.6,5,42.048,26.72,0.3147305389,2,FALSE
2020,May,13,20,Standard Class,Corporate,United States,Columbus,Indiana,Central,Office Supplies,Paper,88.94,3,7.3206,29.64666667,0.08230942208,2,FALSE
2020,May,14,20,Standard Class,Corporate,United States,Seattle,Washington,West,Office Supplies,Paper,485.19,9,206.8893,53.91,0.4264088295,2,FALSE
2020,May,14,20,Standard Class,Consumer,United States,Cleveland,Ohio,East,Office Supplies,Paper,149.784,1,7.745,149.784,0.05170779255,2,FALSE
2020,May,15,20,Standard Class,Consumer,United States,Chicago,Illinois,Central,Office Supplies,Paper,179.704,2,19.1376,89.852,0.1064951253,2,FALSE
2020,May,19,21,Standard Class,Consumer,United States,Atlanta,Georgia,South,Office Supplies,Paper,298.93,7,140.5957,42.70428571,0.4703298431,2,FALSE
2020,May,19,21,Standard Class,Corporate,United States,Rockford,Illinois,Central,Office Supplies,Paper,145.016,6,13.7808,24.16933333,0.09502951398,2,FALSE
2020,May,28,22,Standard Class,Corporate,United States,Cleveland,Ohio,East,Office Supplies,Paper,101.872,3,5.0286,33.95733333,0.0493619444,2,FALSE
2020,May,28,22,Standard Class,Corporate,United States,Phoenix,Arizona,West,Office Supplies,Paper,130.552,3,5.4432,43.51733333,0.04169373123,2,FALSE
2020,May,29,22,Standard Class,Consumer,United States,Columbus,Indiana,Central,Office Supplies,Paper,120.98,1,3.99,120.98,0.03298065796,2,FALSE
2020,May,29,22,Standard Class,Consumer,United States,Harlingen,Texas,Central,Office Supplies,Paper,125.92,5,9.396,25.184,0.07461880559,2,FALSE
2020,June,2,23,Standard Class,Consumer,United States,Houston,Texas,Central,Office Supplies,Paper,144.688,2,3.7408,72.344,0.02585425191,2,FALSE
2020,June,3,23,Standard Class,Consumer,United States,Pembroke Pines,Florida,South,Office Supplies,Paper,101.552,3,5.4432,33.85066667,0.05360012604,2,FALSE
2020,June,3,23,Standard Class,Corporate,United States,New York City,New York,East,Office Supplies,Paper,139.36,4,22.2264,34.84,0.159489093,2,FALSE
2020,June,4,23,Standard Class,Consumer,United States,Florence,Alabama,South,Office Supplies,Paper,125.48,2,5.616,62.74,0.04475613644,2,FALSE
2020,June,5,23,Standard Class,Corporate,United States,Orlando,Florida,South,Office Supplies,Paper,118.736,4,7.2576,29.684,0.06112383776,2,FALSE
2020,June,9,24,Standard Class,Consumer,United States,Salem,Virginia,South,Office Supplies,Paper,147.12,4,23.0864,36.78,0.1569222403,2,FALSE
2020,June,9,24,Standard Class,Home Office,United States,Chicago,Illinois,Central,Office Supplies,Paper,124.352,8,11.36,15.544,0.09135357694,2,FALSE
2020,June,12,24,Standard Class,Consumer,United States,New York City,New York,East,Office Supplies,Paper,113.04,4,9.3296,28.26,0.08253361642,2,FALSE
2020,June,15,25,Standard Class,Corporate,United States,Nashville,Tennessee,South,Office Supplies,Paper,125.36,5,29.692,25.072,0.2368538609,2,FALSE
2020,June,16,25,Standard Class,Home Office,United States,Carlsbad,New Mexico,West,Office Supplies,Paper,240.16,4,92.2368,60.04,0.3840639574,2,FALSE
2020,June,16,25,Standard Class,Home Office,United States,Carlsbad,New Mexico,West,Office Supplies,Paper,117.44,3,9.3312,39.14666667,0.07945504087,2,FALSE
2020,June,19,25,Standard Class,Corporate,United States,New York City,New York,East,Office Supplies,Paper,109.82,2,45.9754,54.91,0.4186432344,2,FALSE
2020,June,19,25,Standard Class,Consumer,United States,Houston,Texas,Central,Office Supplies,Paper,157.176,8,47.5072,19.647,0.3022547972,2,FALSE
2020,June,20,25,Standard Class,Consumer,United States,Richmond,Virginia,South,Office Supplies,Paper,129.4,5,15.552,25.88,0.1201854714,2,FALSE
2020,June,20,25,Standard Class,Consumer,United States,Parma,Ohio,East,Office Supplies,Paper,160.104,6,10.8864,26.684,0.06799580273,2,FALSE
2020,June,21,26,Standard Class,Home Office,United States,Wheeling,West Virginia,East,Office Supplies,Paper,467.84,8,219.4416,58.48,0.4690526676,2,TRUE
2020,June,24,26,Standard Class,Corporate,United States,Decatur,Illinois,Central,Office Supplies,Paper,98.272,3,3.21,32.75733333,0.03266444155,2,FALSE
2020,June,24,26,Standard Class,Consumer,United States,Akron,Ohio,East,Office Supplies,Paper,103.744,3,6.795,34.58133333,0.06549776373,2,FALSE
2020,June,26,26,Standard Class,Corporate,United States,New York City,New York,East,Office Supplies,Paper,112.52,3,31.5192,37.50666667,0.2801208674,2,FALSE
2020,June,27,26,Standard Class,Consumer,United States,Omaha,Nebraska,Central,Office Supplies,Paper,129.07,3,9.2322,43.02333333,0.07152862788,2,FALSE
2020,June,29,27,Standard Class,Corporate,United States,Mesquite,Texas,Central,Office Supplies,Paper,88.184,1,1.8144,88.184,0.02057516103,2,FALSE
2020,July,1,27,Standard Class,Home Office,United States,Indianapolis,Indiana,Central,Office Supplies,Paper,134.92,4,12.4416,33.73,0.09221464572,3,FALSE
2020,July,3,27,Standard Class,Home Office,United States,Quincy,Massachusetts,East,Office Supplies,Paper,113.56,2,11.5432,56.78,0.1016484678,3,FALSE
2020,July,5,28,Standard Class,Corporate,United States,Dallas,Texas,Central,Office Supplies,Paper,96.552,3,5.6376,32.184,0.05838926174,3,TRUE
2020,July,5,28,Standard Class,Corporate,United States,Dallas,Texas,Central,Office Supplies,Paper,125.104,6,11.2752,20.85066667,0.09012661466,3,TRUE
2020,July,6,28,Standard Class,Corporate,United States,Philadelphia,Pennsylvania,East,Office Supplies,Paper,111.056,3,5.8203,37.01866667,0.05240869471,3,FALSE
2020,July,8,28,Standard Class,Consumer,United States,Lowell,Massachusetts,East,Office Supplies,Paper,131.56,2,11.5432,65.78,0.0877409547,3,FALSE
2020,July,8,28,Standard Class,Home Office,United States,Seattle,Washington,West,Office Supplies,Paper,165.76,2,24.2696,82.88,0.1464140927,3,FALSE
2020,July,9,28,Standard Class,Consumer,United States,Manchester,Connecticut,East,Office Supplies,Paper,313.8,5,134.652,62.76,0.4291013384,3,FALSE
2020,July,12,29,Standard Class,Consumer,United States,Fairfield,Ohio,East,Office Supplies,Paper,89.816,1,1.1925,89.816,0.01327714438,3,TRUE
2020,July,13,29,Standard Class,Corporate,United States,Overland Park,Kansas,Central,Office Supplies,Paper,87.56,2,6.2376,43.78,0.07123800822,3,FALSE
2020,July,14,29,Standard Class,Consumer,United States,Columbus,Ohio,East,Office Supplies,Paper,122.248,2,3.3524,61.124,0.02742294352,3,FALSE
2020,July,17,29,Standard Class,Home Office,United States,Rome,New York,East,Office Supplies,Paper,119.9,5,47.952,23.98,0.3999332777,3,FALSE
2020,July,18,29,Standard Class,Consumer,United States,Phoenix,Arizona,West,Office Supplies,Paper,117.096,2,5.2312,58.548,0.04467445515,3,FALSE
2020,July,20,30,Standard Class,Corporate,United States,New York City,New York,East,Office Supplies,Paper,105.36,2,6.4128,52.68,0.06086560364,3,FALSE
2020,July,21,30,Standard Class,Home Office,United States,Plainfield,New Jersey,East,Office Supplies,Paper,100.48,1,3.1752,100.48,0.03160031847,3,FALSE
2020,July,23,30,Standard Class,Corporate,United States,Chicago,Illinois,Central,Office Supplies,Paper,145.312,3,20.5764,48.43733333,0.1416015195,3,FALSE
2020,July,31,31,Standard Class,Home Office,United States,Wilmington,Delaware,East,Office Supplies,Paper,123.54,1,5.5392,123.54,0.04483729966,3,FALSE
2020,July,31,31,Standard Class,Corporate,United States,Philadelphia,Pennsylvania,East,Office Supplies,Paper,166.816,3,17.8152,55.60533333,0.1067955112,3,FALSE
2020,August,1,31,Standard Class,Corporate,United States,Austin,Texas,Central,Office Supplies,Paper,128.288,7,12.7008,18.32685714,0.09900224495,3,FALSE
2020,August,6,32,Standard Class,Corporate,United States,Cedar Hill,Texas,Central,Office Supplies,Paper,144.296,3,40.3536,48.09866667,0.2796584798,3,FALSE
2020,August,11,33,Standard Class,Home Office,United States,New York City,New York,East,Office Supplies,Paper,110.92,4,12.4416,27.73,0.1121673278,3,FALSE
2020,August,12,33,Standard Class,Consumer,United States,Seattle,Washington,West,Office Supplies,Paper,222.16,4,92.2368,55.54,0.4151818509,3,FALSE
2020,August,12,33,Standard Class,Consumer,United States,Orlando,Florida,South,Office Supplies,Paper,150.736,4,7.2576,37.684,0.04814775502,3,FALSE
2020,August,19,34,Standard Class,Consumer,United States,Lawrence,Massachusetts,East,Office Supplies,Paper,111.44,3,9.3312,37.14666667,0.08373295047,3,FALSE
2020,August,21,34,Standard Class,Home Office,United States,Columbia,Maryland,East,Office Supplies,Paper,311.4,5,133.152,62.28,0.4275915222,3,FALSE
2020,August,21,34,Standard Class,Consumer,United States,Louisville,Colorado,West,Office Supplies,Paper,112.672,1,2.085,112.672,0.01850504118,3,FALSE
2020,August,25,35,Standard Class,Consumer,United States,Charlotte,North Carolina,South,Office Supplies,Paper,233.16,5,67.256,46.632,0.2884542803,3,FALSE
2020,August,27,35,Standard Class,Consumer,United States,Franklin,Tennessee,South,Office Supplies,Paper,109.184,1,1.8144,109.184,0.01661781946,3,FALSE
2020,August,28,35,Standard Class,Consumer,United States,Chicago,Illinois,Central,Office Supplies,Paper,102.72,5,9.352,20.544,0.09104361371,3,FALSE
2020,August,28,35,Standard Class,Consumer,United States,Chicago,Illinois,Central,Office Supplies,Paper,137.344,6,7.92,22.89066667,0.05766542404,3,FALSE
2020,September,2,36,Standard Class,Consumer,United States,Philadelphia,Pennsylvania,East,Office Supplies,Paper,112.192,3,4.1148,37.39733333,0.03667641187,3,FALSE
2020,September,2,36,Standard Class,Corporate,United States,New York City,New York,East,Office Supplies,Paper,90.12,4,7.704,22.53,0.08548601864,3,FALSE
2020,September,3,36,Standard Class,Corporate,United States,Chicago,Illinois,Central,Office Supplies,Paper,113.904,3,3.339,37.968,0.02931415929,3,FALSE
2020,September,4,36,Standard Class,Consumer,United States,Boynton Beach,Florida,South,Office Supplies,Paper,133.368,2,3.6288,66.684,0.02720892568,3,FALSE
2020,September,5,36,Standard Class,Consumer,United States,Knoxville,Tennessee,South,Office Supplies,Paper,144.552,3,5.4432,48.184,0.03765565333,3,FALSE
2020,September,7,37,Standard Class,Consumer,United States,Philadelphia,Pennsylvania,East,Office Supplies,Paper,93.552,3,5.4432,31.184,0.05818368394,3,FALSE
2020,September,7,37,Standard Class,Home Office,United States,Chicago,Illinois,Central,Office Supplies,Paper,157.008,9,26.4654,17.44533333,0.1685608377,3,FALSE
2020,September,9,37,Standard Class,Consumer,United States,Columbia,Tennessee,South,Office Supplies,Paper,213.536,4,62.1376,53.384,0.2909935561,3,FALSE
2020,September,9,37,Standard Class,Consumer,United States,Glendale,Arizona,West,Office Supplies,Paper,73.368,2,2.388,36.684,0.03254824992,3,FALSE
2020,September,9,37,Standard Class,Corporate,United States,Portland,Oregon,West,Office Supplies,Paper,162.104,6,11.2752,27.01733333,0.06955534718,3,FALSE
2020,September,11,37,Standard Class,Home Office,United States,Columbus,Georgia,South,Office Supplies,Paper,197.66,7,84.9436,28.23714286,0.4297460285,3,FALSE
2020,September,11,37,Standard Class,Consumer,United States,Houston,Texas,Central,Office Supplies,Paper,127.272,3,3.21,42.424,0.02522157269,3,FALSE
2020,September,14,38,Standard Class,Consumer,United States,New York City,New York,East,Office Supplies,Paper,90.56,2,3.852,45.28,0.04253533569,3,FALSE
2020,September,14,38,Standard Class,Consumer,United States,New York City,New York,East,Office Supplies,Paper,119.56,2,5.6644,59.78,0.04737704918,3,FALSE
2020,September,15,38,Standard Class,Consumer,United States,Lebanon,Tennessee,South,Office Supplies,Paper,208.96,5,59.4355,41.792,0.2844348201,3,FALSE
2020,September,15,38,Standard Class,Corporate,United States,Houston,Texas,Central,Office Supplies,Paper,165.872,8,11.5536,20.734,0.06965370888,3,FALSE
2020,September,16,38,Standard Class,Home Office,United States,Philadelphia,Pennsylvania,East,Office Supplies,Paper,109.736,4,7.2576,27.434,0.0661369104,3,FALSE
2020,September,18,38,Standard Class,Corporate,United States,Columbus,Georgia,South,Office Supplies,Paper,260.55,5,114.9385,52.11,0.4411379774,3,FALSE
2020,September,18,38,Standard Class,Corporate,United States,New York City,New York,East,Office Supplies,Paper,99.44,3,9.3312,33.14666667,0.09383748994,3,FALSE
2020,September,18,38,Standard Class,Corporate,United States,Green Bay,Wisconsin,Central,Office Supplies,Paper,134.72,4,10.224,33.68,0.07589073634,3,FALSE
2020,September,18,38,Standard Class,Corporate,United States,Columbus,Georgia,South,Office Supplies,Paper,144.92,4,12.4416,36.23,0.08585150428,3,FALSE
2020,September,18,38,Standard Class,Corporate,United States,Columbus,Georgia,South,Office Supplies,Paper,137.96,7,24.4608,19.70857143,0.1773035663,3,FALSE
2020,September,19,38,Standard Class,Consumer,United States,New York City,New York,East,Office Supplies,Paper,128.4,5,15.552,25.68,0.1211214953,3,FALSE
2020,September,20,39,Standard Class,Consumer,United States,New York City,New York,East,Office Supplies,Paper,122.76,2,6.3296,61.38,0.05156076898,3,TRUE
2020,September,20,39,Standard Class,Consumer,United States,New York City,New York,East,Office Supplies,Paper,142.52,9,18.1044,15.83555556,0.1270305922,3,TRUE
2020,September,22,39,Standard Class,Corporate,United States,Milwaukee,Wisconsin,Central,Office Supplies,Paper,268.84,4,107.7216,67.21,0.4006903735,3,FALSE
2020,September,22,39,Standard Class,Consumer,United States,Smyrna,Georgia,South,Office Supplies,Paper,114.96,2,6.2208,57.48,0.05411273486,3,FALSE
2020,September,22,39,Standard Class,Corporate,United States,Albuquerque,New Mexico,West,Office Supplies,Paper,142.18,3,12.231,47.39333333,0.08602475735,3,FALSE
2020,September,23,39,Standard Class,Consumer,United States,Chicago,Illinois,Central,Office Supplies,Paper,123.736,4,7.2576,30.934,0.05865390832,3,FALSE
2020,September,28,40,Standard Class,Corporate,United States,Jacksonville,Florida,South,Office Supplies,Paper,108.368,2,3.6288,54.184,0.0334858999,3,FALSE
2020,September,29,40,Standard Class,Consumer,United States,Mount Vernon,New York,East,Office Supplies,Paper,128.55,5,24.2285,25.71,0.1884753014,3,FALSE
2020,October,1,40,Standard Class,Corporate,United States,Seattle,Washington,West,Office Supplies,Paper,108.84,8,45.0016,13.605,0.4134656376,4,FALSE
2020,October,1,40,Standard Class,Consumer,United States,Fremont,Nebraska,Central,Office Supplies,Paper,141.85,1,50.328,141.85,0.3547973211,4,FALSE
2020,October,1,40,Standard Class,Corporate,United States,Seattle,Washington,West,Office Supplies,Paper,113.44,3,9.3312,37.81333333,0.08225669958,4,FALSE
2020,October,2,40,Standard Class,Consumer,United States,New York City,New York,East,Office Supplies,Paper,138.12,4,23.0864,34.53,0.1671474081,4,FALSE
2020,October,3,40,Standard Class,Consumer,United States,Hialeah,Florida,South,Office Supplies,Paper,94.552,3,5.4432,31.51733333,0.05756832219,4,FALSE
2020,October,6,41,Standard Class,Consumer,United States,Belleville,New Jersey,East,Office Supplies,Paper,170.7,3,68.976,56.9,0.4040773286,4,FALSE
2020,October,6,41,Standard Class,Home Office,United States,New York City,New York,East,Office Supplies,Paper,119.04,3,7.668,39.68,0.06441532258,4,FALSE
2020,October,6,41,Standard Class,Consumer,United States,Belleville,New Jersey,East,Office Supplies,Paper,133.48,1,3.1104,133.48,0.0233023674,4,FALSE
2020,October,6,41,Standard Class,Corporate,United States,New York City,New York,East,Office Supplies,Paper,125.99,1,20.0851,125.99,0.1594182078,4,FALSE
2020,October,6,41,Standard Class,Home Office,United States,Meridian,Idaho,West,Office Supplies,Paper,120.94,2,18.2112,60.47,0.1505804531,4,FALSE
2020,October,9,41,Standard Class,Consumer,United States,New York City,New York,East,Office Supplies,Paper,122.98,2,8.9206,61.49,0.07253699789,4,FALSE
2020,October,12,42,Standard Class,Home Office,United States,Dallas,Texas,Central,Office Supplies,Paper,109.368,2,3.7584,54.684,0.03436471363,4,FALSE
2020,October,13,42,Standard Class,Corporate,United States,Philadelphia,Pennsylvania,East,Office Supplies,Paper,101.648,2,4.0768,50.824,0.04010703605,4,FALSE
2020,October,13,42,Standard Class,Corporate,United States,Philadelphia,Pennsylvania,East,Office Supplies,Paper,121.176,4,5.9072,30.294,0.04874892718,4,FALSE
2020,October,16,42,Standard Class,Corporate,United States,Scottsdale,Arizona,West,Office Supplies,Paper,331.776,7,111.5688,47.39657143,0.3362774884,4,FALSE
2020,October,19,43,Standard Class,Corporate,United States,Philadelphia,Pennsylvania,East,Office Supplies,Paper,135.68,4,7.4,33.92,0.05454009434,4,FALSE
2020,October,20,43,Standard Class,Corporate,United States,Durham,North Carolina,South,Office Supplies,Paper,131.352,3,4.485,43.784,0.03414489311,4,FALSE
2020,October,20,43,Standard Class,Consumer,United States,Little Rock,Arkansas,South,Office Supplies,Paper,147.96,2,18.7812,73.98,0.1269343066,4,FALSE
2020,October,20,43,Standard Class,Home Office,United States,Philadelphia,Pennsylvania,East,Office Supplies,Paper,138.528,3,15.9348,46.176,0.1150294525,4,FALSE
2020,October,21,43,Standard Class,Home Office,United States,Lakewood,Ohio,East,Office Supplies,Paper,136.064,1,1.3716,136.064,0.01008055033,4,FALSE
2020,October,23,43,Standard Class,Corporate,United States,Rochester,New York,East,Office Supplies,Paper,88.56,2,5.6644,44.28,0.06396115628,4,FALSE
2020,October,23,43,Standard Class,Corporate,United States,Rochester,New York,East,Office Supplies,Paper,143.4,5,11.88,28.68,0.08284518828,4,FALSE
2020,October,27,44,Standard Class,Corporate,United States,Dallas,Texas,Central,Office Supplies,Paper,116.448,2,2.64,58.224,0.02267106348,4,FALSE
2020,October,27,44,Standard Class,Home Office,United States,Mesa,Arizona,West,Office Supplies,Paper,122.784,1,16.2342,122.784,0.1322175528,4,FALSE
2020,October,27,44,Standard Class,Corporate,United States,Tallahassee,Florida,South,Office Supplies,Paper,158.784,7,20.5842,22.68342857,0.1296364873,4,FALSE
2020,October,30,44,Standard Class,Consumer,United States,Philadelphia,Pennsylvania,East,Office Supplies,Paper,104.736,4,7.2576,26.184,0.06929422548,4,FALSE
2020,November,2,45,Standard Class,Corporate,United States,Seattle,Washington,West,Office Supplies,Paper,98.85,5,10.7325,19.77,0.1085735964,4,FALSE
2020,November,2,45,Standard Class,Consumer,United States,Salt Lake City,Utah,West,Office Supplies,Paper,109.44,3,9.3312,36.48,0.08526315789,4,FALSE
2020,November,3,45,Standard Class,Corporate,United States,Seattle,Washington,West,Office Supplies,Paper,154.86,7,65.7342,22.12285714,0.4244750097,4,FALSE
2020,November,3,45,Standard Class,Consumer,United States,Eagan,Minnesota,Central,Office Supplies,Paper,103.56,2,3.852,51.78,0.03719582851,4,FALSE
2020,November,3,45,Standard Class,Consumer,United States,Orlando,Florida,South,Office Supplies,Paper,110.688,2,3.7408,55.344,0.03379589477,4,FALSE
2020,November,4,45,Standard Class,Home Office,United States,Columbia,Tennessee,South,Office Supplies,Paper,106.664,2,3.2616,53.332,0.03057826446,4,FALSE
2020,November,6,45,Standard Class,Consumer,United States,New York City,New York,East,Office Supplies,Paper,339.96,9,149.9112,37.77333333,0.4409671726,4,FALSE
2020,November,6,45,Standard Class,Corporate,United States,Richmond,Kentucky,South,Office Supplies,Paper,103.78,1,2.8322,103.78,0.02729042205,4,FALSE
2020,November,6,45,Standard Class,Consumer,United States,Philadelphia,Pennsylvania,East,Office Supplies,Paper,129.952,3,16.1838,43.31733333,0.124536752,4,FALSE
2020,November,11,46,Standard Class,Home Office,United States,Springfield,Ohio,East,Office Supplies,Paper,111.368,2,3.6288,55.684,0.0325838661,4,FALSE
2020,November,12,46,Standard Class,Consumer,United States,Austin,Texas,Central,Office Supplies,Paper,254.056,9,69.705,28.22844444,0.2743686431,4,FALSE
2020,November,12,46,Standard Class,Consumer,United States,Austin,Texas,Central,Office Supplies,Paper,113.056,3,5.8203,37.68533333,0.05148156666,4,FALSE
2020,November,12,46,Standard Class,Consumer,United States,Tallahassee,Florida,South,Office Supplies,Paper,94.72,5,9.352,18.944,0.09873310811,4,FALSE
2020,November,12,46,Standard Class,Corporate,United States,Columbus,Ohio,East,Office Supplies,Paper,146.848,2,3.5256,73.424,0.02400849858,4,FALSE
2020,November,17,47,Standard Class,Consumer,United States,Charlotte,North Carolina,South,Office Supplies,Paper,284.24,7,93.884,40.60571429,0.3302983394,4,FALSE
2020,November,17,47,Standard Class,Corporate,United States,Hillsboro,Oregon,West,Office Supplies,Paper,133.608,3,6.6177,44.536,0.04953071672,4,FALSE
2020,November,17,47,Standard Class,Consumer,United States,New York City,New York,East,Office Supplies,Paper,157.88,6,18.6624,26.31333333,0.1182062326,4,FALSE
2020,November,18,47,Standard Class,Consumer,United States,Homestead,Florida,South,Office Supplies,Paper,159.384,1,15.5344,159.384,0.09746524118,4,FALSE
2020,November,21,47,Standard Class,Consumer,United States,Renton,Washington,West,Office Supplies,Paper,100.84,8,24.8832,12.605,0.2467592225,4,FALSE
2020,November,23,48,Standard Class,Corporate,United States,Chicago,Illinois,Central,Office Supplies,Paper,116.688,2,3.7408,58.344,0.03205813794,4,FALSE
2020,November,24,48,Standard Class,Corporate,United States,Lancaster,Pennsylvania,East,Office Supplies,Paper,265.544,7,83.2097,37.93485714,0.3133556021,4,FALSE
2020,November,24,48,Standard Class,Consumer,United States,New York City,New York,East,Office Supplies,Paper,111.96,2,6.2208,55.98,0.05556270096,4,FALSE
2020,November,24,48,Standard Class,Corporate,United States,New York City,New York,East,Office Supplies,Paper,123.88,1,2.8812,123.88,0.0232579916,4,FALSE
2020,November,27,48,Standard Class,Corporate,United States,Columbus,Indiana,Central,Office Supplies,Paper,207.28,6,72.8088,34.54666667,0.3512582015,4,FALSE
2020,November,28,48,Standard Class,Home Office,United States,Philadelphia,Pennsylvania,East,Office Supplies,Paper,102.344,6,7.92,17.05733333,0.07738607051,4,FALSE
2020,November,28,48,Standard Class,Home Office,United States,Philadelphia,Pennsylvania,East,Office Supplies,Paper,151.552,3,5.4432,50.51733333,0.03591638514,4,FALSE
2020,December,1,49,Standard Class,Corporate,United States,San Antonio,Texas,Central,Office Supplies,Paper,118.368,2,3.6288,59.184,0.03065693431,4,FALSE
2020,December,1,49,Standard Class,Home Office,United States,Fairfield,Connecticut,East,Office Supplies,Paper,153.44,3,9.3312,51.14666667,0.06081334724,4,FALSE
2020,December,1,49,Standard Class,Consumer,United States,Seattle,Washington,West,Office Supplies,Paper,129.86,7,18.837,18.55142857,0.1450562144,4,FALSE
2020,December,3,49,Standard Class,Consumer,United States,Fayetteville,North Carolina,South,Office Supplies,Paper,148.448,4,8.8624,37.112,0.05970036646,4,FALSE
2020,December,4,49,Standard Class,Corporate,United States,Philadelphia,Pennsylvania,East,Office Supplies,Paper,102.92,5,8.671,20.584,0.08424990284,4,FALSE
2020,December,7,50,Standard Class,Corporate,United States,San Antonio,Texas,Central,Office Supplies,Paper,128.552,3,5.4432,42.85066667,0.04234239841,4,FALSE
2020,December,8,50,Standard Class,Consumer,United States,Madison,Wisconsin,Central,Office Supplies,Paper,132.52,4,12.6592,33.13,0.09552671295,4,FALSE
2020,December,9,50,Standard Class,Consumer,United States,Park Ridge,Illinois,Central,Office Supplies,Paper,190.856,9,48.5514,21.20622222,0.2543876011,4,FALSE
2020,December,9,50,Standard Class,Corporate,United States,Phoenix,Arizona,West,Office Supplies,Paper,461.4,5,146.79,92.28,0.3181404421,4,FALSE
2020,December,9,50,Standard Class,Consumer,United States,Indianapolis,Indiana,Central,Office Supplies,Paper,139.45,5,15.387,27.89,0.1103406239,4,FALSE
2020,December,9,50,Standard Class,Consumer,United States,Chicago,Illinois,Central,Office Supplies,Paper,139.984,2,4.995,69.992,0.03568264945,4,FALSE
2020,December,9,50,Standard Class,Corporate,United States,Detroit,Michigan,Central,Office Supplies,Paper,118.96,2,6.2208,59.48,0.0522932078,4,FALSE
2020,December,11,50,Standard Class,Consumer,United States,New York City,New York,East,Office Supplies,Paper,470.94,3,8.073,156.98,0.01714231112,4,FALSE
2020,December,17,51,Standard Class,Home Office,United States,Columbus,Indiana,Central,Office Supplies,Paper,407.16,4,13.2352,101.79,0.03250614009,4,FALSE
2020,December,18,51,Standard Class,Consumer,United States,Columbus,Ohio,East,Office Supplies,Paper,344.36,5,29.692,68.872,0.08622371936,4,FALSE
2020,December,20,52,Standard Class,Corporate,United States,New York City,New York,East,Office Supplies,Paper,582.9,5,137.151,116.58,0.2352907874,4,TRUE
2020,December,20,52,Standard Class,Corporate,United States,Rochester,New York,East,Office Supplies,Paper,280.48,1,3.1104,280.48,0.01108956075,4,TRUE
2020,December,20,52,Standard Class,Corporate,United States,New York City,New York,East,Office Supplies,Paper,293.02,3,16.6698,97.67333333,0.05688963211,4,TRUE
2020,December,21,52,Standard Class,Consumer,United States,Paterson,New Jersey,East,Office Supplies,Paper,337.44,3,79.8912,112.48,0.2367567568,4,FALSE
2020,December,22,52,Standard Class,Consumer,United States,Houston,Texas,Central,Office Supplies,Paper,139.92,5,9.072,27.984,0.06483704974,4,FALSE
2020,December,22,52,Standard Class,Consumer,United States,Houston,Texas,Central,Office Supplies,Paper,473.88,5,26.558,94.776,0.05604372415,4,FALSE
2020,December,24,52,Standard Class,Corporate,United States,New Bedford,Massachusetts,East,Office Supplies,Paper,334.44,3,9.3312,111.48,0.02790096878,4,FALSE
2020,December,26,52,Standard Class,Corporate,United States,Odessa,Texas,Central,Office Supplies,Paper,324.032,3,5.6112,108.0106667,0.01731680822,4,FALSE
2020,December,26,52,Standard Class,Consumer,United States,Burlington,Iowa,Central,Office Supplies,Paper,270.75,5,20.585,54.15,0.07602954755,4,FALSE
2020,December,28,53,Standard Class,Consumer,United States,Albuquerque,New Mexico,West,Office Supplies,Paper,131.28,1,1.926,131.28,0.01467093236,4,FALSE
2020,December,29,53,Standard Class,Corporate,United States,Grand Rapids,Michigan,Central,Office Supplies,Paper,180.7,2,100.656,90.35,0.5570337576,4,FALSE
2019,February,19,8,Second Class,Consumer,United States,San Francisco,California,West,Office Supplies,Paper,70.88,2,33.3136,35.44,0.47,1,FALSE
2019,April,10,15,Standard Class,Corporate,United States,Bakersfield,California,West,Office Supplies,Paper,12.96,2,6.2208,6.48,0.48,2,FALSE
2019,April,15,16,Second Class,Home Office,United States,San Diego,California,West,Office Supplies,Paper,143.7,3,68.976,47.9,0.48,2,FALSE
2019,May,18,20,Standard Class,Consumer,United States,San Francisco,California,West,Office Supplies,Paper,17.94,3,8.7906,5.98,0.49,2,FALSE
2019,May,26,22,Standard Class,Consumer,United States,Santa Ana,California,West,Office Supplies,Paper,45.36,7,21.7728,6.48,0.48,2,TRUE
2019,June,7,23,Standard Class,Home Office,United States,Bakersfield,California,West,Office Supplies,Paper,4.73,1,2.3177,4.73,0.49,2,FALSE
2019,June,12,24,Standard Class,Corporate,United States,Pasadena,California,West,Office Supplies,Paper,185.88,6,83.646,30.98,0.45,2,FALSE
2019,June,12,24,Standard Class,Corporate,United States,Pasadena,California,West,Office Supplies,Paper,12.96,2,6.2208,6.48,0.48,2,FALSE
2019,June,17,25,Standard Class,Consumer,United States,San Diego,California,West,Office Supplies,Paper,111.96,2,54.8604,55.98,0.49,2,FALSE
2019,June,19,25,First Class,Corporate,United States,San Francisco,California,West,Office Supplies,Paper,17.12,2,8.0464,8.56,0.47,2,FALSE
2019,June,20,25,Second Class,Corporate,United States,Salinas,California,West,Office Supplies,Paper,38.88,6,18.6624,6.48,0.48,2,FALSE
2019,June,20,25,First Class,Consumer,United States,Pasadena,California,West,Office Supplies,Paper,46.76,7,22.4448,6.68,0.48,2,FALSE
2019,June,23,26,Second Class,Consumer,United States,San Francisco,California,West,Office Supplies,Paper,19.98,1,9.3906,19.98,0.47,2,TRUE
2019,June,24,26,Second Class,Consumer,United States,San Diego,California,West,Office Supplies,Paper,104.85,1,50.328,104.85,0.48,2,FALSE
2019,August,16,33,Standard Class,Consumer,United States,Davis,California,West,Office Supplies,Paper,32.4,5,15.552,6.48,0.48,3,FALSE
2019,August,26,35,First Class,Consumer,United States,San Jose,California,West,Office Supplies,Paper,154.9,5,69.705,30.98,0.45,3,FALSE
2019,September,5,36,First Class,Consumer,United States,Redondo Beach,California,West,Office Supplies,Paper,96.08,2,46.1184,48.04,0.48,3,FALSE
2019,September,8,37,Standard Class,Consumer,United States,Visalia,California,West,Office Supplies,Paper,34.24,8,15.408,4.28,0.45,3,TRUE
2019,September,11,37,Standard Class,Consumer,United States,San Diego,California,West,Office Supplies,Paper,7.61,1,3.5767,7.61,0.47,3,FALSE
2019,September,16,38,Standard Class,Home Office,United States,Laguna Niguel,California,West,Office Supplies,Paper,12.96,2,6.3504,6.48,0.49,3,FALSE
2019,September,18,38,Standard Class,Corporate,United States,San Diego,California,West,Office Supplies,Paper,368.91,9,180.7659,40.99,0.49,3,FALSE
2019,September,19,38,Standard Class,Consumer,United States,Stockton,California,West,Office Supplies,Paper,159.88,7,73.5448,22.84,0.46,3,FALSE
2019,September,20,38,Standard Class,Corporate,United States,San Francisco,California,West,Office Supplies,Paper,65.79,9,30.2634,7.31,0.46,3,FALSE
2019,September,20,38,Standard Class,Corporate,United States,San Francisco,California,West,Office Supplies,Paper,77.52,2,37.9848,38.76,0.49,3,FALSE
2019,September,25,39,Standard Class,Consumer,United States,Long Beach,California,West,Office Supplies,Paper,10.9,5,5.123,2.18,0.47,3,FALSE
2019,September,26,39,Same Day,Consumer,United States,Redlands,California,West,Office Supplies,Paper,29.9,5,13.455,5.98,0.45,3,FALSE
2019,September,26,39,Standard Class,Corporate,United States,San Francisco,California,West,Office Supplies,Paper,12.96,2,6.2208,6.48,0.48,3,FALSE
2019,October,3,40,Standard Class,Home Office,United States,Lake Forest,California,West,Office Supplies,Paper,8.56,2,3.852,4.28,0.45,4,FALSE
2019,October,3,40,Standard Class,Home Office,United States,Lake Forest,California,West,Office Supplies,Paper,97.82,2,45.9754,48.91,0.47,4,FALSE
2019,October,13,42,Standard Class,Consumer,United States,Roseville,California,West,Office Supplies,Paper,20.04,3,9.6192,6.68,0.48,4,TRUE
2019,October,13,42,Standard Class,Consumer,United States,Roseville,California,West,Office Supplies,Paper,35.44,1,16.6568,35.44,0.47,4,TRUE
2019,October,21,43,Standard Class,Consumer,United States,Riverside,California,West,Office Supplies,Paper,22.92,3,11.2308,7.64,0.49,4,FALSE
2019,October,28,44,First Class,Corporate,United States,San Francisco,California,West,Office Supplies,Paper,50.96,7,25.48,7.28,0.5,4,FALSE
2019,November,7,45,Standard Class,Home Office,United States,Oceanside,California,West,Office Supplies,Paper,12.9,2,6.321,6.45,0.49,4,FALSE
2019,November,10,46,First Class,Home Office,United States,San Francisco,California,West,Office Supplies,Paper,32.4,5,15.552,6.48,0.48,4,TRUE
2019,December,1,49,Same Day,Home Office,United States,Oxnard,California,West,Office Supplies,Paper,47.9,1,22.992,47.9,0.48,4,TRUE
2019,December,2,49,Standard Class,Consumer,United States,San Francisco,California,West,Office Supplies,Paper,40.46,7,19.8254,5.78,0.49,4,FALSE
2019,December,2,49,Standard Class,Consumer,United States,San Francisco,California,West,Office Supplies,Paper,25.92,4,12.4416,6.48,0.48,4,FALSE
2019,December,4,49,Standard Class,Consumer,United States,San Francisco,California,West,Office Supplies,Paper,104.85,1,50.328,104.85,0.48,4,FALSE
2019,December,6,49,First Class,Corporate,United States,Antioch,California,West,Office Supplies,Paper,19.44,3,9.3312,6.48,0.48,4,FALSE
2019,December,8,50,Standard Class,Corporate,United States,San Francisco,California,West,Office Supplies,Paper,45.36,7,21.7728,6.48,0.48,4,TRUE
2019,December,10,50,First Class,Home Office,United States,Long Beach,California,West,Office Supplies,Paper,80.28,12,36.9288,6.69,0.46,4,FALSE
2019,December,11,50,Same Day,Consumer,United States,Anaheim,California,West,Office Supplies,Paper,30.98,1,13.941,30.98,0.45,4,FALSE
2020,January,3,1,Standard Class,Consumer,United States,Rancho Cucamonga,California,West,Office Supplies,Paper,136.88,6,18.6624,22.81333333,0.1363413209,1,FALSE
2020,February,6,6,Standard Class,Home Office,United States,San Francisco,California,West,Office Supplies,Paper,135.9,5,13.455,27.18,0.09900662252,1,FALSE
2020,February,26,9,Standard Class,Consumer,United States,Costa Mesa,California,West,Office Supplies,Paper,152.6,4,13.32,38.15,0.0872870249,1,FALSE
2020,March,6,10,Standard Class,Home Office,United States,San Francisco,California,West,Office Supplies,Paper,327.93,7,140.5957,46.84714286,0.4287369256,1,FALSE
2020,March,13,11,Standard Class,Home Office,United States,Manteca,California,West,Office Supplies,Paper,364.55,3,150.984,121.5166667,0.4141654094,1,FALSE
2020,March,27,13,Standard Class,Home Office,United States,Fresno,California,West,Office Supplies,Paper,121.96,2,53.2608,60.98,0.4367071171,1,FALSE
2020,March,27,13,Standard Class,Home Office,United States,Fresno,California,West,Office Supplies,Paper,111.94,3,5.97,37.31333333,0.05333214222,1,FALSE
2020,March,27,13,Standard Class,Home Office,United States,Fresno,California,West,Office Supplies,Paper,130.68,2,21.0128,65.34,0.1607958372,1,FALSE
2020,March,28,13,First Class,Corporate,United States,Fairfield,California,West,Office Supplies,Paper,90.96,2,6.3504,45.48,0.06981530343,1,FALSE
2020,March,28,13,First Class,Corporate,United States,Fairfield,California,West,Office Supplies,Paper,139.72,4,12.8256,34.93,0.09179501861,1,FALSE
2020,March,28,13,First Class,Corporate,United States,Fairfield,California,West,Office Supplies,Paper,150.04,3,9.6192,50.01333333,0.06411090376,1,FALSE
2020,April,8,15,Standard Class,Home Office,United States,San Francisco,California,West,Office Supplies,Paper,235.76,4,97.88,58.94,0.4151679674,2,FALSE
2020,April,8,15,Standard Class,Home Office,United States,San Francisco,California,West,Office Supplies,Paper,284.55,5,114.9385,56.91,0.4039307679,2,FALSE
2020,April,30,18,Standard Class,Home Office,United States,San Francisco,California,West,Office Supplies,Paper,175.96,4,80.3404,43.99,0.4565833144,2,FALSE
2020,May,3,19,Standard Class,Consumer,United States,San Francisco,California,West,Office Supplies,Paper,143.92,4,12.4416,35.98,0.08644802668,2,TRUE
2020,May,4,19,Standard Class,Corporate,United States,San Francisco,California,West,Office Supplies,Paper,103.61,3,8.4528,34.53666667,0.0815828588,2,FALSE
2020,May,26,22,Standard Class,Consumer,United States,Oceanside,California,West,Office Supplies,Paper,77.96,2,6.2208,38.98,0.07979476655,2,FALSE
2020,June,16,25,First Class,Consumer,United States,San Francisco,California,West,Office Supplies,Paper,132.54,2,8.7138,66.27,0.06574468085,2,FALSE
2020,June,19,25,Standard Class,Consumer,United States,San Francisco,California,West,Office Supplies,Paper,108.56,2,11.5432,54.28,0.10633014,2,FALSE
2020,July,17,29,Second Class,Corporate,United States,Apple Valley,California,West,Office Supplies,Paper,106.4,5,15.552,21.28,0.1461654135,3,FALSE
2020,July,21,30,Standard Class,Consumer,United States,San Diego,California,West,Office Supplies,Paper,88.34,2,7.6798,44.17,0.08693457098,3,FALSE
2020,August,7,32,Standard Class,Consumer,United States,San Jose,California,West,Office Supplies,Paper,269.55,5,114.9385,53.91,0.4264088295,3,FALSE
2020,August,7,32,Standard Class,Consumer,United States,Westminster,California,West,Office Supplies,Paper,96.56,2,11.5432,48.28,0.1195443248,3,FALSE
2020,August,17,34,Standard Class,Corporate,United States,Brentwood,California,West,Office Supplies,Paper,119.56,2,3.852,59.78,0.03221813315,3,FALSE
2020,August,27,35,Second Class,Corporate,United States,Inglewood,California,West,Office Supplies,Paper,149.28,3,56.9772,49.76,0.3816800643,3,FALSE
2020,September,4,36,First Class,Home Office,United States,Apple Valley,California,West,Office Supplies,Paper,100.96,2,6.2208,50.48,0.06161648177,3,FALSE
2020,September,11,37,Second Class,Corporate,United States,Santa Ana,California,West,Office Supplies,Paper,115.44,3,9.3312,38.48,0.08083160083,3,FALSE
2020,September,11,37,Same Day,Home Office,United States,Long Beach,California,West,Office Supplies,Paper,115.96,2,6.2208,57.98,0.05364608486,3,FALSE
2020,September,16,38,First Class,Corporate,United States,Inglewood,California,West,Office Supplies,Paper,115.82,2,4.0572,57.91,0.03503021931,3,FALSE
2020,September,18,38,Standard Class,Corporate,United States,San Francisco,California,West,Office Supplies,Paper,186.7,3,68.976,62.23333333,0.3694483128,3,FALSE
2020,September,21,39,Standard Class,Consumer,United States,San Francisco,California,West,Office Supplies,Paper,165.86,7,27.93,23.69428571,0.168395032,3,FALSE
2020,September,24,39,Second Class,Home Office,United States,San Francisco,California,West,Office Supplies,Paper,150.08,6,15.2292,25.01333333,0.1014738806,3,FALSE
2020,September,26,39,Same Day,Corporate,United States,San Francisco,California,West,Office Supplies,Paper,117.88,6,16.146,19.64666667,0.1369697998,3,FALSE
2020,October,5,41,Standard Class,Home Office,United States,San Francisco,California,West,Office Supplies,Paper,144.96,2,27.882,72.48,0.1923427152,4,FALSE
2020,October,30,44,Standard Class,Consumer,United States,San Francisco,California,West,Office Supplies,Paper,120.42,2,3.71,60.21,0.03080883574,4,FALSE
2020,November,3,45,Standard Class,Consumer,United States,San Francisco,California,West,Office Supplies,Paper,118.88,6,17.5812,19.81333333,0.1478903096,4,FALSE
2020,November,5,45,Standard Class,Consumer,United States,San Diego,California,West,Office Supplies,Paper,88.96,2,6.2208,44.48,0.06992805755,4,FALSE
2020,November,6,45,Same Day,Home Office,United States,San Francisco,California,West,Office Supplies,Paper,126.4,5,12.672,25.28,0.1002531646,4,FALSE
2020,November,6,45,Same Day,Home Office,United States,San Francisco,California,West,Office Supplies,Paper,119.36,4,22.2264,29.84,0.1862131367,4,FALSE
2020,November,6,45,Same Day,Home Office,United States,San Francisco,California,West,Office Supplies,Paper,142.94,3,28.1718,47.64666667,0.1970882888,4,FALSE
2020,November,12,46,Standard Class,Corporate,United States,Santa Clara,California,West,Office Supplies,Paper,114.56,2,4.752,57.28,0.04148044693,4,FALSE
2020,November,24,48,Same Day,Consumer,United States,San Francisco,California,West,Office Supplies,Paper,105.78,1,3.501,105.78,0.03309699376,4,FALSE
2020,November,25,48,Second Class,Corporate,United States,Laguna Niguel,California,West,Office Supplies,Paper,170.08,6,15.336,28.34666667,0.09016933208,4,FALSE
2020,November,27,48,Standard Class,Corporate,United States,San Francisco,California,West,Office Supplies,Paper,276.55,5,114.9385,55.31,0.415615621,4,FALSE
2020,December,2,49,First Class,Corporate,United States,San Francisco,California,West,Office Supplies,Paper,143.92,2,53.8608,71.96,0.3742412451,4,FALSE
2020,December,2,49,First Class,Corporate,United States,San Francisco,California,West,Office Supplies,Paper,84.56,2,3.852,42.28,0.04555345317,4,FALSE
2020,December,3,49,Same Day,Consumer,United States,San Diego,California,West,Office Supplies,Paper,209.44,3,79.8912,69.81333333,0.3814514897,4,FALSE
2020,December,5,49,Second Class,Consumer,United States,San Diego,California,West,Office Supplies,Paper,107.94,3,41.823,35.98,0.3874652585,4,FALSE
2020,December,7,50,Standard Class,Home Office,United States,San Francisco,California,West,Office Supplies,Paper,159.04,6,25.02,26.50666667,0.1573189135,4,FALSE
2020,December,8,50,First Class,Consumer,United States,Inglewood,California,West,Office Supplies,Paper,101.12,9,28.8576,11.23555556,0.2853797468,4,FALSE
2020,December,8,50,Standard Class,Corporate,United States,San Francisco,California,West,Office Supplies,Paper,114.92,4,40.4432,28.73,0.3519248173,4,FALSE
2020,December,8,50,Standard Class,Consumer,United States,San Francisco,California,West,Office Supplies,Paper,111.15,5,13.3035,22.23,0.1196896086,4,FALSE
2020,December,8,50,Standard Class,Consumer,United States,San Francisco,California,West,Office Supplies,Paper,128.68,1,4.6464,128.68,0.03610817532,4,FALSE
2020,December,8,50,Standard Class,Consumer,United States,San Francisco,California,West,Office Supplies,Paper,159.98,1,27.4302,159.98,0.1714601825,4,FALSE
2020,December,10,50,Second Class,Consumer,United States,Stockton,California,West,Office Supplies,Paper,385.96,2,6.2208,192.98,0.01611773241,4,FALSE
2020,December,13,51,Standard Class,Consumer,United States,San Francisco,California,West,Office Supplies,Paper,323.96,2,6.3504,161.98,0.01960242005,4,TRUE
2020,December,13,51,Standard Class,Consumer,United States,San Francisco,California,West,Office Supplies,Paper,433.88,6,18.6624,72.31333333,0.0430128146,4,TRUE
2020,December,15,51,Standard Class,Consumer,United States,Inglewood,California,West,Office Supplies,Paper,450.83,3,10.7301,150.2766667,0.02380076747,4,FALSE
2020,December,17,51,Standard Class,Consumer,United States,San Francisco,California,West,Office Supplies,Paper,541.23,3,6.0858,180.41,0.01124438778,4,FALSE
2019,January,31,5,Standard Class,Home Office,United States,Los Angeles,California,West,Office Supplies,Paper,56.7,5,27.783,11.34,0.49,1,FALSE
2019,February,1,5,Standard Class,Corporate,United States,Los Angeles,California,West,Office Supplies,Paper,1105.52,4,48.5392,276.38,0.04390621608,1,FALSE
2019,February,13,7,Standard Class,Home Office,United States,Los Angeles,California,West,Office Supplies,Paper,146.82,3,73.41,48.94,0.5,1,FALSE
2019,March,10,11,First Class,Home Office,United States,Los Angeles,California,West,Office Supplies,Paper,14.9,5,7.152,2.98,0.48,1,TRUE
2019,March,12,11,Standard Class,Consumer,United States,Los Angeles,California,West,Office Supplies,Paper,19.98,2,8.991,9.99,0.45,1,FALSE
2019,March,28,13,Second Class,Consumer,United States,Los Angeles,California,West,Office Supplies,Paper,5.98,1,2.9302,5.98,0.49,1,FALSE
2019,April,8,15,Standard Class,Consumer,United States,Los Angeles,California,West,Office Supplies,Paper,20.04,3,9.6192,6.68,0.48,2,FALSE
2019,April,8,15,Standard Class,Consumer,United States,Los Angeles,California,West,Office Supplies,Paper,12.96,2,6.2208,6.48,0.48,2,FALSE
2019,April,12,15,First Class,Consumer,United States,Los Angeles,California,West,Office Supplies,Paper,19.44,3,9.3312,6.48,0.48,2,FALSE
2019,April,19,16,Second Class,Consumer,United States,Los Angeles,California,West,Office Supplies,Paper,22.72,4,10.224,5.68,0.45,2,FALSE
2019,May,8,19,First Class,Consumer,United States,Los Angeles,California,West,Office Supplies,Paper,17.94,3,8.073,5.98,0.45,2,FALSE
2019,May,9,19,Standard Class,Corporate,United States,Los Angeles,California,West,Office Supplies,Paper,32.04,4,14.418,8.01,0.45,2,FALSE
2019,May,11,19,First Class,Consumer,United States,Los Angeles,California,West,Office Supplies,Paper,5.98,1,2.691,5.98,0.45,2,FALSE
2019,May,16,20,Second Class,Consumer,United States,Los Angeles,California,West,Office Supplies,Paper,17.34,3,8.4966,5.78,0.49,2,FALSE
2019,May,27,22,Standard Class,Consumer,United States,Los Angeles,California,West,Office Supplies,Paper,13.38,2,6.1548,6.69,0.46,2,FALSE
2019,May,28,22,Standard Class,Consumer,United States,Los Angeles,California,West,Office Supplies,Paper,182.72,8,84.0512,22.84,0.46,2,FALSE
2019,May,30,22,Standard Class,Home Office,United States,Los Angeles,California,West,Office Supplies,Paper,38.88,6,18.6624,6.48,0.48,2,FALSE
2019,June,6,23,Standard Class,Home Office,United States,Los Angeles,California,West,Office Supplies,Paper,99.9,5,46.953,19.98,0.47,2,FALSE
2019,June,10,24,Standard Class,Consumer,United States,Los Angeles,California,West,Office Supplies,Paper,32.4,5,15.552,6.48,0.48,2,FALSE
2019,June,16,25,Second Class,Consumer,United States,Los Angeles,California,West,Office Supplies,Paper,46.35,5,21.7845,9.27,0.47,2,TRUE
2019,June,17,25,First Class,Consumer,United States,Los Angeles,California,West,Office Supplies,Paper,219.84,4,107.7216,54.96,0.49,2,FALSE
2019,June,26,26,Same Day,Corporate,United States,Los Angeles,California,West,Office Supplies,Paper,12.48,2,5.616,6.24,0.45,2,FALSE
2019,July,3,27,First Class,Consumer,United States,Los Angeles,California,West,Office Supplies,Paper,12.96,2,6.2208,6.48,0.48,3,FALSE
2019,July,7,28,Second Class,Consumer,United States,Los Angeles,California,West,Office Supplies,Paper,48.94,1,24.47,48.94,0.5,3,TRUE
2019,August,14,33,Standard Class,Consumer,United States,Los Angeles,California,West,Office Supplies,Paper,15.54,3,7.6146,5.18,0.49,3,FALSE
2019,August,15,33,Standard Class,Consumer,United States,Los Angeles,California,West,Office Supplies,Paper,37.52,4,18.0096,9.38,0.48,3,FALSE
2019,August,21,34,Standard Class,Corporate,United States,Los Angeles,California,West,Office Supplies,Paper,12.96,2,6.2208,6.48,0.48,3,FALSE
2019,August,21,34,Standard Class,Corporate,United States,Los Angeles,California,West,Office Supplies,Paper,47.52,9,21.384,5.28,0.45,3,FALSE
2019,September,17,38,Standard Class,Corporate,United States,Los Angeles,California,West,Office Supplies,Paper,6.48,1,3.1104,6.48,0.48,3,FALSE
2019,September,24,39,Second Class,Corporate,United States,Los Angeles,California,West,Office Supplies,Paper,41.7,5,20.85,8.34,0.5,3,FALSE
2019,September,29,40,Second Class,Consumer,United States,Los Angeles,California,West,Office Supplies,Paper,18.97,1,9.1056,18.97,0.48,3,TRUE
2019,October,7,41,Standard Class,Consumer,United States,Los Angeles,California,West,Office Supplies,Paper,10.56,2,5.0688,5.28,0.48,4,FALSE
2019,October,8,41,Same Day,Consumer,United States,Los Angeles,California,West,Office Supplies,Paper,61.96,2,27.882,30.98,0.45,4,FALSE
2019,November,3,45,Standard Class,Consumer,United States,Los Angeles,California,West,Office Supplies,Paper,116.28,3,56.9772,38.76,0.49,4,TRUE
2019,November,3,45,Standard Class,Consumer,United States,Los Angeles,California,West,Office Supplies,Paper,19.44,3,9.3312,6.48,0.48,4,TRUE
2019,November,3,45,Standard Class,Consumer,United States,Los Angeles,California,West,Office Supplies,Paper,314.55,3,150.984,104.85,0.48,4,TRUE
2019,November,4,45,Standard Class,Home Office,United States,Los Angeles,California,West,Office Supplies,Paper,38.88,6,18.6624,6.48,0.48,4,FALSE
2019,November,10,46,Second Class,Consumer,United States,Los Angeles,California,West,Office Supplies,Paper,67.71,3,32.5008,22.57,0.48,4,TRUE
2019,November,10,46,Second Class,Consumer,United States,Los Angeles,California,West,Office Supplies,Paper,61.4,5,28.858,12.28,0.47,4,TRUE
2019,November,21,47,Standard Class,Corporate,United States,Los Angeles,California,West,Office Supplies,Paper,32.4,5,15.552,6.48,0.48,4,FALSE
2019,December,6,49,Standard Class,Home Office,United States,Los Angeles,California,West,Office Supplies,Paper,13.36,2,6.4128,6.68,0.48,4,FALSE
2019,December,18,51,Standard Class,Corporate,United States,Los Angeles,California,West,Office Supplies,Paper,38.88,6,18.6624,6.48,0.48,4,FALSE
2019,December,25,52,First Class,Corporate,United States,Los Angeles,California,West,Office Supplies,Paper,45.36,7,21.7728,6.48,0.48,4,FALSE
2020,January,14,3,Standard Class,Consumer,United States,Los Angeles,California,West,Office Supplies,Paper,183.9,5,69.705,36.78,0.3790375204,1,FALSE
2020,February,23,9,Standard Class,Consumer,United States,Los Angeles,California,West,Office Supplies,Paper,128.44,6,16.848,21.40666667,0.1311740891,1,TRUE
2020,February,26,9,Second Class,Home Office,United States,Los Angeles,California,West,Office Supplies,Paper,249.92,4,109.7208,62.48,0.4390236876,1,FALSE
2020,February,26,9,Second Class,Home Office,United States,Los Angeles,California,West,Office Supplies,Paper,116.12,4,11.3288,29.03,0.09756114364,1,FALSE
2020,April,15,16,Second Class,Corporate,United States,Los Angeles,California,West,Office Supplies,Paper,100.14,3,36.4044,33.38,0.3635350509,2,FALSE
2020,April,17,16,Standard Class,Consumer,United States,Los Angeles,California,West,Office Supplies,Paper,130.14,3,13.5072,43.38,0.1037897649,2,FALSE
2020,April,25,17,Standard Class,Consumer,United States,Los Angeles,California,West,Office Supplies,Paper,136.05,3,8.763,45.35,0.06441014333,2,FALSE
2020,May,2,18,Standard Class,Consumer,United States,Los Angeles,California,West,Office Supplies,Paper,95.7,5,7.065,19.14,0.07382445141,2,FALSE
2020,May,2,18,Standard Class,Consumer,United States,Los Angeles,California,West,Office Supplies,Paper,142.4,5,15.824,28.48,0.1111235955,2,FALSE
2020,May,30,22,Standard Class,Corporate,United States,Los Angeles,California,West,Office Supplies,Paper,106.52,4,18.0096,26.63,0.1690724747,2,FALSE
2020,June,3,23,Standard Class,Corporate,United States,Los Angeles,California,West,Office Supplies,Paper,100.96,2,5.382,50.48,0.05330824089,2,FALSE
2020,June,11,24,Same Day,Consumer,United States,Los Angeles,California,West,Office Supplies,Paper,153.97,3,60.2553,51.32333333,0.3913444177,2,FALSE
2020,June,18,25,Standard Class,Consumer,United States,Los Angeles,California,West,Office Supplies,Paper,138.88,6,19.0512,23.14666667,0.1371774194,2,FALSE
2020,June,30,27,Standard Class,Consumer,United States,Los Angeles,California,West,Office Supplies,Paper,216.95,5,100.4255,43.39,0.4628969809,2,FALSE
2020,July,23,30,First Class,Consumer,United States,Los Angeles,California,West,Office Supplies,Paper,165.32,9,27.9936,18.36888889,0.1693297847,3,FALSE
2020,August,20,34,Standard Class,Consumer,United States,Los Angeles,California,West,Office Supplies,Paper,140.92,4,12.4416,35.23,0.08828839058,3,FALSE
2020,September,9,37,Second Class,Consumer,United States,Los Angeles,California,West,Office Supplies,Paper,145.52,9,22.8096,16.16888889,0.1567454645,3,FALSE
2020,September,12,37,Second Class,Consumer,United States,Los Angeles,California,West,Office Supplies,Paper,180.44,3,79.8912,60.14666667,0.4427577034,3,FALSE
2020,September,23,39,Standard Class,Consumer,United States,Los Angeles,California,West,Office Supplies,Paper,223.04,8,97.0784,27.88,0.435251076,3,FALSE
2020,October,9,41,First Class,Consumer,United States,Los Angeles,California,West,Office Supplies,Paper,136.2,5,16.544,27.24,0.1214684288,4,FALSE
2020,October,15,42,First Class,Corporate,United States,Los Angeles,California,West,Office Supplies,Paper,238.95,5,100.4255,47.79,0.4202783009,4,FALSE
2020,November,11,46,Standard Class,Consumer,United States,Los Angeles,California,West,Office Supplies,Paper,115.44,3,9.3312,38.48,0.08083160083,4,FALSE
2020,November,12,46,Second Class,Consumer,United States,Los Angeles,California,West,Office Supplies,Paper,108.56,2,5.6644,54.28,0.05217759764,4,FALSE
2020,December,1,49,Standard Class,Consumer,United States,Los Angeles,California,West,Office Supplies,Paper,130.36,7,21.7728,18.62285714,0.1670205585,4,FALSE
2020,December,2,49,Same Day,Corporate,United States,Los Angeles,California,West,Office Supplies,Paper,115.86,2,5.3214,57.93,0.04592957017,4,FALSE
2020,December,4,49,First Class,Corporate,United States,Los Angeles,California,West,Office Supplies,Paper,121.76,2,5.7624,60.88,0.04732588699,4,FALSE
2020,December,16,51,Second Class,Home Office,United States,Los Angeles,California,West,Office Supplies,Paper,302.36,2,6.4128,151.18,0.02120915465,4,FALSE
2020,December,18,51,First Class,Consumer,United States,Los Angeles,California,West,Office Supplies,Paper,723.4,5,15.552,144.68,0.0214984794,4,FALSE
2020,December,18,51,First Class,Consumer,United States,Los Angeles,California,West,Office Supplies,Paper,267.96,2,6.2208,133.98,0.02321540528,4,FALSE
2019,January,3,1,First Class,Consumer,United States,Los Angeles,California,West,Office Supplies,Storage,114.46,2,28.615,57.23,0.25,1,FALSE
2019,January,30,5,First Class,Consumer,United States,San Francisco,California,West,Office Supplies,Storage,305.01,9,76.2525,33.89,0.25,1,FALSE
2019,February,4,6,Standard Class,Corporate,United States,Los Angeles,California,West,Office Supplies,Storage,93.02,2,3.7208,46.51,0.04,1,FALSE
2019,February,5,6,Standard Class,Consumer,United States,San Diego,California,West,Office Supplies,Storage,186.54,3,50.3658,62.18,0.27,1,FALSE
2019,February,21,8,Second Class,Corporate,United States,Los Angeles,California,West,Office Supplies,Storage,449.15,5,8.983,89.83,0.02,1,FALSE
2019,March,12,11,Second Class,Corporate,United States,San Francisco,California,West,Office Supplies,Storage,676.55,5,6.7655,135.31,0.01,1,FALSE
2019,March,28,13,Second Class,Consumer,United States,Los Angeles,California,West,Office Supplies,Storage,87.92,4,0.8792,21.98,0.01,1,FALSE
2019,April,8,15,Standard Class,Consumer,United States,Los Angeles,California,West,Office Supplies,Storage,64.96,2,2.5984,32.48,0.04,2,FALSE
2019,April,10,15,Standard Class,Consumer,United States,San Francisco,California,West,Office Supplies,Storage,579.51,3,81.1314,193.17,0.14,2,FALSE
2019,April,10,15,Standard Class,Consumer,United States,San Francisco,California,West,Office Supplies,Storage,150.66,9,6.0264,16.74,0.04,2,FALSE
2019,May,5,19,Standard Class,Home Office,United States,Los Angeles,California,West,Office Supplies,Storage,5.98,1,1.0166,5.98,0.17,2,TRUE
2019,May,18,20,Standard Class,Consumer,United States,San Francisco,California,West,Office Supplies,Storage,104.28,3,26.07,34.76,0.25,2,FALSE
2019,June,20,25,First Class,Consumer,United States,Pasadena,California,West,Office Supplies,Storage,161.94,3,9.7164,53.98,0.06,2,FALSE
2019,June,23,26,Second Class,Consumer,United States,San Francisco,California,West,Office Supplies,Storage,93.68,4,25.2936,23.42,0.27,2,TRUE
2019,July,4,27,First Class,Consumer,United States,San Francisco,California,West,Office Supplies,Storage,27.92,4,0.5584,6.98,0.02,3,FALSE
2019,July,17,29,Standard Class,Corporate,United States,Los Angeles,California,West,Office Supplies,Storage,77.88,2,3.894,38.94,0.05,3,FALSE
2019,August,15,33,Standard Class,Consumer,United States,Los Angeles,California,West,Office Supplies,Storage,17.94,3,3.0498,5.98,0.17,3,FALSE
2019,September,2,36,First Class,Home Office,United States,San Francisco,California,West,Office Supplies,Storage,46.53,3,12.0978,15.51,0.26,3,FALSE
2019,September,2,36,Standard Class,Consumer,United States,Los Angeles,California,West,Office Supplies,Storage,23.67,3,0.9468,7.89,0.04,3,FALSE
2019,September,8,37,Standard Class,Consumer,United States,Visalia,California,West,Office Supplies,Storage,261.74,2,65.435,130.87,0.25,3,TRUE
2019,September,11,37,Standard Class,Consumer,United States,San Jose,California,West,Office Supplies,Storage,332.94,3,6.6588,110.98,0.02,3,FALSE
2019,September,24,39,Second Class,Corporate,United States,Los Angeles,California,West,Office Supplies,Storage,41.96,2,2.9372,20.98,0.07,3,FALSE
2019,September,26,39,Same Day,Consumer,United States,Redlands,California,West,Office Supplies,Storage,51.45,3,13.8915,17.15,0.27,3,FALSE
2019,October,21,43,Standard Class,Consumer,United States,San Diego,California,West,Office Supplies,Storage,154.44,3,1.5444,51.48,0.01,4,FALSE
2019,October,21,43,Standard Class,Consumer,United States,Los Angeles,California,West,Office Supplies,Storage,340.92,3,3.4092,113.64,0.01,4,FALSE
2019,October,28,44,Standard Class,Consumer,United States,Los Angeles,California,West,Office Supplies,Storage,93.06,6,26.0568,15.51,0.28,4,FALSE
2019,October,31,44,Standard Class,Corporate,United States,Los Angeles,California,West,Office Supplies,Storage,1085.42,7,282.2092,155.06,0.26,4,FALSE
2019,November,6,45,Second Class,Consumer,United States,San Diego,California,West,Office Supplies,Storage,84.84,3,22.9068,28.28,0.27,4,FALSE
2019,November,10,46,First Class,Corporate,United States,San Francisco,California,West,Office Supplies,Storage,155.82,7,42.0714,22.26,0.27,4,TRUE
2019,November,10,46,Second Class,Consumer,United States,Los Angeles,California,West,Office Supplies,Storage,720.76,4,187.3976,180.19,0.26,4,TRUE
2019,November,10,46,First Class,Consumer,United States,San Francisco,California,West,Office Supplies,Storage,29.74,1,4.461,29.74,0.15,4,TRUE
2019,December,1,49,Same Day,Home Office,United States,Oxnard,California,West,Office Supplies,Storage,1112.94,3,222.588,370.98,0.2,4,TRUE
2019,December,2,49,Standard Class,Consumer,United States,San Francisco,California,West,Office Supplies,Storage,33.87,3,8.8062,11.29,0.26,4,FALSE
2019,December,3,49,Standard Class,Consumer,United States,Los Angeles,California,West,Office Supplies,Storage,772.68,4,108.1752,193.17,0.14,4,FALSE
2019,December,3,49,Standard Class,Consumer,United States,Morgan Hill,California,West,Office Supplies,Storage,48.72,3,7.308,16.24,0.15,4,FALSE
2019,December,8,50,Second Class,Consumer,United States,San Francisco,California,West,Office Supplies,Storage,352.38,2,81.0474,176.19,0.23,4,TRUE
2019,December,8,50,Second Class,Consumer,United States,San Francisco,California,West,Office Supplies,Storage,34.05,3,9.534,11.35,0.28,4,TRUE
2019,December,11,50,Same Day,Consumer,United States,Anaheim,California,West,Office Supplies,Storage,50.22,3,2.0088,16.74,0.04,4,FALSE
2019,December,14,50,First Class,Corporate,United States,San Diego,California,West,Office Supplies,Storage,134.8,10,35.048,13.48,0.26,4,FALSE
2019,December,29,53,Standard Class,Consumer,United States,Sacramento,California,West,Office Supplies,Storage,14.03,1,4.0687,14.03,0.29,4,TRUE
2019,December,30,53,Same Day,Home Office,United States,Los Angeles,California,West,Office Supplies,Storage,481.32,4,125.1432,120.33,0.26,4,FALSE
2020,January,7,2,Second Class,Consumer,United States,Long Beach,California,West,Office Supplies,Storage,101.02,3,0.6102,33.67333333,0.006040388042,1,FALSE
2020,January,7,2,Second Class,Consumer,United States,Long Beach,California,West,Office Supplies,Storage,186.78,11,44.5962,16.98,0.2387632509,1,FALSE
2020,January,30,5,Same Day,Consumer,United States,San Francisco,California,West,Office Supplies,Storage,147.3,2,6.465,73.65,0.04389002037,1,FALSE
2020,February,2,6,Standard Class,Consumer,United States,Los Angeles,California,West,Office Supplies,Storage,2178.04,4,38.9312,544.51,0.0178744192,1,TRUE
2020,February,9,7,Standard Class,Consumer,United States,Los Angeles,California,West,Office Supplies,Storage,403.9,5,17.745,80.78,0.04393414211,1,TRUE
2020,March,6,10,Second Class,Corporate,United States,San Francisco,California,West,Office Supplies,Storage,165.78,2,16.945,82.89,0.1022137773,1,FALSE
2020,March,12,11,Standard Class,Corporate,United States,San Francisco,California,West,Office Supplies,Storage,273.94,3,9.7176,91.31333333,0.03547346134,1,FALSE
2020,March,16,12,Standard Class,Corporate,United States,Los Angeles,California,West,Office Supplies,Storage,340.12,2,80.6312,170.06,0.2370669176,1,FALSE
2020,March,21,12,Second Class,Consumer,United States,Los Angeles,California,West,Office Supplies,Storage,770.84,4,210.4936,192.71,0.2730704167,1,FALSE
2020,March,28,13,First Class,Corporate,United States,Fairfield,California,West,Office Supplies,Storage,830.48,7,7.9548,118.64,0.009578556979,1,FALSE
2020,April,16,16,Standard Class,Consumer,United States,San Jose,California,West,Office Supplies,Storage,235.92,4,2.0592,58.98,0.008728382503,2,FALSE
2020,May,3,19,Second Class,Corporate,United States,Los Angeles,California,West,Office Supplies,Storage,790.44,8,45.8064,98.805,0.05795050858,2,TRUE
2020,May,3,19,Second Class,Corporate,United States,Los Angeles,California,West,Office Supplies,Storage,150.52,2,19.4656,75.26,0.1293223492,2,TRUE
2020,June,6,23,Standard Class,Home Office,United States,San Francisco,California,West,Office Supplies,Storage,115.4,5,0,23.08,0,2,FALSE
2020,June,26,26,Standard Class,Consumer,United States,San Diego,California,West,Office Supplies,Storage,126.76,12,1.6752,10.56333333,0.0132155254,2,FALSE
2020,June,29,27,First Class,Consumer,United States,Los Angeles,California,West,Office Supplies,Storage,172.71,3,39.213,57.57,0.2270453361,2,FALSE
2020,June,29,27,Second Class,Corporate,United States,Anaheim,California,West,Office Supplies,Storage,1307.78,2,310.9872,653.89,0.2377977947,2,FALSE
2020,July,3,27,Standard Class,Consumer,United States,Los Angeles,California,West,Office Supplies,Storage,100.92,4,0.8792,25.23,0.008711850971,3,FALSE
2020,July,17,29,Second Class,Corporate,United States,Apple Valley,California,West,Office Supplies,Storage,121.56,2,0,60.78,0,3,FALSE
2020,July,28,31,Standard Class,Corporate,United States,San Francisco,California,West,Office Supplies,Storage,134.98,1,4.1944,134.98,0.03107423322,3,FALSE
2020,July,30,31,Second Class,Consumer,United States,Mission Viejo,California,West,Office Supplies,Storage,361.4,2,85.904,180.7,0.2376978417,3,FALSE
2020,July,31,31,First Class,Consumer,United States,San Francisco,California,West,Office Supplies,Storage,156.56,2,15.2712,78.28,0.09754215636,3,FALSE
2020,August,1,31,Second Class,Consumer,United States,San Francisco,California,West,Office Supplies,Storage,203.54,3,50.3658,67.84666667,0.24744915,3,FALSE
2020,August,3,32,Second Class,Consumer,United States,Los Angeles,California,West,Office Supplies,Storage,119.87,3,23.9688,39.95666667,0.1999566197,3,FALSE
2020,August,13,33,Same Day,Consumer,United States,San Francisco,California,West,Office Supplies,Storage,126.44,3,8.4888,42.14666667,0.06713698197,3,FALSE
2020,August,17,34,Standard Class,Corporate,United States,Brentwood,California,West,Office Supplies,Storage,568.57,3,140.5482,189.5233333,0.2471959477,3,FALSE
2020,August,20,34,Standard Class,Corporate,United States,San Francisco,California,West,Office Supplies,Storage,237.56,6,63.4368,39.59333333,0.2670348544,3,FALSE
2020,August,27,35,Second Class,Corporate,United States,Inglewood,California,West,Office Supplies,Storage,378.9,5,17.745,75.78,0.04683293745,3,FALSE
2020,August,31,36,Standard Class,Consumer,United States,San Francisco,California,West,Office Supplies,Storage,227.95,3,9.6975,75.98333333,0.04254222417,3,FALSE
2020,September,4,36,Standard Class,Consumer,United States,Los Angeles,California,West,Office Supplies,Storage,235.85,5,65.355,47.17,0.2771040916,3,FALSE
2020,September,4,36,Standard Class,Consumer,United States,Santa Ana,California,West,Office Supplies,Storage,469.1,2,105.275,234.55,0.2244191004,3,FALSE
2020,September,4,36,Standard Class,Corporate,United States,Los Angeles,California,West,Office Supplies,Storage,151.32,4,0.5432,37.83,0.00358974359,3,FALSE
2020,September,9,37,Standard Class,Corporate,United States,Los Angeles,California,West,Office Supplies,Storage,133.87,3,23.9688,44.62333333,0.1790453425,3,FALSE
2020,September,21,39,First Class,Corporate,United States,Los Angeles,California,West,Office Supplies,Storage,146.51,1,3.8775,146.51,0.02646577025,3,FALSE
2020,October,2,40,Standard Class,Home Office,United States,Los Angeles,California,West,Office Supplies,Storage,1613.14,7,204.7682,230.4485714,0.1269376496,4,FALSE
2020,October,8,41,Standard Class,Corporate,United States,San Diego,California,West,Office Supplies,Storage,163.68,2,0.4068,81.84,0.002485337243,4,FALSE
2020,November,2,45,Second Class,Home Office,United States,Danville,California,West,Office Supplies,Storage,466.55,7,22.6275,66.65,0.04849962491,4,FALSE
2020,November,9,46,Standard Class,Corporate,United States,Coachella,California,West,Office Supplies,Storage,153.56,2,3.178,76.78,0.02069549362,4,FALSE
2020,November,16,47,Standard Class,Consumer,United States,San Diego,California,West,Office Supplies,Storage,847.28,8,24.3384,105.91,0.02872533283,4,FALSE
2020,November,16,47,Standard Class,Consumer,United States,Fresno,California,West,Office Supplies,Storage,148.86,7,0.9772,21.26571429,0.006564557302,4,FALSE
2020,November,19,47,Standard Class,Consumer,United States,Los Angeles,California,West,Office Supplies,Storage,332.01,9,76.2525,36.89,0.2296692871,4,FALSE
2020,November,21,47,Standard Class,Home Office,United States,Pasadena,California,West,Office Supplies,Storage,160.56,2,15.2712,80.28,0.09511210762,4,FALSE
2020,November,25,48,Standard Class,Consumer,United States,San Francisco,California,West,Office Supplies,Storage,111.48,1,2.8296,111.48,0.02538213132,4,FALSE
2020,December,2,49,First Class,Corporate,United States,San Francisco,California,West,Office Supplies,Storage,596.62,9,151.0974,66.29111111,0.2532556736,4,FALSE
2020,December,6,50,Second Class,Corporate,United States,Brentwood,California,West,Office Supplies,Storage,216.68,1,2.8836,216.68,0.01330810412,4,TRUE
2020,December,8,50,First Class,Consumer,United States,Inglewood,California,West,Office Supplies,Storage,150.79,3,8.6391,50.26333333,0.05729226076,4,FALSE
2020,December,8,50,Standard Class,Corporate,United States,San Francisco,California,West,Office Supplies,Storage,155.76,1,11.1176,155.76,0.07137647663,4,FALSE
2020,December,16,51,Second Class,Home Office,United States,Los Angeles,California,West,Office Supplies,Storage,485.9,5,7.945,97.18,0.01635110105,4,FALSE
2020,December,17,51,Standard Class,Corporate,United States,Anaheim,California,West,Office Supplies,Storage,682.32,4,125.1432,170.58,0.1834083714,4,FALSE
2020,December,21,52,Standard Class,Consumer,United States,Costa Mesa,California,West,Office Supplies,Storage,334.36,2,33.5772,167.18,0.1004222993,4,FALSE
2020,December,21,52,Standard Class,Corporate,United States,Oakland,California,West,Office Supplies,Storage,1305.02,7,290.0058,186.4314286,0.2222232609,4,FALSE
2020,December,25,52,Standard Class,Corporate,United States,Los Angeles,California,West,Office Supplies,Storage,386.62,2,2.7062,193.31,0.006999637887,4,FALSE
2020,December,28,53,Second Class,Corporate,United States,San Francisco,California,West,Office Supplies,Storage,244.84,4,210.4936,61.21,0.8597190002,4,FALSE
2019,January,23,4,Standard Class,Corporate,United States,Burlington,Vermont,East,Office Supplies,Storage,1564.29,13,406.7154,120.33,0.26,1,FALSE
2019,January,25,4,Second Class,Corporate,United States,New York City,New York,East,Office Supplies,Storage,428.68,7,0,61.24,0,1,FALSE
2019,February,1,5,First Class,Corporate,United States,Arlington,Virginia,South,Office Supplies,Storage,56.45,5,14.677,11.29,0.26,1,FALSE
2019,February,2,5,Standard Class,Consumer,United States,New York City,New York,East,Office Supplies,Storage,117.96,2,5.898,58.98,0.05,1,FALSE
2019,February,5,6,Same Day,Home Office,United States,Smyrna,Georgia,South,Office Supplies,Storage,80.98,1,1.6196,80.98,0.02,1,FALSE
2019,February,5,6,Same Day,Home Office,United States,Smyrna,Georgia,South,Office Supplies,Storage,154.44,3,1.5444,51.48,0.01,1,FALSE
2019,February,12,7,First Class,Consumer,United States,Atlanta,Georgia,South,Office Supplies,Storage,1350.12,6,175.5156,225.02,0.13,1,FALSE
2019,February,19,8,Standard Class,Consumer,United States,New York City,New York,East,Office Supplies,Storage,242.94,3,9.7176,80.98,0.04,1,FALSE
2019,February,21,8,Standard Class,Corporate,United States,Oceanside,New York,East,Office Supplies,Storage,296.37,3,80.0199,98.79,0.27,1,FALSE
2019,February,21,8,Standard Class,Home Office,United States,Tampa,Florida,South,Office Supplies,Storage,432.456,3,32.4342,144.152,0.075,1,FALSE
2019,March,1,9,Standard Class,Consumer,United States,Yonkers,New York,East,Office Supplies,Storage,362.92,2,105.2468,181.46,0.29,1,FALSE
2019,March,5,10,Standard Class,Corporate,United States,Dallas,Texas,Central,Office Supplies,Storage,12.992,1,-0.812,12.992,-0.0625,1,FALSE
2019,March,9,10,First Class,Consumer,United States,Andover,Massachusetts,East,Office Supplies,Storage,11.21,1,3.363,11.21,0.3,1,FALSE
2019,March,10,11,Second Class,Corporate,United States,Glendale,Arizona,West,Office Supplies,Storage,104.696,1,6.5435,104.696,0.0625,1,TRUE
2019,March,11,11,Standard Class,Home Office,United States,Columbus,Georgia,South,Office Supplies,Storage,481.32,4,125.1432,120.33,0.26,1,FALSE
2019,March,13,11,Second Class,Corporate,United States,Philadelphia,Pennsylvania,East,Office Supplies,Storage,552.56,5,-138.14,110.512,-0.25,1,FALSE
2019,March,13,11,Second Class,Corporate,United States,Philadelphia,Pennsylvania,East,Office Supplies,Storage,126.08,2,-28.368,63.04,-0.225,1,FALSE
2019,March,26,13,Standard Class,Corporate,United States,New York City,New York,East,Office Supplies,Storage,459.95,5,18.398,91.99,0.04,1,FALSE
2019,March,26,13,First Class,Consumer,United States,Jacksonville,North Carolina,South,Office Supplies,Storage,67.64,5,5.9185,13.528,0.0875,1,FALSE
2019,March,28,13,First Class,Corporate,United States,Arlington,Virginia,South,Office Supplies,Storage,31.4,2,7.85,15.7,0.25,1,FALSE
2019,April,1,14,Second Class,Consumer,United States,Auburn,New York,East,Office Supplies,Storage,161.94,3,9.7164,53.98,0.06,2,FALSE
2019,April,4,14,Second Class,Home Office,United States,Troy,New York,East,Office Supplies,Storage,31.02,2,8.0652,15.51,0.26,2,FALSE
2019,April,5,14,Second Class,Home Office,United States,Houston,Texas,Central,Office Supplies,Storage,158.368,7,13.8572,22.624,0.0875,2,FALSE
2019,April,7,15,Standard Class,Consumer,United States,Philadelphia,Pennsylvania,East,Office Supplies,Storage,36.744,3,3.6744,12.248,0.1,2,TRUE
2019,April,12,15,Standard Class,Corporate,United States,Wilson,North Carolina,South,Office Supplies,Storage,129.552,3,-22.6716,43.184,-0.175,2,FALSE
2019,April,12,15,Standard Class,Corporate,United States,Wilson,North Carolina,South,Office Supplies,Storage,51.984,1,-5.1984,51.984,-0.1,2,FALSE
2019,April,14,16,Same Day,Consumer,United States,Glendale,Arizona,West,Office Supplies,Storage,42.976,4,4.2976,10.744,0.1,2,TRUE
2019,April,14,16,Second Class,Consumer,United States,Alexandria,Virginia,South,Office Supplies,Storage,81.2,5,12.18,16.24,0.15,2,TRUE
2019,April,15,16,Standard Class,Home Office,United States,Gastonia,North Carolina,South,Office Supplies,Storage,4.768,2,-0.7748,2.384,-0.1625,2,FALSE
2019,April,18,16,Standard Class,Home Office,United States,Elmhurst,Illinois,Central,Office Supplies,Storage,230.376,3,-48.9549,76.792,-0.2125,2,FALSE
2019,April,18,16,Standard Class,Corporate,United States,Houston,Texas,Central,Office Supplies,Storage,1554.936,3,77.7468,518.312,0.05,2,FALSE
2019,April,19,16,Standard Class,Consumer,United States,New York City,New York,East,Office Supplies,Storage,459.88,4,13.7964,114.97,0.03,2,FALSE
2019,April,21,17,Standard Class,Corporate,United States,Chicago,Illinois,Central,Office Supplies,Storage,102.336,4,-12.792,25.584,-0.125,2,TRUE
2019,April,22,17,Standard Class,Home Office,United States,Aurora,Illinois,Central,Office Supplies,Storage,23.952,2,2.3952,11.976,0.1,2,FALSE
2019,April,23,17,First Class,Consumer,United States,Lancaster,Ohio,East,Office Supplies,Storage,55.92,5,6.291,11.184,0.1125,2,FALSE
2019,May,2,18,Same Day,Consumer,United States,New York City,New York,East,Office Supplies,Storage,44.94,3,12.5832,14.98,0.28,2,FALSE
2019,May,2,18,Standard Class,Consumer,United States,Irving,Texas,Central,Office Supplies,Storage,18.936,3,-3.7872,6.312,-0.2,2,FALSE
2019,May,2,18,Standard Class,Consumer,United States,Irving,Texas,Central,Office Supplies,Storage,12.672,3,-3.168,4.224,-0.25,2,FALSE
2019,May,3,18,First Class,Consumer,United States,Newark,Ohio,East,Office Supplies,Storage,195.64,5,-44.019,39.128,-0.225,2,FALSE
2019,May,8,19,Same Day,Consumer,United States,Cleveland,Ohio,East,Office Supplies,Storage,1006.056,3,88.0299,335.352,0.0875,2,FALSE
2019,May,8,19,Same Day,Consumer,United States,Cleveland,Ohio,East,Office Supplies,Storage,25.12,2,1.57,12.56,0.0625,2,FALSE
2019,May,9,19,Standard Class,Corporate,United States,Austin,Texas,Central,Office Supplies,Storage,856.656,6,107.082,142.776,0.125,2,FALSE
2019,May,12,20,Standard Class,Corporate,United States,Philadelphia,Pennsylvania,East,Office Supplies,Storage,82.368,2,-19.5624,41.184,-0.2375,2,TRUE
2019,May,16,20,Standard Class,Consumer,United States,Middletown,Connecticut,East,Office Supplies,Storage,552.56,4,0,138.14,0,2,FALSE
2019,May,19,21,Standard Class,Consumer,United States,New York City,New York,East,Office Supplies,Storage,454.9,5,0,90.98,0,2,TRUE
2019,May,25,21,Standard Class,Home Office,United States,Columbus,Georgia,South,Office Supplies,Storage,1267.65,9,152.118,140.85,0.12,2,FALSE
2019,May,26,22,Second Class,Corporate,United States,Delray Beach,Florida,South,Office Supplies,Storage,184.704,6,13.8528,30.784,0.075,2,TRUE
2019,May,27,22,Standard Class,Consumer,United States,Chicago,Illinois,Central,Office Supplies,Storage,1297.368,9,97.3026,144.152,0.075,2,FALSE
2019,May,30,22,Standard Class,Home Office,United States,Superior,Wisconsin,Central,Office Supplies,Storage,49.76,4,13.9328,12.44,0.28,2,FALSE
2019,June,2,23,First Class,Corporate,United States,Philadelphia,Pennsylvania,East,Office Supplies,Storage,64.784,1,-12.9568,64.784,-0.2,2,TRUE
2019,June,5,23,Standard Class,Home Office,United States,Philadelphia,Pennsylvania,East,Office Supplies,Storage,124.608,4,-23.364,31.152,-0.1875,2,FALSE
2019,June,5,23,Standard Class,Consumer,United States,Newark,Delaware,East,Office Supplies,Storage,360.38,2,93.6988,180.19,0.26,2,FALSE
2019,June,6,23,First Class,Consumer,United States,Lowell,Massachusetts,East,Office Supplies,Storage,714.3,5,207.147,142.86,0.29,2,FALSE
2019,June,12,24,First Class,Consumer,United States,Wilmington,Delaware,East,Office Supplies,Storage,226.56,6,63.4368,37.76,0.28,2,FALSE
2019,June,12,24,Second Class,Home Office,United States,Houston,Texas,Central,Office Supplies,Storage,67.536,9,6.7536,7.504,0.1,2,FALSE
2019,June,17,25,First Class,Consumer,United States,Troy,New York,East,Office Supplies,Storage,208.56,6,52.14,34.76,0.25,2,FALSE
2019,June,17,25,Second Class,Consumer,United States,New York City,New York,East,Office Supplies,Storage,40.74,3,0.4074,13.58,0.01,2,FALSE
2019,June,23,26,Standard Class,Consumer,United States,New York City,New York,East,Office Supplies,Storage,324.9,5,38.988,64.98,0.12,2,TRUE
2019,June,25,26,Standard Class,Corporate,United States,York,Pennsylvania,East,Office Supplies,Storage,254.352,6,-50.8704,42.392,-0.2,2,FALSE
2019,June,26,26,Standard Class,Corporate,United States,New York City,New York,East,Office Supplies,Storage,704.25,5,84.51,140.85,0.12,2,FALSE
2019,June,26,26,Standard Class,Consumer,United States,Providence,Rhode Island,East,Office Supplies,Storage,14.9,5,1.043,2.98,0.07,2,FALSE
2019,June,26,26,Same Day,Home Office,United States,Roseville,Michigan,Central,Office Supplies,Storage,171.04,4,44.4704,42.76,0.26,2,FALSE
2019,June,29,26,Second Class,Consumer,United States,Florence,South Carolina,South,Office Supplies,Storage,191.88,6,19.188,31.98,0.1,2,FALSE
2019,July,8,28,Standard Class,Consumer,United States,Broomfield,Colorado,West,Office Supplies,Storage,33.488,7,-1.2558,4.784,-0.0375,3,FALSE
2019,July,10,28,Standard Class,Consumer,United States,Mesa,Arizona,West,Office Supplies,Storage,16.768,2,1.4672,8.384,0.0875,3,FALSE
2019,July,10,28,Standard Class,Consumer,United States,Dallas,Texas,Central,Office Supplies,Storage,338.04,3,-33.804,112.68,-0.1,3,FALSE
2019,July,14,29,Second Class,Corporate,United States,New York City,New York,East,Office Supplies,Storage,11.21,1,3.363,11.21,0.3,3,TRUE
2019,July,16,29,Standard Class,Corporate,United States,Grand Prairie,Texas,Central,Office Supplies,Storage,37.224,3,3.7224,12.408,0.1,3,FALSE
2019,July,17,29,Standard Class,Consumer,United States,Springfield,Missouri,Central,Office Supplies,Storage,242.94,3,4.8588,80.98,0.02,3,FALSE
2019,July,17,29,Standard Class,Consumer,United States,Springfield,Missouri,Central,Office Supplies,Storage,265.17,1,47.7306,265.17,0.18,3,FALSE
2019,July,17,29,Second Class,Consumer,United States,Seattle,Washington,West,Office Supplies,Storage,69.52,2,17.38,34.76,0.25,3,FALSE
2019,July,18,29,Standard Class,Corporate,United States,Denver,Colorado,West,Office Supplies,Storage,593.568,2,0,296.784,0,3,FALSE
2019,July,18,29,Standard Class,Corporate,United States,Denver,Colorado,West,Office Supplies,Storage,338.04,3,-33.804,112.68,-0.1,3,FALSE
2019,July,18,29,Standard Class,Home Office,United States,Philadelphia,Pennsylvania,East,Office Supplies,Storage,284.08,10,24.857,28.408,0.0875,3,FALSE
2019,July,19,29,Standard Class,Consumer,United States,Hattiesburg,Mississippi,South,Office Supplies,Storage,87.92,4,0.8792,21.98,0.01,3,FALSE
2019,July,21,30,Same Day,Corporate,United States,Newark,Ohio,East,Office Supplies,Storage,66.688,1,4.168,66.688,0.0625,3,TRUE
2019,July,21,30,Same Day,Corporate,United States,Newark,Ohio,East,Office Supplies,Storage,99.488,2,8.7052,49.744,0.0875,3,TRUE
2019,July,22,30,Standard Class,Consumer,United States,Westland,Michigan,Central,Office Supplies,Storage,965.85,5,135.219,193.17,0.14,3,FALSE
2019,July,25,30,Standard Class,Consumer,United States,Jackson,Mississippi,South,Office Supplies,Storage,7.89,1,0.3156,7.89,0.04,3,FALSE
2019,July,29,31,Standard Class,Corporate,United States,Philadelphia,Pennsylvania,East,Office Supplies,Storage,84.784,2,-16.9568,42.392,-0.2,3,FALSE
2019,July,29,31,Standard Class,Consumer,United States,Charlotte,North Carolina,South,Office Supplies,Storage,704.76,5,26.4285,140.952,0.0375,3,FALSE
2019,July,30,31,Standard Class,Consumer,United States,Chicago,Illinois,Central,Office Supplies,Storage,1036.624,2,51.8312,518.312,0.05,3,FALSE
2019,August,12,33,Second Class,Consumer,United States,New York City,New York,East,Office Supplies,Storage,1591.02,6,286.3836,265.17,0.18,3,FALSE
2019,August,23,34,Standard Class,Home Office,United States,Pharr,Texas,Central,Office Supplies,Storage,727.296,8,-172.7328,90.912,-0.2375,3,FALSE
2019,August,23,34,Standard Class,Home Office,United States,Sheboygan,Wisconsin,Central,Office Supplies,Storage,14.97,1,4.1916,14.97,0.28,3,FALSE
2019,August,27,35,Second Class,Corporate,United States,Houston,Texas,Central,Office Supplies,Storage,14.16,1,1.062,14.16,0.075,3,FALSE
2019,August,30,35,First Class,Consumer,United States,Philadelphia,Pennsylvania,East,Office Supplies,Storage,54.224,2,3.389,27.112,0.0625,3,FALSE
2019,August,31,35,Standard Class,Consumer,United States,Waco,Texas,Central,Office Supplies,Storage,23.968,2,2.3968,11.984,0.1,3,FALSE
2019,September,2,36,Standard Class,Consumer,United States,Chicago,Illinois,Central,Office Supplies,Storage,35.168,2,-8.3524,17.584,-0.2375,3,FALSE
2019,September,3,36,Standard Class,Consumer,United States,Waukesha,Wisconsin,Central,Office Supplies,Storage,54.5,5,14.17,10.9,0.26,3,FALSE
2019,September,4,36,Standard Class,Consumer,United States,Georgetown,Kentucky,South,Office Supplies,Storage,129.92,4,5.1968,32.48,0.04,3,FALSE
2019,September,4,36,Standard Class,Corporate,United States,Woodbury,Minnesota,Central,Office Supplies,Storage,535.41,3,160.623,178.47,0.3,3,FALSE
2019,September,5,36,Second Class,Consumer,United States,Detroit,Michigan,Central,Office Supplies,Storage,194.94,3,23.3928,64.98,0.12,3,FALSE
2019,September,5,36,Second Class,Consumer,United States,Detroit,Michigan,Central,Office Supplies,Storage,70.95,3,20.5755,23.65,0.29,3,FALSE
2019,September,5,36,Standard Class,Consumer,United States,San Antonio,Texas,Central,Office Supplies,Storage,93.456,3,-17.523,31.152,-0.1875,3,FALSE
2019,September,6,36,First Class,Consumer,United States,Houston,Texas,Central,Office Supplies,Storage,10.784,1,0.8088,10.784,0.075,3,FALSE
2019,September,8,37,Second Class,Consumer,United States,Houston,Texas,Central,Office Supplies,Storage,35.952,3,3.5952,11.984,0.1,3,TRUE
2019,September,8,37,Second Class,Consumer,United States,Houston,Texas,Central,Office Supplies,Storage,131.136,4,-32.784,32.784,-0.25,3,TRUE
2019,September,10,37,Second Class,Home Office,United States,New York City,New York,East,Office Supplies,Storage,59.48,2,8.922,29.74,0.15,3,FALSE
2019,September,11,37,Standard Class,Home Office,United States,Toledo,Ohio,East,Office Supplies,Storage,37.52,5,3.752,7.504,0.1,3,FALSE
2019,September,12,37,Standard Class,Corporate,United States,Springfield,Virginia,South,Office Supplies,Storage,67.9,5,0.679,13.58,0.01,3,FALSE
2019,September,13,37,Standard Class,Consumer,United States,Omaha,Nebraska,Central,Office Supplies,Storage,40.74,3,0.4074,13.58,0.01,3,FALSE
2019,September,13,37,Standard Class,Consumer,United States,Omaha,Nebraska,Central,Office Supplies,Storage,373.08,6,100.7316,62.18,0.27,3,FALSE
2019,September,17,38,Second Class,Consumer,United States,Springfield,Ohio,East,Office Supplies,Storage,295.4,5,-62.7725,59.08,-0.2125,3,FALSE
2019,September,18,38,Standard Class,Consumer,United States,Auburn,Alabama,South,Office Supplies,Storage,900.08,4,117.0104,225.02,0.13,3,FALSE
2019,September,19,38,First Class,Home Office,United States,Providence,Rhode Island,East,Office Supplies,Storage,1606.23,9,481.869,178.47,0.3,3,FALSE
2019,September,19,38,First Class,Consumer,United States,Providence,Rhode Island,East,Office Supplies,Storage,69.52,2,17.38,34.76,0.25,3,FALSE
2019,September,22,39,First Class,Home Office,United States,New York City,New York,East,Office Supplies,Storage,128.34,6,37.2186,21.39,0.29,3,TRUE
2019,September,23,39,Second Class,Consumer,United States,Columbus,Georgia,South,Office Supplies,Storage,118.25,5,34.2925,23.65,0.29,3,FALSE
2019,September,24,39,Standard Class,Home Office,United States,Aurora,Colorado,West,Office Supplies,Storage,511.056,9,-95.823,56.784,-0.1875,3,FALSE
2019,September,25,39,Standard Class,Consumer,United States,Cleveland,Ohio,East,Office Supplies,Storage,24.224,2,-4.8448,12.112,-0.2,3,FALSE
2019,September,25,39,Standard Class,Consumer,United States,Cleveland,Ohio,East,Office Supplies,Storage,331.536,3,-82.884,110.512,-0.25,3,FALSE
2019,October,2,40,Standard Class,Corporate,United States,Lafayette,Indiana,Central,Office Supplies,Storage,32.48,2,4.872,16.24,0.15,4,FALSE
2019,October,4,40,Standard Class,Home Office,United States,Providence,Rhode Island,East,Office Supplies,Storage,119.1,3,34.539,39.7,0.29,4,FALSE
2019,October,8,41,Standard Class,Consumer,United States,Charlotte,North Carolina,South,Office Supplies,Storage,387.72,5,-67.851,77.544,-0.175,4,FALSE
2019,October,13,42,Standard Class,Corporate,United States,New York City,New York,East,Office Supplies,Storage,99.87,3,23.9688,33.29,0.24,4,TRUE
2019,October,20,43,Standard Class,Consumer,United States,Trenton,Michigan,Central,Office Supplies,Storage,20.86,7,1.4602,2.98,0.07,4,TRUE
2019,October,21,43,Same Day,Corporate,United States,Manchester,Connecticut,East,Office Supplies,Storage,104.79,7,29.3412,14.97,0.28,4,FALSE
2019,October,21,43,Second Class,Consumer,United States,Jackson,Tennessee,South,Office Supplies,Storage,111.672,9,6.9795,12.408,0.0625,4,FALSE
2019,October,27,44,Standard Class,Consumer,United States,New York City,New York,East,Office Supplies,Storage,33.48,2,1.3392,16.74,0.04,4,TRUE
2019,October,28,44,Standard Class,Corporate,United States,Belleville,New Jersey,East,Office Supplies,Storage,1082.48,8,10.8248,135.31,0.01,4,FALSE
2019,October,29,44,Standard Class,Corporate,United States,Bridgeton,New Jersey,East,Office Supplies,Storage,40.74,3,0.4074,13.58,0.01,4,FALSE
2019,October,31,44,Standard Class,Corporate,United States,Tulsa,Oklahoma,Central,Office Supplies,Storage,332.94,3,9.9882,110.98,0.03,4,FALSE
2019,November,1,44,First Class,Corporate,United States,Conroe,Texas,Central,Office Supplies,Storage,111.672,9,6.9795,12.408,0.0625,4,FALSE
2019,November,4,45,Second Class,Corporate,United States,Charlotte,North Carolina,South,Office Supplies,Storage,45.248,2,3.9592,22.624,0.0875,4,FALSE
2019,November,7,45,First Class,Consumer,United States,Rochester,New York,East,Office Supplies,Storage,116.82,3,5.841,38.94,0.05,4,FALSE
2019,November,7,45,Standard Class,Consumer,United States,Dallas,Texas,Central,Office Supplies,Storage,314.088,3,19.6305,104.696,0.0625,4,FALSE
2019,November,10,46,Second Class,Consumer,United States,Toledo,Ohio,East,Office Supplies,Storage,38.976,3,-2.436,12.992,-0.0625,4,TRUE
2019,November,11,46,Standard Class,Consumer,United States,New York City,New York,East,Office Supplies,Storage,83.36,1,20.84,83.36,0.25,4,FALSE
2019,November,11,46,Standard Class,Corporate,United States,New York City,New York,East,Office Supplies,Storage,28.14,3,7.8792,9.38,0.28,4,FALSE
2019,November,13,46,Standard Class,Corporate,United States,New York City,New York,East,Office Supplies,Storage,77.55,5,20.163,15.51,0.26,4,FALSE
2019,November,13,46,Standard Class,Corporate,United States,New York City,New York,East,Office Supplies,Storage,24.88,2,6.9664,12.44,0.28,4,FALSE
2019,November,13,46,Standard Class,Corporate,United States,New York City,New York,East,Office Supplies,Storage,36.63,3,9.8901,12.21,0.27,4,FALSE
2019,November,14,46,First Class,Consumer,United States,New York City,New York,East,Office Supplies,Storage,40.44,3,10.5144,13.48,0.26,4,FALSE
2019,November,18,47,Standard Class,Home Office,United States,Oklahoma City,Oklahoma,Central,Office Supplies,Storage,1117.92,4,55.896,279.48,0.05,4,FALSE
2019,November,19,47,Standard Class,Consumer,United States,New York City,New York,East,Office Supplies,Storage,64.96,2,2.5984,32.48,0.04,4,FALSE
2019,November,19,47,Standard Class,Consumer,United States,New York City,New York,East,Office Supplies,Storage,68.6,4,18.522,17.15,0.27,4,FALSE
2019,November,19,47,Standard Class,Consumer,United States,Houston,Texas,Central,Office Supplies,Storage,100.704,6,-16.3644,16.784,-0.1625,4,FALSE
2019,November,20,47,Standard Class,Corporate,United States,Orlando,Florida,South,Office Supplies,Storage,39.72,5,4.4685,7.944,0.1125,4,FALSE
2019,November,21,47,Standard Class,Consumer,United States,Chicago,Illinois,Central,Office Supplies,Storage,21.568,2,1.6176,10.784,0.075,4,FALSE
2019,November,24,48,Second Class,Consumer,United States,Dallas,Texas,Central,Office Supplies,Storage,41.92,5,3.668,8.384,0.0875,4,TRUE
2019,November,25,48,Standard Class,Corporate,United States,Plainfield,New Jersey,East,Office Supplies,Storage,563.4,4,67.608,140.85,0.12,4,FALSE
2019,November,25,48,Standard Class,Consumer,United States,Huntsville,Alabama,South,Office Supplies,Storage,73.36,7,19.8072,10.48,0.27,4,FALSE
2019,November,27,48,Second Class,Corporate,United States,Chicago,Illinois,Central,Office Supplies,Storage,97.984,2,-24.496,48.992,-0.25,4,FALSE
2019,November,27,48,Standard Class,Consumer,United States,Phoenix,Arizona,West,Office Supplies,Storage,39.808,4,3.9808,9.952,0.1,4,FALSE
2019,November,28,48,Second Class,Corporate,United States,Marietta,Georgia,South,Office Supplies,Storage,1126.02,3,56.301,375.34,0.05,4,FALSE
2019,November,28,48,Second Class,Corporate,United States,Marietta,Georgia,South,Office Supplies,Storage,1263.3,6,315.825,210.55,0.25,4,FALSE
2019,November,28,48,Standard Class,Corporate,United States,Philadelphia,Pennsylvania,East,Office Supplies,Storage,32.544,2,-7.7292,16.272,-0.2375,4,FALSE
2019,November,30,48,Standard Class,Consumer,United States,Detroit,Michigan,Central,Office Supplies,Storage,496.86,7,24.843,70.98,0.05,4,FALSE
2019,December,2,49,Standard Class,Home Office,United States,Providence,Rhode Island,East,Office Supplies,Storage,79.4,5,582.232,15.88,7.332896725,4,FALSE
2019,December,3,49,First Class,Consumer,United States,Oceanside,New York,East,Office Supplies,Storage,33.63,3,10.089,11.21,0.3,4,FALSE
2019,December,4,49,Standard Class,Corporate,United States,New York City,New York,East,Office Supplies,Storage,212.88,6,0,35.48,0,4,FALSE
2019,December,4,49,First Class,Consumer,United States,New York City,New York,East,Office Supplies,Storage,193.86,2,11.6316,96.93,0.06,4,FALSE
2019,December,4,49,First Class,Consumer,United States,New York City,New York,East,Office Supplies,Storage,182.94,3,3.6588,60.98,0.02,4,FALSE
2019,December,5,49,Second Class,Consumer,United States,Georgetown,Kentucky,South,Office Supplies,Storage,584.82,9,70.1784,64.98,0.12,4,FALSE
2019,December,5,49,Second Class,Consumer,United States,New York City,New York,East,Office Supplies,Storage,465.18,3,120.9468,155.06,0.26,4,FALSE
2019,December,10,50,First Class,Consumer,United States,New York City,New York,East,Office Supplies,Storage,80.58,6,22.5624,13.43,0.28,4,FALSE
2019,December,11,50,Second Class,Consumer,United States,Aurora,Colorado,West,Office Supplies,Storage,243.384,3,-51.7191,81.128,-0.2125,4,FALSE
2019,December,11,50,Same Day,Consumer,United States,Homestead,Florida,South,Office Supplies,Storage,85.224,3,7.4571,28.408,0.0875,4,FALSE
2019,December,11,50,Same Day,Corporate,United States,Columbus,Ohio,East,Office Supplies,Storage,64.96,5,-4.06,12.992,-0.0625,4,FALSE
2019,December,12,50,Standard Class,Home Office,United States,Jackson,Michigan,Central,Office Supplies,Storage,26.86,2,6.715,13.43,0.25,4,FALSE
2019,December,14,50,Standard Class,Consumer,United States,New York City,New York,East,Office Supplies,Storage,17.15,1,4.6305,17.15,0.27,4,FALSE
2019,December,15,51,Standard Class,Corporate,United States,Detroit,Michigan,Central,Office Supplies,Storage,296.37,3,80.0199,98.79,0.27,4,TRUE
2019,December,17,51,Standard Class,Home Office,United States,Seattle,Washington,West,Office Supplies,Storage,46.53,3,13.0284,15.51,0.28,4,FALSE
2019,December,18,51,Second Class,Home Office,United States,New York City,New York,East,Office Supplies,Storage,900.08,4,117.0104,225.02,0.13,4,FALSE
2019,December,23,52,Standard Class,Corporate,United States,Seattle,Washington,West,Office Supplies,Storage,1117.92,4,55.896,279.48,0.05,4,FALSE
2019,December,23,52,Standard Class,Corporate,United States,Seattle,Washington,West,Office Supplies,Storage,227.28,2,2.2728,113.64,0.01,4,FALSE
2019,December,24,52,Second Class,Home Office,United States,Charlotte,North Carolina,South,Office Supplies,Storage,540.048,3,-47.2542,180.016,-0.0875,4,FALSE
2019,December,31,53,First Class,Consumer,United States,Lancaster,Ohio,East,Office Supplies,Storage,156.512,4,-35.2152,39.128,-0.225,4,FALSE
2020,January,1,1,Standard Class,Consumer,United States,Huntsville,Texas,Central,Office Supplies,Storage,472.56,5,-107.958,94.512,-0.2284535297,1,FALSE
2020,January,2,1,Second Class,Consumer,United States,El Paso,Texas,Central,Office Supplies,Storage,415.144,3,27.9108,138.3813333,0.0672316112,1,FALSE
2020,January,14,3,First Class,Corporate,United States,Aurora,Colorado,West,Office Supplies,Storage,217.624,9,14.7546,24.18044444,0.06779858839,1,FALSE
2020,January,14,3,Standard Class,Home Office,United States,Richmond,Indiana,Central,Office Supplies,Storage,108.76,2,5.2528,54.38,0.04829716808,1,FALSE
2020,January,14,3,Standard Class,Home Office,United States,Richmond,Indiana,Central,Office Supplies,Storage,185.4,5,17.524,37.08,0.09451995685,1,FALSE
2020,January,21,4,Standard Class,Home Office,United States,Seattle,Washington,West,Office Supplies,Storage,267.94,3,9.7176,89.31333333,0.03626782115,1,FALSE
2020,January,21,4,Standard Class,Home Office,United States,Charlotte,North Carolina,South,Office Supplies,Storage,388.208,7,30.4682,55.45828571,0.07848421465,1,FALSE
2020,January,22,4,Standard Class,Home Office,United States,Great Falls,Montana,West,Office Supplies,Storage,1159.02,3,56.301,386.34,0.0485763835,1,FALSE
2020,January,22,4,Standard Class,Home Office,United States,Great Falls,Montana,West,Office Supplies,Storage,162.45,3,13.8915,54.15,0.08551246537,1,FALSE
2020,January,26,5,First Class,Consumer,United States,Houston,Texas,Central,Office Supplies,Storage,141.16,2,1.816,70.58,0.01286483423,1,TRUE
2020,January,29,5,Second Class,Consumer,United States,Marion,Iowa,Central,Office Supplies,Storage,140.48,1,3.5048,140.48,0.02494874715,1,FALSE
2020,February,3,6,Standard Class,Consumer,United States,Cincinnati,Ohio,East,Office Supplies,Storage,2298.552,2,35.694,1149.276,0.01552890689,1,FALSE
2020,February,16,8,Standard Class,Corporate,United States,Fairfield,Connecticut,East,Office Supplies,Storage,612.51,3,81.1314,204.17,0.132457266,1,TRUE
2020,February,16,8,Standard Class,Consumer,United States,Decatur,Illinois,Central,Office Supplies,Storage,156.352,3,-8.1822,52.11733333,-0.05233191772,1,TRUE
2020,February,17,8,Standard Class,Home Office,United States,Perth Amboy,New Jersey,East,Office Supplies,Storage,186.45,5,39.948,37.29,0.2142558327,1,FALSE
2020,February,20,8,Standard Class,Home Office,United States,Gilbert,Arizona,West,Office Supplies,Storage,101.168,2,-6.396,50.584,-0.06322157204,1,FALSE
2020,March,4,10,Second Class,Home Office,United States,Houston,Texas,Central,Office Supplies,Storage,123.72,1,0.654,123.72,0.005286129971,1,FALSE
2020,March,5,10,Same Day,Consumer,United States,Rochester,Minnesota,Central,Office Supplies,Storage,265.16,4,57.5016,66.29,0.2168562377,1,FALSE
2020,March,11,11,Standard Class,Home Office,United States,Philadelphia,Pennsylvania,East,Office Supplies,Storage,145.28,1,3.246,145.28,0.02234306167,1,FALSE
2020,March,13,11,Second Class,Home Office,United States,Albuquerque,New Mexico,West,Office Supplies,Storage,105.8,8,25.424,13.225,0.2403024575,1,FALSE
2020,March,16,12,Second Class,Home Office,United States,Seattle,Washington,West,Office Supplies,Storage,141.51,1,1.8604,141.51,0.01314677408,1,FALSE
2020,March,16,12,Same Day,Consumer,United States,Columbus,Ohio,East,Office Supplies,Storage,169.224,2,3.389,84.612,0.02002671016,1,FALSE
2020,March,17,12,Second Class,Consumer,United States,New York City,New York,East,Office Supplies,Storage,127.44,8,27.9344,15.93,0.2191964846,1,FALSE
2020,March,17,12,Second Class,Consumer,United States,New York City,New York,East,Office Supplies,Storage,137.53,3,12.0978,45.84333333,0.08796480768,1,FALSE
2020,March,21,12,Standard Class,Home Office,United States,Seattle,Washington,West,Office Supplies,Storage,397.32,4,7.1864,99.33,0.01808718413,1,FALSE
2020,March,23,13,Standard Class,Consumer,United States,Huntsville,Texas,Central,Office Supplies,Storage,155.728,2,-32.3388,77.864,-0.2076620775,1,FALSE
2020,March,23,13,First Class,Consumer,United States,Seattle,Washington,West,Office Supplies,Storage,139.48,2,4.872,69.74,0.03492973903,1,FALSE
2020,March,24,13,Same Day,Corporate,United States,Beaumont,Texas,Central,Office Supplies,Storage,113.768,2,0.9576,56.884,0.008417129597,1,FALSE
2020,March,26,13,Standard Class,Corporate,United States,Houston,Texas,Central,Office Supplies,Storage,133.232,3,2.4174,44.41066667,0.01814428966,1,FALSE
2020,March,27,13,Second Class,Consumer,United States,Richmond,Virginia,South,Office Supplies,Storage,362.94,3,9.9882,120.98,0.02752025128,1,FALSE
2020,March,29,14,Second Class,Consumer,United States,Lafayette,Indiana,Central,Office Supplies,Storage,163.4,5,21.164,32.68,0.1295226438,1,TRUE
2020,March,30,14,Standard Class,Home Office,United States,Columbus,Georgia,South,Office Supplies,Storage,154.76,1,16.7328,154.76,0.1081209615,1,FALSE
2020,April,1,14,Second Class,Consumer,United States,Springfield,Missouri,Central,Office Supplies,Storage,111.2,6,23.55,18.53333333,0.2117805755,2,FALSE
2020,April,8,15,Standard Class,Home Office,United States,Plainfield,New Jersey,East,Office Supplies,Storage,2602.56,4,621.9744,650.64,0.2389856142,2,FALSE
2020,April,9,15,First Class,Home Office,United States,New York City,New York,East,Office Supplies,Storage,520.81,3,0,173.6033333,0,2,FALSE
2020,April,10,15,Standard Class,Home Office,United States,Waterbury,Connecticut,East,Office Supplies,Storage,335.15,5,71.5375,67.03,0.2134492018,2,FALSE
2020,April,11,15,Standard Class,Consumer,United States,Lancaster,Ohio,East,Office Supplies,Storage,92.768,2,1.4672,46.384,0.01581579855,2,FALSE
2020,April,16,16,Standard Class,Consumer,United States,Houston,Texas,Central,Office Supplies,Storage,154.544,2,-7.7292,77.272,-0.0500129413,2,FALSE
2020,April,17,16,Standard Class,Corporate,United States,Chicago,Illinois,Central,Office Supplies,Storage,212.136,4,-43.9056,53.034,-0.2069691142,2,FALSE
2020,April,20,17,First Class,Corporate,United States,Philadelphia,Pennsylvania,East,Office Supplies,Storage,348.704,1,33.2704,348.704,0.09541158117,2,FALSE
2020,April,20,17,First Class,Home Office,United States,Cleveland,Ohio,East,Office Supplies,Storage,874.544,4,-21.2136,218.636,-0.02425675552,2,FALSE
2020,April,20,17,First Class,Corporate,United States,Philadelphia,Pennsylvania,East,Office Supplies,Storage,133.336,3,5.7753,44.44533333,0.04331388372,2,FALSE
2020,April,22,17,Standard Class,Consumer,United States,Columbus,Georgia,South,Office Supplies,Storage,689.06,3,87.7578,229.6866667,0.1273587206,2,FALSE
2020,April,24,17,Standard Class,Consumer,United States,Chicago,Illinois,Central,Office Supplies,Storage,121.784,1,-18.196,121.784,-0.1494120738,2,FALSE
2020,April,24,17,Standard Class,Corporate,United States,Jacksonville,Florida,South,Office Supplies,Storage,147.568,2,-21.294,73.784,-0.1442995771,2,FALSE
2020,April,28,18,Standard Class,Corporate,United States,Philadelphia,Pennsylvania,East,Office Supplies,Storage,117.384,1,0.7336,117.384,0.006249574048,2,FALSE
2020,May,4,19,Standard Class,Consumer,United States,Newport News,Virginia,South,Office Supplies,Storage,621.44,4,165.7176,155.36,0.2666670958,2,FALSE
2020,May,4,19,Standard Class,Consumer,United States,Newport News,Virginia,South,Office Supplies,Storage,123.91,1,4.5657,123.91,0.03684690501,2,FALSE
2020,May,6,19,Standard Class,Corporate,United States,Fort Worth,Texas,Central,Office Supplies,Storage,803.68,5,-57.951,160.736,-0.07210705754,2,FALSE
2020,May,9,19,First Class,Home Office,United States,Seattle,Washington,West,Office Supplies,Storage,116.96,4,2.6784,29.24,0.0229001368,2,FALSE
2020,May,9,19,First Class,Home Office,United States,Seattle,Washington,West,Office Supplies,Storage,139.28,3,26.07,46.42666667,0.1871769098,2,FALSE
2020,May,11,20,Standard Class,Home Office,United States,Austin,Texas,Central,Office Supplies,Storage,100.416,2,-14.8832,50.208,-0.1482154238,2,FALSE
2020,May,12,20,Second Class,Corporate,United States,Houston,Texas,Central,Office Supplies,Storage,173.92,5,-15.99,34.784,-0.09193882245,2,FALSE
2020,May,13,20,Standard Class,Corporate,United States,Columbus,Indiana,Central,Office Supplies,Storage,549.34,2,95.4612,274.67,0.1737743474,2,FALSE
2020,May,14,20,Standard Class,Consumer,United States,New York City,New York,East,Office Supplies,Storage,143.58,2,5.8708,71.79,0.04088870316,2,FALSE
2020,May,16,20,First Class,Consumer,United States,Akron,Ohio,East,Office Supplies,Storage,237.024,2,-55.256,118.512,-0.2331240718,2,FALSE
2020,May,18,21,Standard Class,Corporate,United States,Mcallen,Texas,Central,Office Supplies,Storage,89.928,2,0.6696,44.964,0.007445956765,2,FALSE
2020,May,20,21,Second Class,Consumer,United States,Fargo,North Dakota,Central,Office Supplies,Storage,725.76,4,162.0948,181.44,0.2233449074,2,FALSE
2020,May,23,21,Standard Class,Consumer,United States,Houston,Texas,Central,Office Supplies,Storage,161.816,3,-11.5938,53.93866667,-0.07164804469,2,FALSE
2020,May,25,22,Standard Class,Consumer,United States,Houston,Texas,Central,Office Supplies,Storage,113.136,3,-11.2806,37.712,-0.09970831566,2,FALSE
2020,May,27,22,First Class,Consumer,United States,Pocatello,Idaho,West,Office Supplies,Storage,515.15,5,28.629,103.03,0.05557410463,2,FALSE
2020,May,29,22,Standard Class,Consumer,United States,Harlingen,Texas,Central,Office Supplies,Storage,132.424,3,4.6746,44.14133333,0.03530024769,2,FALSE
2020,June,1,23,Standard Class,Consumer,United States,Philadelphia,Pennsylvania,East,Office Supplies,Storage,353.744,3,-77.1267,117.9146667,-0.2180297051,2,FALSE
2020,June,2,23,Standard Class,Home Office,United States,Lorain,Ohio,East,Office Supplies,Storage,124.44,2,2.401,62.22,0.01929443909,2,FALSE
2020,June,3,23,Standard Class,Home Office,United States,Spokane,Washington,West,Office Supplies,Storage,150.26,9,5.4504,16.69555556,0.03627312658,2,FALSE
2020,June,8,24,Standard Class,Consumer,United States,Glendale,Arizona,West,Office Supplies,Storage,151.168,2,-8.3524,75.584,-0.05525243438,2,FALSE
2020,June,9,24,First Class,Corporate,United States,Dallas,Texas,Central,Office Supplies,Storage,753.76,5,54.057,150.752,0.07171646147,2,FALSE
2020,June,10,24,Standard Class,Corporate,United States,Jacksonville,Florida,South,Office Supplies,Storage,1382.52,8,84.22,172.815,0.06091774441,2,FALSE
2020,June,10,24,Standard Class,Consumer,United States,Seattle,Washington,West,Office Supplies,Storage,125.58,1,3.895,125.58,0.03101608536,2,FALSE
2020,June,11,24,First Class,Home Office,United States,Peoria,Arizona,West,Office Supplies,Storage,102.448,4,7.7004,25.612,0.07516398563,2,FALSE
2020,June,11,24,Second Class,Consumer,United States,Seattle,Washington,West,Office Supplies,Storage,115.96,2,1.0296,57.98,0.008878923767,2,FALSE
2020,June,11,24,First Class,Home Office,United States,Peoria,Arizona,West,Office Supplies,Storage,261.592,3,-48.5082,87.19733333,-0.1854345699,2,FALSE
2020,June,13,24,First Class,Home Office,United States,Chicago,Illinois,Central,Office Supplies,Storage,190.736,4,-39.1248,47.684,-0.2051254089,2,FALSE
2020,June,15,25,First Class,Home Office,United States,Maple Grove,Minnesota,Central,Office Supplies,Storage,106.55,5,22.8285,21.31,0.2142515251,2,FALSE
2020,June,15,25,Standard Class,Corporate,United States,Nashville,Tennessee,South,Office Supplies,Storage,160.776,1,17.847,160.776,0.1110053739,2,FALSE
2020,June,17,25,First Class,Consumer,United States,Commerce City,Colorado,West,Office Supplies,Storage,196.352,3,-32.9292,65.45066667,-0.1677049381,2,FALSE
2020,June,17,25,Second Class,Consumer,United States,Olympia,Washington,West,Office Supplies,Storage,124.03,1,4.0687,124.03,0.03280416028,2,FALSE
2020,June,19,25,Standard Class,Corporate,United States,New York City,New York,East,Office Supplies,Storage,179.3,2,6.465,89.65,0.0360568879,2,FALSE
2020,June,19,25,Standard Class,Consumer,United States,Dallas,Texas,Central,Office Supplies,Storage,199.584,2,-32.6366,99.792,-0.1635231281,2,FALSE
2020,June,20,25,First Class,Consumer,United States,Miami,Florida,South,Office Supplies,Storage,89.464,1,0.3348,89.464,0.003742287401,2,FALSE
2020,June,22,26,Standard Class,Home Office,United States,Philadelphia,Pennsylvania,East,Office Supplies,Storage,108.928,2,0.6696,54.464,0.006147179788,2,FALSE
2020,June,26,26,Standard Class,Consumer,United States,New York City,New York,East,Office Supplies,Storage,285.94,3,0,95.31333333,0,2,FALSE
2020,June,26,26,Standard Class,Corporate,United States,New York City,New York,East,Office Supplies,Storage,740.88,4,214.164,185.22,0.2890670554,2,FALSE
2020,June,30,27,Standard Class,Consumer,United States,New York City,New York,East,Office Supplies,Storage,281.57,7,67.1139,40.22428571,0.2383560038,2,FALSE
2020,June,30,27,Standard Class,Corporate,United States,Mount Vernon,New York,East,Office Supplies,Storage,1130.42,7,282.2092,161.4885714,0.2496498647,2,FALSE
2020,July,1,27,Standard Class,Home Office,United States,Indianapolis,Indiana,Central,Office Supplies,Storage,475.92,4,13.3176,118.98,0.02798285426,3,FALSE
2020,July,7,28,First Class,Consumer,United States,Philadelphia,Pennsylvania,East,Office Supplies,Storage,85.392,3,1.0044,28.464,0.01176222597,3,FALSE
2020,July,9,28,Standard Class,Consumer,United States,Manchester,Connecticut,East,Office Supplies,Storage,221.64,4,3.9128,55.41,0.0176538531,3,FALSE
2020,July,9,28,Standard Class,Consumer,United States,Chicago,Illinois,Central,Office Supplies,Storage,278.92,5,14.3075,55.784,0.05129607056,3,FALSE
2020,July,10,28,Standard Class,Home Office,United States,Aurora,Illinois,Central,Office Supplies,Storage,325.464,6,26.1156,54.244,0.08024113266,3,FALSE
2020,July,13,29,Standard Class,Corporate,United States,Overland Park,Kansas,Central,Office Supplies,Storage,374.38,2,93.6988,187.19,0.2502772584,3,FALSE
2020,July,14,29,Standard Class,Consumer,United States,Columbus,Ohio,East,Office Supplies,Storage,107.04,5,4.653,21.408,0.04346973094,3,FALSE
2020,July,14,29,Standard Class,Consumer,United States,Columbus,Ohio,East,Office Supplies,Storage,273.456,7,17.9592,39.06514286,0.06567491662,3,FALSE
2020,July,20,30,Standard Class,Consumer,United States,Chicago,Illinois,Central,Office Supplies,Storage,146.712,2,8.714,73.356,0.05939527782,3,FALSE
2020,July,21,30,Standard Class,Home Office,United States,Cleveland,Ohio,East,Office Supplies,Storage,272.32,7,25.011,38.90285714,0.09184415394,3,FALSE
2020,July,25,30,Second Class,Consumer,United States,Philadelphia,Pennsylvania,East,Office Supplies,Storage,299.92,5,-25.992,59.984,-0.08666311016,3,FALSE
2020,August,3,32,Second Class,Corporate,United States,Seattle,Washington,West,Office Supplies,Storage,100.06,1,4.1756,100.06,0.04173096142,3,FALSE
2020,August,5,32,First Class,Home Office,United States,Houston,Texas,Central,Office Supplies,Storage,200.056,9,7.5528,22.22844444,0.03775342904,3,FALSE
2020,August,7,32,First Class,Consumer,United States,Dallas,Texas,Central,Office Supplies,Storage,164.16,2,-25.109,82.08,-0.1529544347,3,FALSE
2020,August,12,33,Standard Class,Consumer,United States,Seattle,Washington,West,Office Supplies,Storage,145.74,3,11.685,48.58,0.08017702758,3,FALSE
2020,August,15,33,Second Class,Corporate,United States,Philadelphia,Pennsylvania,East,Office Supplies,Storage,1829.632,6,-337.806,304.9386667,-0.1846305705,3,FALSE
2020,August,16,34,Same Day,Consumer,United States,Columbia,Tennessee,South,Office Supplies,Storage,154.136,4,-0.8392,38.534,-0.005444542482,3,TRUE
2020,August,18,34,Standard Class,Consumer,United States,Dallas,Texas,Central,Office Supplies,Storage,220.064,3,12.504,73.35466667,0.05681983423,3,FALSE
2020,August,18,34,Standard Class,Home Office,United States,Seattle,Washington,West,Office Supplies,Storage,343.1,2,61.389,171.55,0.1789245118,3,FALSE
2020,August,18,34,Standard Class,Corporate,United States,Seattle,Washington,West,Office Supplies,Storage,1032.02,7,290.0058,147.4314286,0.2810079262,3,FALSE
2020,August,20,34,Same Day,Corporate,United States,Franklin,Massachusetts,East,Office Supplies,Storage,142.29,3,10.4754,47.43,0.07362007168,3,FALSE
2020,August,21,34,Standard Class,Consumer,United States,Louisville,Colorado,West,Office Supplies,Storage,261.096,3,20.7459,87.032,0.07945698134,3,FALSE
2020,August,21,34,Second Class,Corporate,United States,Seattle,Washington,West,Office Supplies,Storage,612.58,6,34.3548,102.0966667,0.05608214437,3,FALSE
2020,August,25,35,First Class,Consumer,United States,Cleveland,Ohio,East,Office Supplies,Storage,128.696,2,1.9272,64.348,0.01497482439,3,FALSE
2020,August,26,35,First Class,Home Office,United States,Detroit,Michigan,Central,Office Supplies,Storage,143.72,4,13.9672,35.93,0.09718341219,3,FALSE
2020,August,27,35,First Class,Home Office,United States,New York City,New York,East,Office Supplies,Storage,170.84,8,16.5984,21.355,0.09715757434,3,FALSE
2020,August,29,35,First Class,Corporate,United States,Quincy,Illinois,Central,Office Supplies,Storage,93.44,2,2.401,46.72,0.02569563356,3,FALSE
2020,August,31,36,Second Class,Corporate,United States,Spokane,Washington,West,Office Supplies,Storage,160.73,7,43.4217,22.96142857,0.2701530517,3,FALSE
2020,August,31,36,Standard Class,Consumer,United States,Tempe,Arizona,West,Office Supplies,Storage,140.744,1,0.8058,140.744,0.005725288467,3,FALSE
2020,September,2,36,Standard Class,Corporate,United States,Chicago,Illinois,Central,Office Supplies,Storage,260.92,5,-44.235,52.184,-0.1695347233,3,FALSE
2020,September,2,36,Standard Class,Home Office,United States,Jackson,Michigan,Central,Office Supplies,Storage,376.38,2,81.0474,188.19,0.215333971,3,FALSE
2020,September,2,36,Second Class,Consumer,United States,Meriden,Connecticut,East,Office Supplies,Storage,110.9,1,2.834,110.9,0.02555455365,3,FALSE
2020,September,4,36,Standard Class,Consumer,United States,Coppell,Texas,Central,Office Supplies,Storage,102.784,1,-0.2098,102.784,-0.002041173724,3,FALSE
2020,September,5,36,Standard Class,Home Office,United States,Fort Lauderdale,Florida,South,Office Supplies,Storage,158.184,2,-29.4368,79.092,-0.1860921459,3,FALSE
2020,September,7,37,Standard Class,Corporate,United States,New York City,New York,East,Office Supplies,Storage,491.08,8,133.8624,61.385,0.2725877657,3,FALSE
2020,September,7,37,Standard Class,Consumer,United States,Portland,Oregon,West,Office Supplies,Storage,130.68,3,2.355,43.56,0.01802112029,3,FALSE
2020,September,8,37,First Class,Home Office,United States,Hialeah,Florida,South,Office Supplies,Storage,105.68,5,5.397,21.136,0.05106926571,3,FALSE
2020,September,8,37,Second Class,Corporate,United States,New York City,New York,East,Office Supplies,Storage,165.12,4,16.9312,41.28,0.1025387597,3,FALSE
2020,September,9,37,Standard Class,Corporate,United States,Florence,South Carolina,South,Office Supplies,Storage,101.45,5,14.677,20.29,0.1446722523,3,FALSE
2020,September,9,37,Standard Class,Consumer,United States,Columbia,Tennessee,South,Office Supplies,Storage,292.48,2,-3.231,146.24,-0.01104690919,3,FALSE
2020,September,9,37,Standard Class,Corporate,United States,Florence,South Carolina,South,Office Supplies,Storage,667.81,7,12.5762,95.40142857,0.01883200311,3,FALSE
2020,September,10,37,Second Class,Consumer,United States,Springfield,Missouri,Central,Office Supplies,Storage,300.29,3,17.1774,100.0966667,0.05720270405,3,FALSE
2020,September,14,38,First Class,Home Office,United States,New York City,New York,East,Office Supplies,Storage,102.98,1,3.549,102.98,0.03446300252,3,FALSE
2020,September,15,38,Standard Class,Corporate,United States,Lakewood,New Jersey,East,Office Supplies,Storage,104.96,2,0,52.48,0,3,FALSE
2020,September,15,38,Standard Class,Home Office,United States,Waterbury,Connecticut,East,Office Supplies,Storage,120.62,2,10.8136,60.31,0.08965014094,3,FALSE
2020,September,17,38,Second Class,Corporate,United States,Provo,Utah,West,Office Supplies,Storage,273.74,2,65.435,136.87,0.2390406956,3,FALSE
2020,September,17,38,Standard Class,Consumer,United States,Morristown,New Jersey,East,Office Supplies,Storage,121.05,3,9.534,40.35,0.07876084263,3,FALSE
2020,September,18,38,First Class,Consumer,United States,Arlington,Texas,Central,Office Supplies,Storage,153.584,2,-2.974,76.792,-0.01936399625,3,FALSE
2020,September,19,38,Standard Class,Corporate,United States,Melbourne,Florida,South,Office Supplies,Storage,123.616,2,9.5616,61.808,0.07734921046,3,FALSE
2020,September,19,38,Standard Class,Consumer,United States,Phoenix,Arizona,West,Office Supplies,Storage,135.624,2,-2.5248,67.812,-0.01861617413,3,FALSE
2020,September,20,39,Standard Class,Consumer,United States,New York City,New York,East,Office Supplies,Storage,154.4,4,12.712,38.6,0.08233160622,3,TRUE
2020,September,22,39,Standard Class,Home Office,United States,Concord,New Hampshire,East,Office Supplies,Storage,109.4,5,17.524,21.88,0.1601828154,3,FALSE
2020,September,23,39,Second Class,Consumer,United States,Seattle,Washington,West,Office Supplies,Storage,134.44,3,8.4888,44.81333333,0.06314192205,3,FALSE
2020,September,24,39,Standard Class,Home Office,United States,Sandy Springs,Georgia,South,Office Supplies,Storage,127.51,1,3.8775,127.51,0.03040937966,3,FALSE
2020,September,24,39,First Class,Consumer,United States,Columbus,Georgia,South,Office Supplies,Storage,154.29,3,10.0725,51.43,0.06528290881,3,FALSE
2020,September,25,39,Standard Class,Consumer,United States,Richmond,Virginia,South,Office Supplies,Storage,191.55,5,47.9385,38.31,0.250266249,3,FALSE
2020,September,25,39,First Class,Corporate,United States,Helena,Montana,West,Office Supplies,Storage,154.9,5,10.374,30.98,0.06697224015,3,FALSE
2020,September,28,40,First Class,Home Office,United States,Aurora,Colorado,West,Office Supplies,Storage,186.184,2,-29.4368,93.092,-0.1581059597,3,FALSE
2020,September,29,40,Standard Class,Consumer,United States,Memphis,Tennessee,South,Office Supplies,Storage,293.92,5,-54.882,58.784,-0.1867242787,3,FALSE
2020,September,29,40,Standard Class,Corporate,United States,Marion,Ohio,East,Office Supplies,Storage,158.168,2,-6.396,79.084,-0.04043801527,3,FALSE
2020,October,3,40,Second Class,Consumer,United States,Rochester,New York,East,Office Supplies,Storage,116.58,2,5.8708,58.29,0.05035855207,4,FALSE
2020,October,6,41,Same Day,Consumer,United States,Chicago,Illinois,Central,Office Supplies,Storage,300.336,2,32.6628,150.168,0.1087541953,4,FALSE
2020,October,6,41,Standard Class,Home Office,United States,New York City,New York,East,Office Supplies,Storage,363.91,3,10.3473,121.3033333,0.02843367866,4,FALSE
2020,October,7,41,Standard Class,Consumer,United States,Detroit,Michigan,Central,Office Supplies,Storage,103.52,2,22.2352,51.76,0.2147913447,4,FALSE
2020,October,7,41,Standard Class,Home Office,United States,Charlotte,North Carolina,South,Office Supplies,Storage,600.672,4,65.3256,150.168,0.1087541953,4,FALSE
2020,October,8,41,First Class,Corporate,United States,Cranston,Rhode Island,East,Office Supplies,Storage,154.76,1,11.1176,154.76,0.07183768416,4,FALSE
2020,October,13,42,First Class,Consumer,United States,Louisville,Kentucky,South,Office Supplies,Storage,389.56,8,104.568,48.695,0.2684259164,4,FALSE
2020,October,13,42,Standard Class,Corporate,United States,Philadelphia,Pennsylvania,East,Office Supplies,Storage,137.712,6,5.9712,22.952,0.04336005577,4,FALSE
2020,October,17,42,Second Class,Corporate,United States,Warwick,Rhode Island,East,Office Supplies,Storage,162.96,2,9.4924,81.48,0.05824987727,4,FALSE
2020,October,19,43,Standard Class,Corporate,United States,Lawrence,Massachusetts,East,Office Supplies,Storage,128.7,3,8.502,42.9,0.06606060606,4,FALSE
2020,October,20,43,Standard Class,Corporate,United States,Akron,Ohio,East,Office Supplies,Storage,715.408,2,66.5408,357.704,0.09301098115,4,FALSE
2020,October,20,43,Same Day,Consumer,United States,Jacksonville,Florida,South,Office Supplies,Storage,83.768,2,-0.7748,41.884,-0.009249355362,4,FALSE
2020,October,21,43,First Class,Corporate,United States,Indianapolis,Indiana,Central,Office Supplies,Storage,928.12,8,9.0912,116.015,0.009795285092,4,FALSE
2020,October,21,43,Standard Class,Consumer,United States,Philadelphia,Pennsylvania,East,Office Supplies,Storage,147.376,3,-4.461,49.12533333,-0.03026951471,4,FALSE
2020,October,22,43,Same Day,Consumer,United States,Lawton,Oklahoma,Central,Office Supplies,Storage,343.09,3,23.3163,114.3633333,0.06795971902,4,FALSE
2020,October,23,43,Standard Class,Consumer,United States,Austin,Texas,Central,Office Supplies,Storage,291.136,4,-58.3056,72.784,-0.20026929,4,FALSE
2020,October,23,43,Standard Class,Consumer,United States,Austin,Texas,Central,Office Supplies,Storage,109.72,1,1.2005,109.72,0.01094148742,4,FALSE
2020,October,26,44,Standard Class,Home Office,United States,Dallas,Texas,Central,Office Supplies,Storage,149.616,2,5.5616,74.808,0.03717249492,4,FALSE
2020,October,28,44,Second Class,Consumer,United States,Fayetteville,North Carolina,South,Office Supplies,Storage,183.184,2,-29.4368,91.592,-0.1606952572,4,FALSE
2020,October,30,44,First Class,Home Office,United States,Richmond,Kentucky,South,Office Supplies,Storage,118.98,7,4.2392,16.99714286,0.03562951757,4,FALSE
2020,October,30,44,Standard Class,Consumer,United States,Philadelphia,Pennsylvania,East,Office Supplies,Storage,109.168,2,-2.5128,54.584,-0.02301773413,4,FALSE
2020,October,30,44,Same Day,Consumer,United States,Dallas,Texas,Central,Office Supplies,Storage,157.192,6,4.0644,26.19866667,0.02585627767,4,FALSE
2020,November,2,45,Second Class,Corporate,United States,Henderson,Kentucky,South,Office Supplies,Storage,104.92,4,16.7776,26.23,0.1599085017,4,FALSE
2020,November,3,45,Standard Class,Consumer,United States,Eagan,Minnesota,Central,Office Supplies,Storage,177.4,5,14.148,35.48,0.07975197294,4,FALSE
2020,November,4,45,Standard Class,Corporate,United States,Lancaster,Ohio,East,Office Supplies,Storage,212.352,3,-43.7292,70.784,-0.2059278933,4,FALSE
2020,November,4,45,Same Day,Home Office,United States,Bryan,Texas,Central,Office Supplies,Storage,146.752,3,-12.5286,48.91733333,-0.0853726014,4,FALSE
2020,November,5,45,Standard Class,Consumer,United States,Phoenix,Arizona,West,Office Supplies,Storage,253.992,7,30.499,36.28457143,0.1200785852,4,FALSE
2020,November,6,45,Second Class,Consumer,United States,Fayetteville,North Carolina,South,Office Supplies,Storage,304.136,4,-51.8272,76.034,-0.1704079754,4,FALSE
2020,November,6,45,Standard Class,Consumer,United States,Dallas,Texas,Central,Office Supplies,Storage,130.16,2,1.816,65.08,0.013952059,4,FALSE
2020,November,6,45,Standard Class,Home Office,United States,Westfield,New Jersey,East,Office Supplies,Storage,133.26,3,12.0276,44.42,0.09025664115,4,FALSE
2020,November,9,46,Second Class,Corporate,United States,Columbia,Maryland,East,Office Supplies,Storage,586.38,3,157.8702,195.46,0.2692284866,4,FALSE
2020,November,9,46,Second Class,Corporate,United States,Columbia,Maryland,East,Office Supplies,Storage,51.14,9,473.6106,5.682222222,9.261059836,4,FALSE
2020,November,11,46,Standard Class,Consumer,United States,New York City,New York,East,Office Supplies,Storage,125.48,1,0,125.48,0,4,FALSE
2020,November,12,46,Standard Class,Home Office,United States,Dallas,Texas,Central,Office Supplies,Storage,117.952,3,-15.5904,39.31733333,-0.1321758003,4,FALSE
2020,November,12,46,Second Class,Consumer,United States,Lancaster,Pennsylvania,East,Office Supplies,Storage,267.024,2,-55.256,133.512,-0.2069327102,4,FALSE
2020,November,12,46,Standard Class,Consumer,United States,Austin,Texas,Central,Office Supplies,Storage,557.048,3,-47.2542,185.6826667,-0.08482967356,4,FALSE
2020,November,13,46,Standard Class,Corporate,United States,Dallas,Texas,Central,Office Supplies,Storage,101.792,4,6.1792,25.448,0.06070418108,4,FALSE
2020,November,13,46,First Class,Home Office,United States,Chicago,Illinois,Central,Office Supplies,Storage,265.376,3,-48.9549,88.45866667,-0.1844737278,4,FALSE
2020,November,13,46,Standard Class,Consumer,United States,Seattle,Washington,West,Office Supplies,Storage,360.91,3,10.3473,120.3033333,0.02867002854,4,FALSE
2020,November,13,46,Second Class,Consumer,United States,Memphis,Tennessee,South,Office Supplies,Storage,738.064,4,-63.0056,184.516,-0.08536603872,4,FALSE
2020,November,13,46,Standard Class,Consumer,United States,New York City,New York,East,Office Supplies,Storage,145.21,1,3.363,145.21,0.02315956201,4,FALSE
2020,November,14,46,Second Class,Corporate,United States,Watertown,New York,East,Office Supplies,Storage,131.36,6,25.0536,21.89333333,0.1907247259,4,FALSE
2020,November,16,47,First Class,Consumer,United States,Seattle,Washington,West,Office Supplies,Storage,110.29,1,7.9896,110.29,0.07244174449,4,FALSE
2020,November,17,47,Second Class,Corporate,United States,New York City,New York,East,Office Supplies,Storage,1295.64,3,349.3392,431.88,0.2696267482,4,FALSE
2020,November,18,47,Second Class,Corporate,United States,Miramar,Florida,South,Office Supplies,Storage,104.36,5,-19.323,20.872,-0.1851571483,4,FALSE
2020,November,18,47,First Class,Consumer,United States,Seattle,Washington,West,Office Supplies,Storage,121.94,3,9.594,40.64666667,0.07867803838,4,FALSE
2020,November,18,47,Same Day,Corporate,United States,Milwaukee,Wisconsin,Central,Office Supplies,Storage,142.52,6,24.9804,23.75333333,0.1752764524,4,FALSE
2020,November,18,47,First Class,Consumer,United States,Seattle,Washington,West,Office Supplies,Storage,184.68,6,45.8136,30.78,0.2480701754,4,FALSE
2020,November,18,47,Same Day,Corporate,United States,Milwaukee,Wisconsin,Central,Office Supplies,Storage,161.76,1,10.5728,161.76,0.06536102868,4,FALSE
2020,November,21,47,First Class,Consumer,United States,Philadelphia,Pennsylvania,East,Office Supplies,Storage,148.296,4,3.9296,37.074,0.02649835464,4,FALSE
2020,November,24,48,Second Class,Consumer,United States,Mesa,Arizona,West,Office Supplies,Storage,450.872,8,-41.5872,56.359,-0.09223726468,4,FALSE
2020,November,24,48,Standard Class,Home Office,United States,Richmond,Kentucky,South,Office Supplies,Storage,1484.96,12,375.4296,123.7466667,0.2528213555,4,FALSE
2020,November,24,48,Same Day,Corporate,United States,Garden City,Kansas,Central,Office Supplies,Storage,133.29,1,7.9896,133.29,0.05994148098,4,FALSE
2020,November,25,48,Second Class,Home Office,United States,Canton,Michigan,Central,Office Supplies,Storage,526.81,3,0,175.6033333,0,4,FALSE
2020,November,30,49,Standard Class,Home Office,United States,New York City,New York,East,Office Supplies,Storage,100.56,4,1.6712,25.14,0.01661893397,4,FALSE
2020,November,30,49,Standard Class,Consumer,United States,Jackson,Mississippi,South,Office Supplies,Storage,204.8,5,43.45,40.96,0.2121582031,4,FALSE
2020,November,30,49,Standard Class,Home Office,United States,New York City,New York,East,Office Supplies,Storage,291.49,3,5.3898,97.16333333,0.01849051425,4,FALSE
2020,December,1,49,Standard Class,Consumer,United States,Saginaw,Michigan,Central,Office Supplies,Storage,103.99,1,3.6796,103.99,0.03538417155,4,FALSE
2020,December,1,49,Standard Class,Consumer,United States,Saginaw,Michigan,Central,Office Supplies,Storage,131.92,4,5.8744,32.98,0.04453001819,4,FALSE
2020,December,1,49,Second Class,Consumer,United States,New York City,New York,East,Office Supplies,Storage,238.55,3,6.6465,79.51666667,0.02786208342,4,FALSE
2020,December,1,49,Standard Class,Corporate,United States,Seattle,Washington,West,Office Supplies,Storage,561.24,4,5.4124,140.31,0.009643646212,4,FALSE
2020,December,1,49,First Class,Consumer,United States,Philadelphia,Pennsylvania,East,Office Supplies,Storage,150.392,3,2.337,50.13066667,0.01553939039,4,FALSE
2020,December,2,49,Standard Class,Corporate,United States,Denver,Colorado,West,Office Supplies,Storage,155.288,1,12.8574,155.288,0.08279712534,4,FALSE
2020,December,4,49,Standard Class,Consumer,United States,Chicago,Illinois,Central,Office Supplies,Storage,126.568,2,4.6176,63.284,0.0364831553,4,FALSE
2020,December,8,50,Second Class,Consumer,United States,New York City,New York,East,Office Supplies,Storage,282.94,3,0,94.31333333,0,4,FALSE
2020,December,8,50,Second Class,Home Office,United States,Cranston,Rhode Island,East,Office Supplies,Storage,612.74,6,160.0398,102.1233333,0.2611871267,4,FALSE
2020,December,8,50,Second Class,Consumer,United States,New York City,New York,East,Office Supplies,Storage,131.92,4,8.2992,32.98,0.06291085506,4,FALSE
2020,December,9,50,Second Class,Consumer,United States,Richmond,Kentucky,South,Office Supplies,Storage,129.14,1,0.6056,129.14,0.004689484281,4,FALSE
2020,December,9,50,First Class,Corporate,United States,Houston,Texas,Central,Office Supplies,Storage,121.24,3,2.724,40.41333333,0.0224678324,4,FALSE
2020,December,9,50,Standard Class,Corporate,United States,Cincinnati,Ohio,East,Office Supplies,Storage,111.208,1,-7.4416,111.208,-0.06691604921,4,FALSE
2020,December,10,50,Second Class,Corporate,United States,Seattle,Washington,West,Office Supplies,Storage,526.9,5,38.988,105.38,0.07399506548,4,FALSE
2020,December,13,51,Same Day,Consumer,United States,Seattle,Washington,West,Office Supplies,Storage,373.44,3,8.4888,124.48,0.02273136247,4,TRUE
2020,December,14,51,Standard Class,Home Office,United States,Lawrence,Massachusetts,East,Office Supplies,Storage,289.85,1,2.2155,289.85,0.007643608763,4,FALSE
2020,December,17,51,Standard Class,Consumer,United States,New York City,New York,East,Office Supplies,Storage,499.72,2,41.68,249.86,0.08340670776,4,FALSE
2020,December,17,51,Standard Class,Corporate,United States,Eau Claire,Wisconsin,Central,Office Supplies,Storage,639.56,2,8.4656,319.78,0.01323660016,4,FALSE
2020,December,17,51,Standard Class,Consumer,United States,Arlington,Virginia,South,Office Supplies,Storage,935.38,3,157.8702,311.7933333,0.16877654,4,FALSE
2020,December,19,51,Standard Class,Consumer,United States,Parker,Colorado,West,Office Supplies,Storage,677.256,2,-17.6076,338.628,-0.02599844077,4,FALSE
2020,December,21,52,Standard Class,Consumer,United States,Lafayette,Indiana,Central,Office Supplies,Storage,541.34,1,18.767,541.34,0.03466767651,4,FALSE
2020,December,22,52,Standard Class,Corporate,United States,Carlsbad,New Mexico,West,Office Supplies,Storage,116.32,3,10.4496,38.77333333,0.0898349381,4,FALSE
2020,December,22,52,Standard Class,Consumer,United States,Jackson,Tennessee,South,Office Supplies,Storage,395.16,3,1.962,131.72,0.004965077437,4,FALSE
2020,December,22,52,Standard Class,Consumer,United States,Rochester,Minnesota,Central,Office Supplies,Storage,132.16,2,7.79,66.08,0.0589437046,4,FALSE
2020,December,23,52,Standard Class,Consumer,United States,Hendersonville,Tennessee,South,Office Supplies,Storage,560.352,3,-54.588,186.784,-0.09741733767,4,FALSE
2020,December,23,52,Second Class,Corporate,United States,Little Rock,Arkansas,South,Office Supplies,Storage,749.96,4,14.7184,187.49,0.01962558003,4,FALSE
2020,December,23,52,Second Class,Corporate,United States,Little Rock,Arkansas,South,Office Supplies,Storage,294.04,4,17.3712,73.51,0.05907767651,4,FALSE
2020,December,24,52,First Class,Consumer,United States,Dallas,Texas,Central,Office Supplies,Storage,523.32,2,19.824,261.66,0.0378812199,4,FALSE
2020,December,24,52,Standard Class,Consumer,United States,Seattle,Washington,West,Office Supplies,Storage,814.62,6,0,135.77,0,4,FALSE
2020,December,25,52,Second Class,Consumer,United States,Louisville,Kentucky,South,Office Supplies,Storage,465.94,3,9.594,155.3133333,0.02059063399,4,FALSE
2020,December,26,52,Same Day,Corporate,United States,Fremont,Nebraska,Central,Office Supplies,Storage,1063.68,2,37.534,531.84,0.0352869284,4,FALSE
2020,December,28,53,Standard Class,Home Office,United States,Nashville,Tennessee,South,Office Supplies,Storage,401.784,1,-12.9568,401.784,-0.03224817315,4,FALSE
2020,December,28,53,Standard Class,Consumer,United States,Albuquerque,New Mexico,West,Office Supplies,Storage,453.25,5,34.2925,90.65,0.07565912852,4,FALSE
2019,January,5,1,Second Class,Corporate,United States,Jacksonville,Florida,South,Office Supplies,Art,5.248,2,0.5904,2.624,0.1125,1,FALSE
2019,January,25,4,First Class,Corporate,United States,Plainfield,New Jersey,East,Office Supplies,Art,9.21,3,2.3025,3.07,0.25,1,FALSE
2019,February,14,7,First Class,Consumer,United States,Clinton,Maryland,East,Office Supplies,Art,7.98,3,2.0748,2.66,0.26,1,FALSE
2019,March,14,11,First Class,Consumer,United States,Harlingen,Texas,Central,Office Supplies,Art,145.544,7,16.3737,20.792,0.1125,1,FALSE
2019,March,24,13,Second Class,Consumer,United States,Cleveland,Ohio,East,Office Supplies,Art,18.656,2,1.6324,9.328,0.0875,1,TRUE
2019,March,25,13,Second Class,Corporate,United States,New York City,New York,East,Office Supplies,Art,59.52,3,17.856,19.84,0.3,1,FALSE
2019,April,1,14,Second Class,Consumer,United States,Auburn,New York,East,Office Supplies,Art,59.52,3,15.4752,19.84,0.26,2,FALSE
2019,April,1,14,Second Class,Consumer,United States,Auburn,New York,East,Office Supplies,Art,263.88,6,71.2476,43.98,0.27,2,FALSE
2019,April,1,14,Second Class,Consumer,United States,Auburn,New York,East,Office Supplies,Art,30.48,3,7.9248,10.16,0.26,2,FALSE
2019,April,1,14,Second Class,Consumer,United States,Auburn,New York,East,Office Supplies,Art,9.84,3,2.8536,3.28,0.29,2,FALSE
2019,April,21,17,Same Day,Consumer,United States,Milford,Connecticut,East,Office Supplies,Art,15.48,3,4.4892,5.16,0.29,2,TRUE
2019,May,1,18,Second Class,Consumer,United States,Little Rock,Arkansas,South,Office Supplies,Art,11.16,2,4.3524,5.58,0.39,2,FALSE
2019,May,9,19,Second Class,Consumer,United States,Salem,Virginia,South,Office Supplies,Art,27.86,7,9.1938,3.98,0.33,2,FALSE
2019,June,4,23,Second Class,Consumer,United States,Chicago,Illinois,Central,Office Supplies,Art,7.408,2,1.2038,3.704,0.1625,2,FALSE
2019,June,12,24,Second Class,Home Office,United States,Houston,Texas,Central,Office Supplies,Art,11.264,8,3.9424,1.408,0.35,2,FALSE
2019,June,17,25,First Class,Consumer,United States,Troy,New York,East,Office Supplies,Art,1.68,1,0.84,1.68,0.5,2,FALSE
2019,June,30,27,Second Class,Consumer,United States,Sandy Springs,Georgia,South,Office Supplies,Art,35.97,3,9.7119,11.99,0.27,2,TRUE
2019,July,8,28,Second Class,Corporate,United States,Arlington,Texas,Central,Office Supplies,Art,47.616,3,3.5712,15.872,0.075,3,FALSE
2019,July,14,29,Second Class,Corporate,United States,New York City,New York,East,Office Supplies,Art,41.86,7,10.465,5.98,0.25,3,TRUE
2019,July,16,29,Second Class,Corporate,United States,Columbia,South Carolina,South,Office Supplies,Art,22.32,3,5.58,7.44,0.25,3,FALSE
2019,July,21,30,Same Day,Corporate,United States,Newark,Ohio,East,Office Supplies,Art,18.656,2,1.3992,9.328,0.075,3,TRUE
2019,July,24,30,First Class,Consumer,United States,Lafayette,Louisiana,South,Office Supplies,Art,73.2,5,21.228,14.64,0.29,3,FALSE
2019,August,12,33,Second Class,Home Office,United States,Philadelphia,Pennsylvania,East,Office Supplies,Art,37.312,4,2.7984,9.328,0.075,3,FALSE
2019,September,4,36,Second Class,Consumer,United States,Knoxville,Tennessee,South,Office Supplies,Art,31.744,2,8.3328,15.872,0.2625,3,FALSE
2019,September,10,37,Second Class,Home Office,United States,Bristol,Tennessee,South,Office Supplies,Art,67.56,3,8.445,22.52,0.125,3,FALSE
2019,September,11,37,First Class,Corporate,United States,Phoenix,Arizona,West,Office Supplies,Art,2.912,2,0.91,1.456,0.3125,3,FALSE
2019,September,18,38,First Class,Consumer,United States,Columbus,Ohio,East,Office Supplies,Art,2.672,1,0.3674,2.672,0.1375,3,FALSE
2019,September,27,39,Second Class,Consumer,United States,Atlanta,Georgia,South,Office Supplies,Art,13.89,3,4.5837,4.63,0.33,3,FALSE
2019,September,29,40,First Class,Home Office,United States,Columbus,Indiana,Central,Office Supplies,Art,40.88,7,10.6288,5.84,0.26,3,TRUE
2019,September,29,40,Second Class,Corporate,United States,Yuma,Arizona,West,Office Supplies,Art,10.496,4,1.1808,2.624,0.1125,3,TRUE
2019,October,1,40,Second Class,Consumer,United States,Hialeah,Florida,South,Office Supplies,Art,30.976,8,5.0336,3.872,0.1625,4,FALSE
2019,October,20,43,First Class,Consumer,United States,Newark,Ohio,East,Office Supplies,Art,7.152,3,0.7152,2.384,0.1,4,TRUE
2019,October,21,43,Second Class,Home Office,United States,North Las Vegas,Nevada,West,Office Supplies,Art,113.22,3,29.4372,37.74,0.26,4,FALSE
2019,October,22,43,Same Day,Consumer,United States,Seattle,Washington,West,Office Supplies,Art,8.34,3,2.2518,2.78,0.27,4,FALSE
2019,October,28,44,Second Class,Consumer,United States,New York City,New York,East,Office Supplies,Art,12.42,3,5.2164,4.14,0.42,4,FALSE
2019,November,3,45,Second Class,Consumer,United States,Henderson,Kentucky,South,Office Supplies,Art,7.98,3,2.0748,2.66,0.26,4,TRUE
2019,November,3,45,Second Class,Consumer,United States,Henderson,Kentucky,South,Office Supplies,Art,8.75,1,2.625,8.75,0.3,4,TRUE
2019,November,12,46,Second Class,Corporate,United States,La Porte,Indiana,Central,Office Supplies,Art,20.58,7,5.5566,2.94,0.27,4,FALSE
2019,November,19,47,First Class,Consumer,United States,Jacksonville,North Carolina,South,Office Supplies,Art,18.48,2,6.006,9.24,0.325,4,FALSE
2019,November,24,48,Second Class,Consumer,United States,Dallas,Texas,Central,Office Supplies,Art,14.04,3,1.5795,4.68,0.1125,4,TRUE
2019,November,27,48,First Class,Consumer,United States,East Orange,New Jersey,East,Office Supplies,Art,34.65,3,9.702,11.55,0.28,4,FALSE
2019,December,5,49,Second Class,Home Office,United States,Washington,District of Columbia,East,Office Supplies,Art,33.92,8,13.2288,4.24,0.39,4,FALSE
2019,December,5,49,Second Class,Home Office,United States,Chicago,Illinois,Central,Office Supplies,Art,3.536,2,0.3094,1.768,0.0875,4,FALSE
2019,December,18,51,First Class,Home Office,United States,Salem,Oregon,West,Office Supplies,Art,18.688,4,2.336,4.672,0.125,4,FALSE
2019,December,19,51,Second Class,Corporate,United States,New York City,New York,East,Office Supplies,Art,3.52,2,1.0208,1.76,0.29,4,FALSE
2019,December,26,52,First Class,Consumer,United States,Colorado Springs,Colorado,West,Office Supplies,Art,11.328,2,2.5488,5.664,0.225,4,FALSE
2019,December,30,53,First Class,Corporate,United States,Philadelphia,Pennsylvania,East,Office Supplies,Art,16.52,5,1.652,3.304,0.1,4,FALSE
2020,January,2,1,Second Class,Consumer,United States,El Paso,Texas,Central,Office Supplies,Art,119.744,2,3.968,59.872,0.0331373597,1,FALSE
2020,January,13,3,Second Class,Corporate,United States,Springfield,Missouri,Central,Office Supplies,Art,258.94,6,54.5844,43.15666667,0.210799413,1,FALSE
2020,January,22,4,Second Class,Corporate,United States,Chicago,Illinois,Central,Office Supplies,Art,85.872,3,0.8856,28.624,0.01031302404,1,FALSE
2020,January,26,5,Second Class,Corporate,United States,Hoover,Alabama,South,Office Supplies,Art,106.47,7,4.1769,15.21,0.03923076923,1,TRUE
2020,January,27,5,Second Class,Consumer,United States,Kent,Ohio,East,Office Supplies,Art,144.016,3,1.752,48.00533333,0.01216531497,1,FALSE
2020,January,29,5,First Class,Consumer,United States,Philadelphia,Pennsylvania,East,Office Supplies,Art,102.768,2,0.4768,51.384,0.004639576522,1,FALSE
2020,February,5,6,Second Class,Consumer,United States,Waco,Texas,Central,Office Supplies,Art,221.12,5,0.712,44.224,0.003219971056,1,FALSE
2020,February,17,8,First Class,Home Office,United States,Houston,Texas,Central,Office Supplies,Art,205.44,6,52.632,34.24,0.2561915888,1,FALSE
2020,March,13,11,Same Day,Home Office,United States,Chicago,Illinois,Central,Office Supplies,Art,134.456,4,2.1888,33.614,0.0162789314,1,FALSE
2020,March,13,11,Same Day,Home Office,United States,Chicago,Illinois,Central,Office Supplies,Art,144.76,5,1.86,28.952,0.01284885327,1,FALSE
2020,March,17,12,Second Class,Consumer,United States,New York City,New York,East,Office Supplies,Art,125.1,6,22.458,20.85,0.1795203837,1,FALSE
2020,March,19,12,First Class,Corporate,United States,Lakewood,New Jersey,East,Office Supplies,Art,90.94,3,2.4138,30.31333333,0.02654277546,1,FALSE
2020,March,26,13,First Class,Home Office,United States,Seattle,Washington,West,Office Supplies,Art,103.83,1,5.949,103.83,0.05729557931,1,FALSE
2020,April,2,14,First Class,Home Office,United States,Meriden,Connecticut,East,Office Supplies,Art,108.12,4,2.8912,27.03,0.02674065853,2,FALSE
2020,April,3,14,First Class,Consumer,United States,Chicago,Illinois,Central,Office Supplies,Art,80.056,3,2.205,26.68533333,0.02754321975,2,FALSE
2020,April,4,14,First Class,Home Office,United States,New York City,New York,East,Office Supplies,Art,105.04,4,2.0416,26.26,0.01943640518,2,FALSE
2020,April,9,15,First Class,Home Office,United States,New York City,New York,East,Office Supplies,Art,132.97,3,9.7119,44.32333333,0.07303827931,2,FALSE
2020,April,14,16,First Class,Consumer,United States,Toledo,Ohio,East,Office Supplies,Art,121.856,3,21.3408,40.61866667,0.1751313025,2,FALSE
2020,April,14,16,First Class,Consumer,United States,Toledo,Ohio,East,Office Supplies,Art,95.592,3,2.5536,31.864,0.02671353251,2,FALSE
2020,April,15,16,First Class,Consumer,United States,Arlington,Virginia,South,Office Supplies,Art,98.89,1,2.0049,98.89,0.02027404186,2,FALSE
2020,April,25,17,First Class,Home Office,United States,Nashville,Tennessee,South,Office Supplies,Art,116.048,9,5.256,12.89422222,0.04529160347,2,FALSE
2020,April,25,17,First Class,Home Office,United States,Nashville,Tennessee,South,Office Supplies,Art,174.92,5,6.792,34.984,0.03882917905,2,FALSE
2020,May,6,19,First Class,Consumer,United States,Arlington,Virginia,South,Office Supplies,Art,153.66,6,18.0378,25.61,0.1173877392,2,FALSE
2020,May,11,20,Second Class,Consumer,United States,New York City,New York,East,Office Supplies,Art,149.92,3,12.7368,49.97333333,0.08495731057,2,FALSE
2020,May,14,20,First Class,Corporate,United States,Baltimore,Maryland,East,Office Supplies,Art,83.76,2,1.0904,41.88,0.01301814709,2,FALSE
2020,May,14,20,First Class,Corporate,United States,Baltimore,Maryland,East,Office Supplies,Art,112.7,5,6.615,22.54,0.05869565217,2,FALSE
2020,May,14,20,First Class,Corporate,United States,Baltimore,Maryland,East,Office Supplies,Art,135.2,5,9.3,27.04,0.06878698225,2,FALSE
2020,May,14,20,First Class,Consumer,United States,Houston,Texas,Central,Office Supplies,Art,133.2,5,5.775,26.64,0.04335585586,2,FALSE
2020,May,20,21,Second Class,Consumer,United States,Fargo,North Dakota,Central,Office Supplies,Art,174.94,3,35.6238,58.31333333,0.2036343889,2,FALSE
2020,May,20,21,Second Class,Consumer,United States,Fargo,North Dakota,Central,Office Supplies,Art,137.92,4,8.2944,34.48,0.06013921114,2,FALSE
2020,May,20,21,Second Class,Consumer,United States,Fargo,North Dakota,Central,Office Supplies,Art,148.5,10,7.095,14.85,0.04777777778,2,FALSE
2020,June,11,24,First Class,Home Office,United States,Peoria,Arizona,West,Office Supplies,Art,123.04,5,6.603,24.608,0.05366547464,2,FALSE
2020,June,11,24,First Class,Home Office,United States,Peoria,Arizona,West,Office Supplies,Art,125.872,1,1.984,125.872,0.01576204398,2,FALSE
2020,June,16,25,Second Class,Consumer,United States,Dublin,Ohio,East,Office Supplies,Art,113.92,5,1.794,22.784,0.01574789326,2,FALSE
2020,June,26,26,First Class,Home Office,United States,Detroit,Michigan,Central,Office Supplies,Art,116.92,4,5.4128,29.23,0.0462949025,2,FALSE
2020,July,3,27,First Class,Corporate,United States,Burlington,North Carolina,South,Office Supplies,Art,78.552,3,1.5522,26.184,0.01976015888,3,FALSE
2020,July,9,28,First Class,Corporate,United States,Chicago,Illinois,Central,Office Supplies,Art,99.84,5,2.9835,19.968,0.0298828125,3,FALSE
2020,July,15,29,Second Class,Consumer,United States,New York City,New York,East,Office Supplies,Art,90.56,2,1.9024,45.28,0.02100706714,3,FALSE
2020,July,21,30,Same Day,Consumer,United States,Murray,Utah,West,Office Supplies,Art,142.99,1,7.5371,142.99,0.05271067907,3,FALSE
2020,July,23,30,Second Class,Consumer,United States,Elkhart,Indiana,Central,Office Supplies,Art,88.68,2,5.4896,44.34,0.06190347316,3,FALSE
2020,July,29,31,Second Class,Consumer,United States,Jacksonville,North Carolina,South,Office Supplies,Art,114.368,3,0.3822,38.12266667,0.003341843872,3,FALSE
2020,July,29,31,Second Class,Consumer,United States,Troy,New York,East,Office Supplies,Art,155.12,9,22.2444,17.23555556,0.1434012378,3,FALSE
2020,August,11,33,First Class,Corporate,United States,Bedford,Texas,Central,Office Supplies,Art,108.184,7,2.87,15.45485714,0.02652887673,3,FALSE
2020,August,12,33,Same Day,Corporate,United States,Columbia,Maryland,East,Office Supplies,Art,236.9,5,59.373,47.38,0.2506247362,3,FALSE
2020,August,12,33,Same Day,Corporate,United States,Columbia,Maryland,East,Office Supplies,Art,123.52,3,5.256,41.17333333,0.04255181347,3,FALSE
2020,August,18,34,Second Class,Consumer,United States,Columbus,Ohio,East,Office Supplies,Art,125.912,3,1.239,41.97066667,0.009840205858,3,FALSE
2020,August,25,35,Second Class,Consumer,United States,Jackson,Tennessee,South,Office Supplies,Art,143.728,2,1.7024,71.864,0.01184459535,3,FALSE
2020,August,27,35,First Class,Consumer,United States,Dallas,Texas,Central,Office Supplies,Art,109.952,1,0.372,109.952,0.003383294529,3,FALSE
2020,August,29,35,Second Class,Corporate,United States,Philadelphia,Pennsylvania,East,Office Supplies,Art,89.408,7,0.7056,12.77257143,0.007891911238,3,FALSE
2020,September,3,36,Second Class,Home Office,United States,New York City,New York,East,Office Supplies,Art,97.56,2,2.224,48.78,0.02279622796,3,FALSE
2020,September,4,36,First Class,Corporate,United States,Chicago,Illinois,Central,Office Supplies,Art,88.912,3,0.864,29.63733333,0.009717473457,3,FALSE
2020,September,4,36,Second Class,Home Office,United States,Garland,Texas,Central,Office Supplies,Art,108.384,1,3.798,108.384,0.03504207263,3,FALSE
2020,September,4,36,Second Class,Consumer,United States,Akron,Ohio,East,Office Supplies,Art,125.256,4,0.6192,31.314,0.004943475762,3,FALSE
2020,September,5,36,First Class,Home Office,United States,Seattle,Washington,West,Office Supplies,Art,89.78,1,0.7228,89.78,0.008050790822,3,FALSE
2020,September,7,37,First Class,Consumer,United States,Edmonds,Washington,West,Office Supplies,Art,138.98,1,7.2744,138.98,0.05234134408,3,FALSE
2020,September,10,37,First Class,Corporate,United States,Lawrence,Massachusetts,East,Office Supplies,Art,145.88,2,3.72,72.94,0.0255004113,3,FALSE
2020,September,14,38,First Class,Home Office,United States,New York City,New York,East,Office Supplies,Art,94.95,5,8.6855,18.99,0.09147446024,3,FALSE
2020,September,14,38,Same Day,Consumer,United States,Orange,New Jersey,East,Office Supplies,Art,150.95,3,18.447,50.31666667,0.1222060285,3,FALSE
2020,September,15,38,Second Class,Consumer,United States,Everett,Massachusetts,East,Office Supplies,Art,140.28,2,6.512,70.14,0.04642144283,3,FALSE
2020,September,17,38,Second Class,Home Office,United States,Houston,Texas,Central,Office Supplies,Art,133.912,3,3.2214,44.63733333,0.02405609654,3,FALSE
2020,September,18,38,First Class,Consumer,United States,Arlington,Texas,Central,Office Supplies,Art,99.928,2,0.558,49.964,0.005584020495,3,FALSE
2020,September,25,39,Second Class,Consumer,United States,Cincinnati,Ohio,East,Office Supplies,Art,131.608,6,0.9282,21.93466667,0.00705276275,3,FALSE
2020,September,26,39,First Class,Home Office,United States,Salem,Oregon,West,Office Supplies,Art,88.224,1,0.556,88.224,0.006302140007,3,FALSE
2020,October,3,40,Second Class,Corporate,United States,Pasadena,Texas,Central,Office Supplies,Art,112.64,5,2.322,22.528,0.02061434659,4,FALSE
2020,October,3,40,Second Class,Home Office,United States,New York City,New York,East,Office Supplies,Art,117.63,3,3.1161,39.21,0.02649069115,4,FALSE
2020,October,6,41,Same Day,Consumer,United States,Chicago,Illinois,Central,Office Supplies,Art,144.152,2,1.197,72.076,0.008303734946,4,FALSE
2020,October,9,41,Second Class,Consumer,United States,League City,Texas,Central,Office Supplies,Art,181.144,7,5.8751,25.87771429,0.03243331272,4,FALSE
2020,October,20,43,Same Day,Consumer,United States,Jacksonville,Florida,South,Office Supplies,Art,135.448,2,1.112,67.724,0.008209792688,4,FALSE
2020,October,23,43,Second Class,Consumer,United States,San Antonio,Texas,Central,Office Supplies,Art,106.272,3,0.8988,35.424,0.008457542909,4,FALSE
2020,October,27,44,Second Class,Home Office,United States,Chicago,Illinois,Central,Office Supplies,Art,118.056,3,2.205,39.352,0.01867757674,4,FALSE
2020,November,2,45,First Class,Corporate,United States,Bloomington,Illinois,Central,Office Supplies,Art,152.336,4,5.4336,38.084,0.03566852221,4,FALSE
2020,November,6,45,Second Class,Home Office,United States,Minneapolis,Minnesota,Central,Office Supplies,Art,88.9,5,3.614,17.78,0.04065241845,4,FALSE
2020,November,8,46,Second Class,Home Office,United States,New York City,New York,East,Office Supplies,Art,119.9,5,32.97,23.98,0.2749791493,4,TRUE
2020,November,13,46,Second Class,Consumer,United States,Jupiter,Florida,South,Office Supplies,Art,108.064,1,0.1548,108.064,0.001432484454,4,FALSE
2020,November,17,47,First Class,Consumer,United States,Everett,Massachusetts,East,Office Supplies,Art,171.94,3,14.2632,57.31333333,0.08295451902,4,FALSE
2020,November,19,47,Second Class,Consumer,United States,Carrollton,Texas,Central,Office Supplies,Art,114.136,4,8.6744,28.534,0.07600056073,4,FALSE
2020,November,19,47,First Class,Consumer,United States,Houston,Texas,Central,Office Supplies,Art,112.04,5,3.912,22.408,0.03491610139,4,FALSE
2020,November,19,47,Second Class,Consumer,United States,Springfield,Virginia,South,Office Supplies,Art,120.96,7,6.6584,17.28,0.0550462963,4,FALSE
2020,November,19,47,First Class,Corporate,United States,San Antonio,Texas,Central,Office Supplies,Art,141.776,4,8.7384,35.444,0.06163525561,4,FALSE
2020,November,20,47,First Class,Consumer,United States,New York City,New York,East,Office Supplies,Art,112.97,3,19.3116,37.65666667,0.1709444985,4,FALSE
2020,November,20,47,First Class,Consumer,United States,Burlington,North Carolina,South,Office Supplies,Art,96.968,7,2.6964,13.85257143,0.02780711162,4,FALSE
2020,November,20,47,First Class,Consumer,United States,Burlington,North Carolina,South,Office Supplies,Art,126.728,3,1.7955,42.24266667,0.01416813964,4,FALSE
2020,November,27,48,Second Class,Consumer,United States,New York City,New York,East,Office Supplies,Art,91.99,3,2.0271,30.66333333,0.02203609088,4,FALSE
2020,December,2,49,First Class,Consumer,United States,Charlottesville,Virginia,South,Office Supplies,Art,146.65,3,10.395,48.88333333,0.07088305489,4,FALSE
2020,December,3,49,Second Class,Consumer,United States,Thornton,Colorado,West,Office Supplies,Art,75.344,6,1.0008,12.55733333,0.01328307496,4,FALSE
2020,December,8,50,First Class,Consumer,United States,Philadelphia,Pennsylvania,East,Office Supplies,Art,113.248,4,3.6432,28.312,0.03217010455,4,FALSE
2020,December,9,50,Second Class,Consumer,United States,Detroit,Michigan,Central,Office Supplies,Art,126.7,5,12.492,25.34,0.09859510655,4,FALSE
2020,December,10,50,Second Class,Corporate,United States,Seattle,Washington,West,Office Supplies,Art,397.24,3,5.2896,132.4133333,0.01331587957,4,FALSE
2020,December,14,51,Same Day,Consumer,United States,Skokie,Illinois,Central,Office Supplies,Art,407.232,6,24.9984,67.872,0.06138613861,4,FALSE
2020,December,18,51,First Class,Consumer,United States,Charlotte,North Carolina,South,Office Supplies,Art,354.672,9,1.4256,39.408,0.004019488429,4,FALSE
2020,December,27,53,Same Day,Corporate,United States,Newark,Ohio,East,Office Supplies,Art,1267.248,4,3.6432,316.812,0.002874891103,4,TRUE
2020,December,29,53,Second Class,Consumer,United States,Louisville,Kentucky,South,Office Supplies,Art,478.58,1,10.0282,478.58,0.02095407246,4,FALSE
2019,January,15,3,Standard Class,Home Office,United States,Westfield,New Jersey,East,Office Supplies,Art,4.66,2,1.3514,2.33,0.29,1,FALSE
2019,May,9,19,Standard Class,Home Office,United States,New York City,New York,East,Office Supplies,Art,8,5,3.44,1.6,0.43,2,FALSE
2019,May,15,20,Standard Class,Home Office,United States,Jackson,Mississippi,South,Office Supplies,Art,91.96,4,25.7488,22.99,0.28,2,FALSE
2019,May,15,20,Standard Class,Home Office,United States,Jackson,Mississippi,South,Office Supplies,Art,8.34,3,2.1684,2.78,0.26,2,FALSE
2019,May,24,21,Standard Class,Home Office,United States,Philadelphia,Pennsylvania,East,Office Supplies,Art,16.656,3,3.3312,5.552,0.2,2,FALSE
2019,May,30,22,Standard Class,Home Office,United States,Superior,Wisconsin,Central,Office Supplies,Art,5.56,2,1.4456,2.78,0.26,2,FALSE
2019,May,30,22,Standard Class,Home Office,United States,Superior,Wisconsin,Central,Office Supplies,Art,14.7,5,3.969,2.94,0.27,2,FALSE
2019,July,18,29,Standard Class,Home Office,United States,Philadelphia,Pennsylvania,East,Office Supplies,Art,11.264,8,1.2672,1.408,0.1125,3,FALSE
2019,September,5,36,Standard Class,Home Office,United States,Olathe,Kansas,Central,Office Supplies,Art,107.94,3,26.985,35.98,0.25,3,FALSE
2019,October,9,41,Standard Class,Home Office,United States,Phoenix,Arizona,West,Office Supplies,Art,1.408,1,0.1584,1.408,0.1125,4,FALSE
2019,November,5,45,Standard Class,Home Office,United States,Lawrence,Indiana,Central,Office Supplies,Art,39.68,2,16.2688,19.84,0.41,4,FALSE
2019,November,13,46,Standard Class,Home Office,United States,Vancouver,Washington,West,Office Supplies,Art,44.02,2,11.4452,22.01,0.26,4,FALSE
2019,November,18,47,Standard Class,Home Office,United States,Pasadena,Texas,Central,Office Supplies,Art,6.368,2,1.0348,3.184,0.1625,4,FALSE
2019,November,19,47,Standard Class,Home Office,United States,Niagara Falls,New York,East,Office Supplies,Art,17.28,6,5.0112,2.88,0.29,4,FALSE
2019,December,12,50,Standard Class,Home Office,United States,Jackson,Michigan,Central,Office Supplies,Art,13.9,5,3.614,2.78,0.26,4,FALSE
2020,February,20,8,Standard Class,Home Office,United States,Muskogee,Oklahoma,Central,Office Supplies,Art,1038.56,2,1.9024,519.28,0.001831767062,1,FALSE
2020,March,10,11,Standard Class,Home Office,United States,Chester,Pennsylvania,East,Office Supplies,Art,128.248,2,0.5904,64.124,0.004603580563,1,FALSE
2020,April,7,15,Standard Class,Home Office,United States,Jacksonville,Florida,South,Office Supplies,Art,90.256,2,1.2192,45.128,0.01350824322,2,FALSE
2020,April,16,16,Standard Class,Home Office,United States,Chicago,Illinois,Central,Office Supplies,Art,80.52,5,2.065,16.104,0.02564580229,2,FALSE
2020,April,30,18,Standard Class,Home Office,United States,Boynton Beach,Florida,South,Office Supplies,Art,108.528,3,4.8525,36.176,0.04471196373,2,FALSE
2020,May,6,19,Standard Class,Home Office,United States,Chicago,Illinois,Central,Office Supplies,Art,94.408,3,0.6408,31.46933333,0.006787560376,2,FALSE
2020,May,11,20,Standard Class,Home Office,United States,Austin,Texas,Central,Office Supplies,Art,89.248,2,0.5904,44.624,0.006615274292,2,FALSE
2020,May,12,20,Standard Class,Home Office,United States,Springfield,Ohio,East,Office Supplies,Art,96.272,3,1.1556,32.09066667,0.01200349011,2,FALSE
2020,June,11,24,Standard Class,Home Office,United States,Auburn,Alabama,South,Office Supplies,Art,118.76,2,1.0904,59.38,0.009181542607,2,FALSE
2020,June,25,26,Standard Class,Home Office,United States,Springfield,Oregon,West,Office Supplies,Art,103.344,2,0.7348,51.672,0.007110233782,2,FALSE
2020,July,8,28,Standard Class,Home Office,United States,Seattle,Washington,West,Office Supplies,Art,117.24,3,6.2016,39.08,0.05289662231,3,FALSE
2020,July,8,28,Standard Class,Home Office,United States,Seattle,Washington,West,Office Supplies,Art,130.12,4,4.3296,32.53,0.03327390101,3,FALSE
2020,July,16,29,Standard Class,Home Office,United States,Woodstock,Illinois,Central,Office Supplies,Art,103.912,2,0.91,51.956,0.008757410116,3,FALSE
2020,August,6,32,Standard Class,Home Office,United States,Concord,New Hampshire,East,Office Supplies,Art,274.88,6,68.364,45.81333333,0.2487048894,3,FALSE
2020,August,17,34,Standard Class,Home Office,United States,Houston,Texas,Central,Office Supplies,Art,92.016,3,1.002,30.672,0.01088941054,3,FALSE
2020,August,28,35,Standard Class,Home Office,United States,Seattle,Washington,West,Office Supplies,Art,77.56,2,1.4456,38.78,0.01863847344,3,FALSE
2020,September,1,36,Standard Class,Home Office,United States,Seattle,Washington,West,Office Supplies,Art,123.58,1,2.9562,123.58,0.0239213465,3,FALSE
2020,September,19,38,Standard Class,Home Office,United States,Columbus,Georgia,South,Office Supplies,Art,158.4,5,13.452,31.68,0.08492424242,3,FALSE
2020,September,24,39,Standard Class,Home Office,United States,Sandy Springs,Georgia,South,Office Supplies,Art,98.72,3,4.9608,32.90666667,0.05025121556,3,FALSE
2020,September,24,39,Standard Class,Home Office,United States,Sandy Springs,Georgia,South,Office Supplies,Art,103.28,4,3.7128,25.82,0.03594887684,3,FALSE
2020,October,21,43,Standard Class,Home Office,United States,Deltona,Florida,South,Office Supplies,Art,128.856,4,2.0088,32.214,0.01558949525,4,FALSE
2020,October,22,43,Standard Class,Home Office,United States,Tulsa,Oklahoma,Central,Office Supplies,Art,150.44,4,12.0252,37.61,0.07993352832,4,FALSE
2020,October,31,44,Standard Class,Home Office,United States,Dallas,Texas,Central,Office Supplies,Art,95.248,2,0.5904,47.624,0.00619855535,4,FALSE
2020,November,4,45,Standard Class,Home Office,United States,Springdale,Arkansas,South,Office Supplies,Art,103.3,2,1.419,51.65,0.01373668925,4,FALSE
2020,November,28,48,Standard Class,Home Office,United States,Baltimore,Maryland,East,Office Supplies,Art,117.64,1,0.738,117.64,0.006273376403,4,FALSE
2020,December,28,53,Standard Class,Home Office,United States,Fargo,North Dakota,Central,Office Supplies,Art,373.48,1,0.868,373.48,0.002324086966,4,FALSE
2019,January,4,1,Standard Class,Corporate,United States,Philadelphia,Pennsylvania,East,Office Supplies,Art,4.672,1,0.584,4.672,0.125,1,FALSE
2019,January,23,4,Standard Class,Corporate,United States,Burlington,Vermont,East,Office Supplies,Art,8.04,6,2.7336,1.34,0.34,1,FALSE
2019,March,8,10,Standard Class,Corporate,United States,Jackson,Michigan,Central,Office Supplies,Art,13.9,5,3.753,2.78,0.27,1,FALSE
2019,March,21,12,Standard Class,Corporate,United States,Houston,Texas,Central,Office Supplies,Art,1.344,1,0.504,1.344,0.375,1,FALSE
2019,April,10,15,Standard Class,Corporate,United States,Chicago,Illinois,Central,Office Supplies,Art,13.568,4,3.2224,3.392,0.2375,2,FALSE
2019,April,15,16,Standard Class,Corporate,United States,Grapevine,Texas,Central,Office Supplies,Art,33.488,7,5.8604,4.784,0.175,2,FALSE
2019,April,18,16,Standard Class,Corporate,United States,New York City,New York,East,Office Supplies,Art,6.99,3,2.0271,2.33,0.29,2,FALSE
2019,May,12,20,Standard Class,Corporate,United States,Virginia Beach,Virginia,South,Office Supplies,Art,10.96,4,2.9592,2.74,0.27,2,TRUE
2019,May,14,20,Standard Class,Corporate,United States,Jacksonville,Florida,South,Office Supplies,Art,4.768,2,0.4172,2.384,0.0875,2,FALSE
2019,May,19,21,Standard Class,Corporate,United States,Lafayette,Indiana,Central,Office Supplies,Art,21.4,5,6.206,4.28,0.29,2,TRUE
2019,May,26,22,Standard Class,Corporate,United States,Philadelphia,Pennsylvania,East,Office Supplies,Art,1.504,1,0.1692,1.504,0.1125,2,TRUE
2019,June,17,25,Standard Class,Corporate,United States,Waterbury,Connecticut,East,Office Supplies,Art,9.84,3,2.8536,3.28,0.29,2,FALSE
2019,June,26,26,Standard Class,Corporate,United States,New York City,New York,East,Office Supplies,Art,14.7,5,6.615,2.94,0.45,2,FALSE
2019,June,26,26,Standard Class,Corporate,United States,Chicago,Illinois,Central,Office Supplies,Art,5.304,3,0.4641,1.768,0.0875,2,FALSE
2019,July,23,30,Standard Class,Corporate,United States,Tampa,Florida,South,Office Supplies,Art,35.216,2,2.6412,17.608,0.075,3,FALSE
2019,August,5,32,Standard Class,Corporate,United States,Huntsville,Alabama,South,Office Supplies,Art,197.05,7,59.115,28.15,0.3,3,FALSE
2019,August,23,34,Standard Class,Corporate,United States,New York City,New York,East,Office Supplies,Art,21.3,5,8.733,4.26,0.41,3,FALSE
2019,August,23,34,Standard Class,Corporate,United States,New York City,New York,East,Office Supplies,Art,29.34,6,7.9218,4.89,0.27,3,FALSE
2019,August,26,35,Standard Class,Corporate,United States,Philadelphia,Pennsylvania,East,Office Supplies,Art,5.472,3,1.6416,1.824,0.3,3,FALSE
2019,September,8,37,Standard Class,Corporate,United States,Dallas,Texas,Central,Office Supplies,Art,70.368,2,6.1572,35.184,0.0875,3,TRUE
2019,September,17,38,Standard Class,Corporate,United States,Columbus,Indiana,Central,Office Supplies,Art,33.4,5,12.358,6.68,0.37,3,FALSE
2019,September,22,39,Standard Class,Corporate,United States,Smyrna,Tennessee,South,Office Supplies,Art,40.776,3,4.5873,13.592,0.1125,3,TRUE
2019,September,23,39,Standard Class,Corporate,United States,Fairfield,Ohio,East,Office Supplies,Art,4.912,2,0.307,2.456,0.0625,3,FALSE
2019,September,25,39,Standard Class,Corporate,United States,La Crosse,Wisconsin,Central,Office Supplies,Art,3.04,1,1.0336,3.04,0.34,3,FALSE
2019,October,2,40,Standard Class,Corporate,United States,Lafayette,Indiana,Central,Office Supplies,Art,33.96,2,9.5088,16.98,0.28,4,FALSE
2019,October,13,42,Standard Class,Corporate,United States,New York City,New York,East,Office Supplies,Art,34.7,5,12.492,6.94,0.36,4,TRUE
2019,October,30,44,Standard Class,Corporate,United States,New York City,New York,East,Office Supplies,Art,114.95,5,32.186,22.99,0.28,4,FALSE
2019,October,31,44,Standard Class,Corporate,United States,Tulsa,Oklahoma,Central,Office Supplies,Art,12.39,3,3.4692,4.13,0.28,4,FALSE
2019,November,11,46,Standard Class,Corporate,United States,New York City,New York,East,Office Supplies,Art,92.94,3,25.0938,30.98,0.27,4,FALSE
2019,November,13,46,Standard Class,Corporate,United States,New York City,New York,East,Office Supplies,Art,140.75,5,39.41,28.15,0.28,4,FALSE
2019,November,22,47,Standard Class,Corporate,United States,New York City,New York,East,Office Supplies,Art,20.82,3,7.4952,6.94,0.36,4,FALSE
2019,December,9,50,Standard Class,Corporate,United States,Fremont,Nebraska,Central,Office Supplies,Art,19.46,7,5.0596,2.78,0.26,4,FALSE
2019,December,9,50,Standard Class,Corporate,United States,Fort Worth,Texas,Central,Office Supplies,Art,9.328,1,0.8162,9.328,0.0875,4,FALSE
2019,December,12,50,Standard Class,Corporate,United States,New York City,New York,East,Office Supplies,Art,11.2,7,4.816,1.6,0.43,4,FALSE
2019,December,23,52,Standard Class,Corporate,United States,Seattle,Washington,West,Office Supplies,Art,8.82,3,2.5578,2.94,0.29,4,FALSE
2019,December,23,52,Standard Class,Corporate,United States,Seattle,Washington,West,Office Supplies,Art,4.2,2,1.176,2.1,0.28,4,FALSE
2019,December,31,53,Standard Class,Corporate,United States,Reno,Nevada,West,Office Supplies,Art,3.64,2,1.638,1.82,0.45,4,FALSE
2020,January,30,5,Standard Class,Corporate,United States,Des Moines,Iowa,Central,Office Supplies,Art,135.3,2,10.881,67.65,0.08042128603,1,FALSE
2020,March,2,10,Standard Class,Corporate,United States,Newark,Delaware,East,Office Supplies,Art,134.52,3,15.4752,44.84,0.1150401427,1,FALSE
2020,March,25,13,Standard Class,Corporate,United States,Seattle,Washington,West,Office Supplies,Art,102.1,2,6.93,51.05,0.06787463271,1,FALSE
2020,April,28,18,Standard Class,Corporate,United States,Philadelphia,Pennsylvania,East,Office Supplies,Art,133.848,2,0.7704,66.924,0.005755782679,2,FALSE
2020,May,21,21,Standard Class,Corporate,United States,Auburn,New York,East,Office Supplies,Art,94.97,3,5.2113,31.65666667,0.05487311783,2,FALSE
2020,May,27,22,Standard Class,Corporate,United States,Seattle,Washington,West,Office Supplies,Art,136.44,3,7.86,45.48,0.05760773967,2,FALSE
2020,June,10,24,Standard Class,Corporate,United States,New York City,New York,East,Office Supplies,Art,102.4,5,4.2,20.48,0.041015625,2,FALSE
2020,June,16,25,Standard Class,Corporate,United States,Chapel Hill,North Carolina,South,Office Supplies,Art,135.016,3,4.7304,45.00533333,0.0350358476,2,FALSE
2020,July,8,28,Standard Class,Corporate,United States,Newark,Delaware,East,Office Supplies,Art,201.95,5,45.487,40.39,0.2252389205,3,FALSE
2020,July,8,28,Standard Class,Corporate,United States,Newark,Delaware,East,Office Supplies,Art,125.91,7,8.673,17.98714286,0.06888253514,3,FALSE
2020,September,2,36,Standard Class,Corporate,United States,New York City,New York,East,Office Supplies,Art,95.92,3,2.214,31.97333333,0.02308173478,3,FALSE
2020,September,2,36,Standard Class,Corporate,United States,New York City,New York,East,Office Supplies,Art,144.1,2,6.468,72.05,0.04488549618,3,FALSE
2020,September,9,37,Standard Class,Corporate,United States,Philadelphia,Pennsylvania,East,Office Supplies,Art,105.672,1,1.5768,105.672,0.01492164433,3,FALSE
2020,September,18,38,Standard Class,Corporate,United States,Columbus,Georgia,South,Office Supplies,Art,155.94,3,34.182,51.98,0.2191996922,3,FALSE
2020,September,19,38,Standard Class,Corporate,United States,Springfield,Oregon,West,Office Supplies,Art,131.832,3,6.5538,43.944,0.04971327144,3,FALSE
2020,October,1,40,Standard Class,Corporate,United States,San Antonio,Texas,Central,Office Supplies,Art,117.672,6,0.5004,19.612,0.00425249847,4,FALSE
2020,October,15,42,Standard Class,Corporate,United States,Orem,Utah,West,Office Supplies,Art,123.68,2,4.2048,61.84,0.03399741268,4,FALSE
2020,October,19,43,Standard Class,Corporate,United States,Philadelphia,Pennsylvania,East,Office Supplies,Art,166.256,7,9.2442,23.75085714,0.05560220383,4,FALSE
2020,October,27,44,Standard Class,Corporate,United States,Tallahassee,Florida,South,Office Supplies,Art,87.576,3,0.5754,29.192,0.006570293231,4,FALSE
2020,November,2,45,Standard Class,Corporate,United States,Overland Park,Kansas,Central,Office Supplies,Art,123.78,6,9.1674,20.63,0.07406204556,4,FALSE
2020,November,16,47,Standard Class,Corporate,United States,Bowling Green,Ohio,East,Office Supplies,Art,122.352,3,5.397,40.784,0.04411043546,4,FALSE
2020,November,18,47,Standard Class,Corporate,United States,Lakewood,Ohio,East,Office Supplies,Art,170.864,7,7.7728,24.40914286,0.04549115086,4,FALSE
2020,November,26,48,Standard Class,Corporate,United States,Atlanta,Georgia,South,Office Supplies,Art,97.84,3,3.7236,32.61333333,0.03805805397,4,FALSE
2020,December,2,49,Standard Class,Corporate,United States,Lakewood,Ohio,East,Office Supplies,Art,128.728,9,1.7262,14.30311111,0.01340967,4,FALSE
2020,December,2,49,Standard Class,Corporate,United States,Houston,Texas,Central,Office Supplies,Art,106.16,5,2.128,21.232,0.02004521477,4,FALSE
2020,December,2,49,Standard Class,Corporate,United States,Miami,Florida,South,Office Supplies,Art,118.96,5,4.1965,23.792,0.03527656355,4,FALSE
2020,December,4,49,Standard Class,Corporate,United States,Philadelphia,Pennsylvania,East,Office Supplies,Art,113.392,3,3.1806,37.79733333,0.02804959786,4,FALSE
2020,December,9,50,Standard Class,Corporate,United States,Philadelphia,Pennsylvania,East,Office Supplies,Art,110.624,1,0.4264,110.624,0.00385449812,4,FALSE
2020,December,11,50,Standard Class,Corporate,United States,Jacksonville,Florida,South,Office Supplies,Art,332.584,1,1.3584,332.584,0.00408438169,4,FALSE
2020,December,15,51,Standard Class,Corporate,United States,Oak Park,Illinois,Central,Office Supplies,Art,416.192,7,1.0192,59.456,0.002448869752,4,FALSE
2020,December,18,51,Standard Class,Corporate,United States,Philadelphia,Pennsylvania,East,Office Supplies,Art,342.704,7,2.338,48.95771429,0.006822213922,4,FALSE
2020,December,22,52,Standard Class,Corporate,United States,Carlsbad,New Mexico,West,Office Supplies,Art,389.17,3,1.0842,129.7233333,0.002785929028,4,FALSE
2019,January,8,2,Standard Class,Consumer,United States,Raleigh,North Carolina,South,Office Supplies,Art,47.616,3,5.952,15.872,0.125,1,FALSE
2019,February,14,7,Standard Class,Consumer,United States,Jackson,Mississippi,South,Office Supplies,Art,264.18,7,68.6868,37.74,0.26,1,FALSE
2019,February,28,9,Standard Class,Consumer,United States,Newark,Ohio,East,Office Supplies,Art,111.104,7,8.3328,15.872,0.075,1,FALSE
2019,March,17,12,Standard Class,Consumer,United States,Malden,Massachusetts,East,Office Supplies,Art,39.68,2,10.3168,19.84,0.26,1,TRUE
2019,March,21,12,Standard Class,Consumer,United States,Chicago,Illinois,Central,Office Supplies,Art,13.392,3,1.5066,4.464,0.1125,1,FALSE
2019,April,1,14,Standard Class,Consumer,United States,New York City,New York,East,Office Supplies,Art,88.04,4,22.8904,22.01,0.26,2,FALSE
2019,April,7,15,Standard Class,Consumer,United States,New York City,New York,East,Office Supplies,Art,3.64,2,0.9828,1.82,0.27,2,TRUE
2019,April,8,15,Standard Class,Consumer,United States,New York City,New York,East,Office Supplies,Art,17.04,4,6.9864,4.26,0.41,2,FALSE
2019,April,16,16,Standard Class,Consumer,United States,Columbus,Georgia,South,Office Supplies,Art,12.84,3,3.7236,4.28,0.29,2,FALSE
2019,April,19,16,Standard Class,Consumer,United States,New York City,New York,East,Office Supplies,Art,3.28,2,1.476,1.64,0.45,2,FALSE
2019,April,19,16,Standard Class,Consumer,United States,New York City,New York,East,Office Supplies,Art,71.96,2,17.99,35.98,0.25,2,FALSE
2019,April,22,17,Standard Class,Consumer,United States,Rome,New York,East,Office Supplies,Art,32.13,9,8.3538,3.57,0.26,2,FALSE
2019,April,22,17,Standard Class,Consumer,United States,Rome,New York,East,Office Supplies,Art,2.88,1,0.8064,2.88,0.28,2,FALSE
2019,May,2,18,Standard Class,Consumer,United States,Houston,Texas,Central,Office Supplies,Art,86.352,3,5.397,28.784,0.0625,2,FALSE
2019,May,3,18,Standard Class,Consumer,United States,Chicago,Illinois,Central,Office Supplies,Art,27.384,7,2.7384,3.912,0.1,2,FALSE
2019,May,9,19,Standard Class,Consumer,United States,Philadelphia,Pennsylvania,East,Office Supplies,Art,79.36,5,9.92,15.872,0.125,2,FALSE
2019,May,28,22,Standard Class,Consumer,United States,Jackson,Mississippi,South,Office Supplies,Art,185.88,6,50.1876,30.98,0.27,2,FALSE
2019,May,29,22,Standard Class,Consumer,United States,Nashville,Tennessee,South,Office Supplies,Art,4.448,2,0.3336,2.224,0.075,2,FALSE
2019,June,5,23,Standard Class,Consumer,United States,Newark,Delaware,East,Office Supplies,Art,11.16,2,2.79,5.58,0.25,2,FALSE
2019,July,2,27,Standard Class,Consumer,United States,Arlington,Virginia,South,Office Supplies,Art,7.7,2,3.157,3.85,0.41,3,FALSE
2019,July,7,28,Standard Class,Consumer,United States,Orem,Utah,West,Office Supplies,Art,45.98,2,12.8744,22.99,0.28,3,TRUE
2019,July,10,28,Standard Class,Consumer,United States,Dallas,Texas,Central,Office Supplies,Art,154.24,4,17.352,38.56,0.1125,3,FALSE
2019,July,22,30,Standard Class,Consumer,United States,Allentown,Pennsylvania,East,Office Supplies,Art,4.16,2,0.364,2.08,0.0875,3,FALSE
2019,July,22,30,Standard Class,Consumer,United States,Westland,Michigan,Central,Office Supplies,Art,29.2,5,10.512,5.84,0.36,3,FALSE
2019,July,23,30,Standard Class,Consumer,United States,Mcallen,Texas,Central,Office Supplies,Art,4.448,2,0.3336,2.224,0.075,3,FALSE
2019,July,23,30,Standard Class,Consumer,United States,Mcallen,Texas,Central,Office Supplies,Art,175.92,5,15.393,35.184,0.0875,3,FALSE
2019,August,6,32,Standard Class,Consumer,United States,New York City,New York,East,Office Supplies,Art,38.34,9,15.7194,4.26,0.41,3,FALSE
2019,August,26,35,Standard Class,Consumer,United States,Detroit,Michigan,Central,Office Supplies,Art,8.64,3,2.5056,2.88,0.29,3,FALSE
2019,September,1,36,Standard Class,Consumer,United States,Detroit,Michigan,Central,Office Supplies,Art,11.96,2,2.99,5.98,0.25,3,TRUE
2019,September,2,36,Standard Class,Consumer,United States,New York City,New York,East,Office Supplies,Art,75.48,2,19.6248,37.74,0.26,3,FALSE
2019,September,2,36,Standard Class,Consumer,United States,Charlotte,North Carolina,South,Office Supplies,Art,19.456,4,3.4048,4.864,0.175,3,FALSE
2019,September,4,36,Standard Class,Consumer,United States,Houston,Texas,Central,Office Supplies,Art,3.912,1,1.0269,3.912,0.2625,3,FALSE
2019,September,4,36,Standard Class,Consumer,United States,Houston,Texas,Central,Office Supplies,Art,62.376,3,7.0173,20.792,0.1125,3,FALSE
2019,September,4,36,Standard Class,Consumer,United States,Georgetown,Kentucky,South,Office Supplies,Art,5.28,3,2.5344,1.76,0.48,3,FALSE
2019,September,5,36,Standard Class,Consumer,United States,Philadelphia,Pennsylvania,East,Office Supplies,Art,7.872,3,0.5904,2.624,0.075,3,FALSE
2019,September,15,38,Standard Class,Consumer,United States,Seattle,Washington,West,Office Supplies,Art,35.4,5,13.452,7.08,0.38,3,TRUE
2019,September,22,39,Standard Class,Consumer,United States,Philadelphia,Pennsylvania,East,Office Supplies,Art,7.872,3,0.8856,2.624,0.1125,3,TRUE
2019,September,29,40,Standard Class,Consumer,United States,Mobile,Alabama,South,Office Supplies,Art,25.92,9,7.776,2.88,0.3,3,TRUE
2019,October,11,41,Standard Class,Consumer,United States,Chicago,Illinois,Central,Office Supplies,Art,5.344,2,0.668,2.672,0.125,4,FALSE
2019,October,11,41,Standard Class,Consumer,United States,Chicago,Illinois,Central,Office Supplies,Art,27.72,3,3.465,9.24,0.125,4,FALSE
2019,October,13,42,Standard Class,Consumer,United States,Laredo,Texas,Central,Office Supplies,Art,15.872,1,1.1904,15.872,0.075,4,TRUE
2019,October,30,44,Standard Class,Consumer,United States,Sterling Heights,Michigan,Central,Office Supplies,Art,11.68,2,3.504,5.84,0.3,4,FALSE
2019,November,3,45,Standard Class,Consumer,United States,Urbandale,Iowa,Central,Office Supplies,Art,75.96,2,22.788,37.98,0.3,4,TRUE
2019,November,3,45,Standard Class,Consumer,United States,Marysville,Washington,West,Office Supplies,Art,8.82,3,2.3814,2.94,0.27,4,TRUE
2019,November,10,46,Standard Class,Consumer,United States,Warner Robins,Georgia,South,Office Supplies,Art,41.86,7,10.465,5.98,0.25,4,TRUE
2019,November,11,46,Standard Class,Consumer,United States,Arlington Heights,Illinois,Central,Office Supplies,Art,14.112,6,1.2348,2.352,0.0875,4,FALSE
2019,November,14,46,Standard Class,Consumer,United States,New York City,New York,East,Office Supplies,Art,23.65,1,6.149,23.65,0.26,4,FALSE
2019,November,22,47,Standard Class,Consumer,United States,Houston,Texas,Central,Office Supplies,Art,23.616,9,2.6568,2.624,0.1125,4,FALSE
2019,November,26,48,Standard Class,Consumer,United States,El Paso,Texas,Central,Office Supplies,Art,17.856,4,4.2408,4.464,0.2375,4,FALSE
2019,December,1,49,Standard Class,Consumer,United States,Knoxville,Tennessee,South,Office Supplies,Art,4.704,2,0.4116,2.352,0.0875,4,TRUE
2019,December,11,50,Standard Class,Consumer,United States,Smyrna,Tennessee,South,Office Supplies,Art,6.672,3,1.668,2.224,0.25,4,FALSE
2019,December,25,52,Standard Class,Consumer,United States,Fayetteville,Arkansas,South,Office Supplies,Art,19.89,9,5.3703,2.21,0.27,4,FALSE
2019,December,31,53,Standard Class,Consumer,United States,Jacksonville,Florida,South,Office Supplies,Art,47.616,3,3.5712,15.872,0.075,4,FALSE
2020,January,1,1,Standard Class,Consumer,United States,Huntsville,Texas,Central,Office Supplies,Art,93.736,4,2.2288,23.434,0.02377741743,1,FALSE
2020,January,20,4,Standard Class,Consumer,United States,Waterbury,Connecticut,East,Office Supplies,Art,111.52,2,1.0208,55.76,0.009153515065,1,FALSE
2020,January,30,5,Standard Class,Consumer,United States,Aurora,Illinois,Central,Office Supplies,Art,114.344,2,3.1536,57.172,0.02757993423,1,FALSE
2020,February,13,7,Standard Class,Consumer,United States,Seattle,Washington,West,Office Supplies,Art,919.63,3,1.7901,306.5433333,0.001946543719,1,FALSE
2020,February,13,7,Standard Class,Consumer,United States,Baltimore,Maryland,East,Office Supplies,Art,117.71,3,2.7846,39.23666667,0.0236564438,1,FALSE
2020,February,16,8,Standard Class,Consumer,United States,Decatur,Illinois,Central,Office Supplies,Art,134.032,6,3.504,22.33866667,0.02614301062,1,TRUE
2020,March,6,10,Standard Class,Consumer,United States,Dallas,Texas,Central,Office Supplies,Art,165.488,4,4.7616,41.372,0.02877308324,1,FALSE
2020,March,18,12,Standard Class,Consumer,United States,Dallas,Texas,Central,Office Supplies,Art,119.832,3,6.5538,39.944,0.0546915682,1,FALSE
2020,March,18,12,Standard Class,Consumer,United States,Seattle,Washington,West,Office Supplies,Art,112.2,4,21.252,28.05,0.1894117647,1,FALSE
2020,March,25,13,Standard Class,Consumer,United States,New York City,New York,East,Office Supplies,Art,123.05,5,2.9835,24.61,0.02424624137,1,FALSE
2020,April,11,15,Standard Class,Consumer,United States,Burlington,North Carolina,South,Office Supplies,Art,97.992,8,2.3616,12.249,0.02409992652,2,FALSE
2020,April,11,15,Standard Class,Consumer,United States,Burlington,North Carolina,South,Office Supplies,Art,108.752,1,0.1533,108.752,0.001409629248,2,FALSE
2020,April,20,17,Standard Class,Consumer,United States,Chicago,Illinois,Central,Office Supplies,Art,93.76,2,3.546,46.88,0.03781996587,2,FALSE
2020,April,25,17,Standard Class,Consumer,United States,Chandler,Arizona,West,Office Supplies,Art,85.896,4,0.6672,21.474,0.00776753283,2,FALSE
2020,June,4,23,Standard Class,Consumer,United States,Apple Valley,Minnesota,Central,Office Supplies,Art,118.64,3,2.5056,39.54666667,0.02111935266,2,FALSE
2020,June,12,24,Standard Class,Consumer,United States,New York City,New York,East,Office Supplies,Art,161.14,3,16.6764,53.71333333,0.1034901328,2,FALSE
2020,June,13,24,Standard Class,Consumer,United States,Springfield,Virginia,South,Office Supplies,Art,203.86,7,50.9208,29.12285714,0.2497831845,2,FALSE
2020,June,15,25,Standard Class,Consumer,United States,Quincy,Illinois,Central,Office Supplies,Art,132.56,5,1.7115,26.512,0.01291113458,2,FALSE
2020,June,20,25,Standard Class,Consumer,United States,Parma,Ohio,East,Office Supplies,Art,98.248,2,0.5904,49.124,0.006009282632,2,FALSE
2020,July,8,28,Standard Class,Consumer,United States,Lowell,Massachusetts,East,Office Supplies,Art,127.56,3,3.0996,42.52,0.02429915334,3,FALSE
2020,July,8,28,Standard Class,Consumer,United States,Lowell,Massachusetts,East,Office Supplies,Art,118.96,2,4.1472,59.48,0.03486213853,3,FALSE
2020,July,9,28,Standard Class,Consumer,United States,Manchester,Connecticut,East,Office Supplies,Art,159.04,6,48.8064,26.50666667,0.3068812877,3,FALSE
2020,July,11,28,Standard Class,Consumer,United States,Waterloo,Iowa,Central,Office Supplies,Art,134.32,4,11.8248,33.58,0.08803454437,3,FALSE
2020,July,14,29,Standard Class,Consumer,United States,Columbus,Ohio,East,Office Supplies,Art,139.12,5,2.132,27.824,0.01532489937,3,FALSE
2020,July,21,30,Standard Class,Consumer,United States,Salem,Virginia,South,Office Supplies,Art,117.94,6,29.5626,19.65666667,0.2506579617,3,FALSE
2020,July,21,30,Standard Class,Consumer,United States,Salem,Virginia,South,Office Supplies,Art,124.68,6,5.7072,20.78,0.04577478345,3,FALSE
2020,July,23,30,Standard Class,Consumer,United States,Wheeling,Illinois,Central,Office Supplies,Art,168.536,4,15.192,42.134,0.09014097878,3,FALSE
2020,August,7,32,Standard Class,Consumer,United States,Long Beach,New York,East,Office Supplies,Art,133.8,10,26.2,13.38,0.1958146487,3,FALSE
2020,August,7,32,Standard Class,Consumer,United States,Long Beach,New York,East,Office Supplies,Art,129.68,2,5.4896,64.84,0.04233189389,3,FALSE
2020,September,4,36,Standard Class,Consumer,United States,Coppell,Texas,Central,Office Supplies,Art,120.192,7,3.185,17.17028571,0.02649926784,3,FALSE
2020,September,4,36,Standard Class,Consumer,United States,Coppell,Texas,Central,Office Supplies,Art,105.12,5,3.772,21.024,0.03588280061,3,FALSE
2020,September,5,36,Standard Class,Consumer,United States,Knoxville,Tennessee,South,Office Supplies,Art,115.96,5,7.196,23.192,0.06205588134,3,FALSE
2020,September,9,37,Standard Class,Consumer,United States,Cleveland,Ohio,East,Office Supplies,Art,104.92,5,3.888,20.984,0.03705680518,3,FALSE
2020,September,13,38,Standard Class,Consumer,United States,Asheville,North Carolina,South,Office Supplies,Art,130.92,5,2.786,26.184,0.0212801711,3,TRUE
2020,September,15,38,Standard Class,Consumer,United States,Houston,Texas,Central,Office Supplies,Art,122.744,2,8.3328,61.372,0.06788763606,3,FALSE
2020,September,15,38,Standard Class,Consumer,United States,Seattle,Washington,West,Office Supplies,Art,131.42,3,5.2164,43.80666667,0.03969258865,3,FALSE
2020,September,22,39,Standard Class,Consumer,United States,Smyrna,Georgia,South,Office Supplies,Art,111.94,3,6.4584,37.31333333,0.05769519385,3,FALSE
2020,September,25,39,Standard Class,Consumer,United States,New York City,New York,East,Office Supplies,Art,115.56,2,1.4456,57.78,0.01250951886,3,FALSE
2020,October,2,40,Standard Class,Consumer,United States,Trenton,Michigan,Central,Office Supplies,Art,106.98,7,22.792,15.28285714,0.2130491681,4,FALSE
2020,October,2,40,Standard Class,Consumer,United States,Springfield,Oregon,West,Office Supplies,Art,143.144,7,10.7037,20.44914286,0.07477575029,4,FALSE
2020,October,6,41,Standard Class,Consumer,United States,Chandler,Arizona,West,Office Supplies,Art,88.344,2,1.8688,44.172,0.02115367201,4,FALSE
2020,October,20,43,Standard Class,Consumer,United States,Little Rock,Arkansas,South,Office Supplies,Art,75.36,4,4.1416,18.84,0.05495753715,4,FALSE
2020,November,2,45,Standard Class,Consumer,United States,Springfield,Virginia,South,Office Supplies,Art,107.56,2,1.4456,53.78,0.0134399405,4,FALSE
2020,November,3,45,Standard Class,Consumer,United States,Orlando,Florida,South,Office Supplies,Art,152.984,2,4.1988,76.492,0.02744600743,4,FALSE
2020,November,11,46,Standard Class,Consumer,United States,Detroit,Michigan,Central,Office Supplies,Art,211.86,7,50.9208,30.26571429,0.2403511753,4,FALSE
2020,November,12,46,Standard Class,Consumer,United States,Seattle,Washington,West,Office Supplies,Art,88.21,3,2.3025,29.40333333,0.02610248271,4,FALSE
2020,November,14,46,Standard Class,Consumer,United States,Pasadena,Texas,Central,Office Supplies,Art,159.04,2,4.504,79.52,0.02831991952,4,FALSE
2020,November,20,47,Standard Class,Consumer,United States,Lakeville,Minnesota,Central,Office Supplies,Art,109,10,9.68,10.9,0.08880733945,4,FALSE
2020,November,22,48,Standard Class,Consumer,United States,Houston,Texas,Central,Office Supplies,Art,207.712,8,2.232,25.964,0.01074564782,4,TRUE
2020,November,23,48,Standard Class,Consumer,United States,Charlotte,North Carolina,South,Office Supplies,Art,107.304,1,1.0738,107.304,0.01000708268,4,FALSE
2020,November,24,48,Standard Class,Consumer,United States,New York City,New York,East,Office Supplies,Art,128.38,9,7.371,14.26444444,0.05741548528,4,FALSE
2020,November,25,48,Standard Class,Consumer,United States,Houston,Texas,Central,Office Supplies,Art,130.688,4,3.7376,32.672,0.02859941234,4,FALSE
2020,November,27,48,Standard Class,Consumer,United States,Asheville,North Carolina,South,Office Supplies,Art,120.76,5,0.7665,24.152,0.006347300431,4,FALSE
2020,November,30,49,Standard Class,Consumer,United States,Newark,Delaware,East,Office Supplies,Art,166.94,6,45.2226,27.82333333,0.2708913382,4,FALSE
2020,December,2,49,Standard Class,Consumer,United States,Greensboro,North Carolina,South,Office Supplies,Art,93.776,1,2.4582,93.776,0.02621353011,4,FALSE
2020,December,4,49,Standard Class,Consumer,United States,Rochester,Minnesota,Central,Office Supplies,Art,93.8,5,2.552,18.76,0.02720682303,4,FALSE
2020,December,18,51,Standard Class,Consumer,United States,New York City,New York,East,Office Supplies,Art,266.2,2,1.376,133.1,0.00516904583,4,FALSE
2020,December,18,51,Standard Class,Consumer,United States,New York City,New York,East,Office Supplies,Art,394.82,6,17.469,65.80333333,0.04424547895,4,FALSE
2020,December,22,52,Standard Class,Consumer,United States,Jackson,Tennessee,South,Office Supplies,Art,274.128,7,2.891,39.16114286,0.01054616821,4,FALSE
2020,December,23,52,Standard Class,Consumer,United States,Hendersonville,Tennessee,South,Office Supplies,Art,402.264,7,1.0731,57.46628571,0.002667651095,4,FALSE
2020,December,25,52,Standard Class,Consumer,United States,Dallas,Texas,Central,Office Supplies,Art,302.744,2,2.3808,151.372,0.007864069973,4,FALSE
2020,December,28,53,Standard Class,Consumer,United States,Round Rock,Texas,Central,Office Supplies,Art,362.168,2,2.7168,181.084,0.007501491021,4,FALSE
2019,January,7,2,Standard Class,Home Office,United States,Oakland,California,West,Office Supplies,Art,34.58,1,10.0282,34.58,0.29,1,FALSE
2019,January,28,5,Second Class,Corporate,United States,Los Angeles,California,West,Office Supplies,Art,39.68,2,10.3168,19.84,0.26,1,FALSE
2019,March,4,10,Standard Class,Home Office,United States,San Diego,California,West,Office Supplies,Art,16.99,1,4.9271,16.99,0.29,1,FALSE
2019,April,19,16,Second Class,Consumer,United States,Los Angeles,California,West,Office Supplies,Art,5.46,3,1.5288,1.82,0.28,2,FALSE
2019,April,19,16,Second Class,Consumer,United States,Los Angeles,California,West,Office Supplies,Art,73.2,5,21.228,14.64,0.29,2,FALSE
2019,June,14,24,First Class,Home Office,United States,San Francisco,California,West,Office Supplies,Art,7.04,4,2.0416,1.76,0.29,2,FALSE
2019,June,14,24,First Class,Home Office,United States,San Francisco,California,West,Office Supplies,Art,8.64,3,2.5056,2.88,0.29,2,FALSE
2019,June,20,25,Second Class,Corporate,United States,Salinas,California,West,Office Supplies,Art,5.16,2,1.3416,2.58,0.26,2,FALSE
2019,July,25,30,Same Day,Home Office,United States,San Francisco,California,West,Office Supplies,Art,37.17,9,11.151,4.13,0.3,3,FALSE
2019,August,22,34,Standard Class,Corporate,United States,Los Angeles,California,West,Office Supplies,Art,5.76,2,1.6704,2.88,0.29,3,FALSE
2019,August,26,35,Second Class,Corporate,United States,Los Angeles,California,West,Office Supplies,Art,8.26,2,3.7996,4.13,0.46,3,FALSE
2019,September,2,36,Standard Class,Consumer,United States,Los Angeles,California,West,Office Supplies,Art,18.69,7,5.2332,2.67,0.28,3,FALSE
2019,September,8,37,Standard Class,Consumer,United States,Visalia,California,West,Office Supplies,Art,14.88,2,3.72,7.44,0.25,3,TRUE
2019,September,17,38,Standard Class,Corporate,United States,Los Angeles,California,West,Office Supplies,Art,20.1,3,6.633,6.7,0.33,3,FALSE
2019,September,20,38,Standard Class,Corporate,United States,San Francisco,California,West,Office Supplies,Art,11.76,4,3.1752,2.94,0.27,3,FALSE
2019,September,25,39,Standard Class,Consumer,United States,San Francisco,California,West,Office Supplies,Art,16.56,4,6.9552,4.14,0.42,3,FALSE
2019,September,25,39,Standard Class,Consumer,United States,Long Beach,California,West,Office Supplies,Art,5.76,2,1.6704,2.88,0.29,3,FALSE
2019,September,26,39,Same Day,Consumer,United States,Redlands,California,West,Office Supplies,Art,35.4,5,13.452,7.08,0.38,3,FALSE
2019,October,13,42,Standard Class,Consumer,United States,Roseville,California,West,Office Supplies,Art,11.52,4,3.456,2.88,0.3,4,TRUE
2019,October,21,43,Standard Class,Consumer,United States,Los Angeles,California,West,Office Supplies,Art,12.39,3,5.6994,4.13,0.46,4,FALSE
2019,November,4,45,Same Day,Consumer,United States,Chula Vista,California,West,Office Supplies,Art,192.8,4,55.912,48.2,0.29,4,FALSE
2019,November,10,46,Second Class,Consumer,United States,Los Angeles,California,West,Office Supplies,Art,14.7,5,3.969,2.94,0.27,4,TRUE
2019,November,14,46,First Class,Consumer,United States,Los Angeles,California,West,Office Supplies,Art,9.84,3,2.8536,3.28,0.29,4,FALSE
2019,November,26,48,Standard Class,Consumer,United States,Los Angeles,California,West,Office Supplies,Art,37.17,9,10.4076,4.13,0.28,4,FALSE
2019,December,1,49,Standard Class,Corporate,United States,Los Angeles,California,West,Office Supplies,Art,23.04,8,6.912,2.88,0.3,4,TRUE
2019,December,3,49,Standard Class,Consumer,United States,Morgan Hill,California,West,Office Supplies,Art,21.92,8,5.9184,2.74,0.27,4,FALSE
2019,December,6,49,Standard Class,Home Office,United States,Los Angeles,California,West,Office Supplies,Art,18.69,7,5.2332,2.67,0.28,4,FALSE
2019,December,8,50,Standard Class,Corporate,United States,San Francisco,California,West,Office Supplies,Art,8.56,2,2.4824,4.28,0.29,4,TRUE
2019,December,11,50,Same Day,Consumer,United States,Anaheim,California,West,Office Supplies,Art,23.32,2,6.0632,11.66,0.26,4,FALSE
2019,December,13,50,Standard Class,Consumer,United States,Riverside,California,West,Office Supplies,Art,9.84,3,3.2472,3.28,0.33,4,FALSE
2019,December,26,52,Standard Class,Corporate,United States,Los Angeles,California,West,Office Supplies,Art,53.97,3,15.1116,17.99,0.28,4,FALSE
2020,January,3,1,Standard Class,Consumer,United States,San Francisco,California,West,Office Supplies,Art,125.12,3,3.1008,41.70666667,0.0247826087,1,FALSE
2020,January,15,3,Standard Class,Home Office,United States,Los Angeles,California,West,Office Supplies,Art,108.4,5,6.206,21.68,0.05725092251,1,FALSE
2020,January,20,4,Standard Class,Consumer,United States,San Francisco,California,West,Office Supplies,Art,152.2,5,7.986,30.44,0.05247043364,1,FALSE
2020,January,29,5,Standard Class,Consumer,United States,San Francisco,California,West,Office Supplies,Art,96.34,3,2.1684,32.11333333,0.02250778493,1,FALSE
2020,January,30,5,Standard Class,Home Office,United States,San Francisco,California,West,Office Supplies,Art,107.74,7,5.733,15.39142857,0.05321143494,1,FALSE
2020,January,30,5,Standard Class,Home Office,United States,San Francisco,California,West,Office Supplies,Art,131.82,3,2.3814,43.94,0.01806554392,1,FALSE
2020,February,19,8,First Class,Home Office,United States,Los Angeles,California,West,Office Supplies,Art,133.84,3,3.4668,44.61333333,0.02590257023,1,FALSE
2020,March,4,10,Standard Class,Corporate,United States,Los Angeles,California,West,Office Supplies,Art,122.32,4,2.7028,30.58,0.02209614127,1,FALSE
2020,March,6,10,Standard Class,Home Office,United States,San Francisco,California,West,Office Supplies,Art,117.88,6,8.1192,19.64666667,0.06887682389,1,FALSE
2020,March,8,11,Standard Class,Consumer,United States,Anaheim,California,West,Office Supplies,Art,77.36,2,0.8736,38.68,0.0112926577,1,TRUE
2020,March,18,12,Standard Class,Corporate,United States,Los Angeles,California,West,Office Supplies,Art,108.9,5,3.753,21.78,0.03446280992,1,FALSE
2020,March,25,13,First Class,Consumer,United States,Fresno,California,West,Office Supplies,Art,117.02,9,4.4856,13.00222222,0.03833190908,1,FALSE
2020,March,30,14,Same Day,Consumer,United States,Los Angeles,California,West,Office Supplies,Art,70.08,2,2.0672,35.04,0.02949771689,1,FALSE
2020,April,11,15,Standard Class,Consumer,United States,Pasadena,California,West,Office Supplies,Art,145.86,7,14.2324,20.83714286,0.09757575758,2,FALSE
2020,April,27,18,First Class,Consumer,United States,Los Angeles,California,West,Office Supplies,Art,169.92,4,33.4584,42.48,0.1969067797,2,FALSE
2020,April,27,18,First Class,Consumer,United States,Los Angeles,California,West,Office Supplies,Art,87.39,3,5.6994,29.13,0.06521798833,2,FALSE
2020,April,27,18,First Class,Consumer,United States,Los Angeles,California,West,Office Supplies,Art,148.3,2,12.298,74.15,0.08292650034,2,FALSE
2020,April,30,18,Standard Class,Corporate,United States,Los Angeles,California,West,Office Supplies,Art,117.78,2,4.0098,58.89,0.03404482934,2,FALSE
2020,May,2,18,Standard Class,Consumer,United States,Los Angeles,California,West,Office Supplies,Art,146.52,3,15.4752,48.84,0.1056183456,2,FALSE
2020,May,3,19,Standard Class,Consumer,United States,San Francisco,California,West,Office Supplies,Art,149.96,7,6.6584,21.42285714,0.04440117365,2,TRUE
2020,May,19,21,Second Class,Home Office,United States,San Francisco,California,West,Office Supplies,Art,102.52,2,1.0208,51.26,0.009957081545,2,FALSE
2020,May,19,21,Second Class,Home Office,United States,San Francisco,California,West,Office Supplies,Art,95.58,1,1.395,95.58,0.01459510358,2,FALSE
2020,May,22,21,Standard Class,Home Office,United States,San Francisco,California,West,Office Supplies,Art,116.78,1,0.7228,116.78,0.006189415996,2,FALSE
2020,May,22,21,Standard Class,Home Office,United States,San Francisco,California,West,Office Supplies,Art,102.84,3,2.8536,34.28,0.02774795799,2,FALSE
2020,May,22,21,First Class,Consumer,United States,Los Angeles,California,West,Office Supplies,Art,155.56,7,18.8328,22.22285714,0.121064541,2,FALSE
2020,May,30,22,Standard Class,Consumer,United States,San Diego,California,West,Office Supplies,Art,2049.1,6,10.179,341.5166667,0.004967546728,2,FALSE
2020,June,10,24,Second Class,Corporate,United States,Thousand Oaks,California,West,Office Supplies,Art,113.7,7,4.116,16.24285714,0.0362005277,2,FALSE
2020,June,10,24,First Class,Consumer,United States,Los Angeles,California,West,Office Supplies,Art,122.4,5,4.756,24.48,0.03885620915,2,FALSE
2020,June,15,25,Standard Class,Consumer,United States,Los Angeles,California,West,Office Supplies,Art,97.26,1,1.7466,97.26,0.01795805059,2,FALSE
2020,June,24,26,Standard Class,Consumer,United States,Huntington Beach,California,West,Office Supplies,Art,125.92,8,25.8984,15.74,0.2056734435,2,FALSE
2020,June,24,26,Standard Class,Corporate,United States,Pomona,California,West,Office Supplies,Art,431.6,8,111.824,53.95,0.2590917516,2,FALSE
2020,June,24,26,Standard Class,Corporate,United States,Pomona,California,West,Office Supplies,Art,135.82,9,11.8206,15.09111111,0.08703136504,2,FALSE
2020,June,29,27,First Class,Consumer,United States,Los Angeles,California,West,Office Supplies,Art,88.68,2,3.0368,44.34,0.03424447452,2,FALSE
2020,July,14,29,Standard Class,Consumer,United States,Westminster,California,West,Office Supplies,Art,103.92,4,20.8568,25.98,0.2007005389,3,FALSE
2020,July,21,30,Second Class,Corporate,United States,Concord,California,West,Office Supplies,Art,97.52,2,1.6896,48.76,0.01732567678,3,FALSE
2020,August,13,33,Same Day,Consumer,United States,San Francisco,California,West,Office Supplies,Art,108.52,3,15.4752,36.17333333,0.1426022853,3,FALSE
2020,August,14,33,Second Class,Consumer,United States,San Francisco,California,West,Office Supplies,Art,135.68,6,4.3368,22.61333333,0.0319634434,3,FALSE
2020,August,21,34,First Class,Consumer,United States,Oakland,California,West,Office Supplies,Art,107.12,4,4.9648,26.78,0.04634802091,3,FALSE
2020,September,2,36,Standard Class,Consumer,United States,San Francisco,California,West,Office Supplies,Art,115.57,3,1.7739,38.52333333,0.01534913905,3,FALSE
2020,September,2,36,Standard Class,Consumer,United States,Bakersfield,California,West,Office Supplies,Art,101.4,5,2.726,20.28,0.02688362919,3,FALSE
2020,September,3,36,Standard Class,Corporate,United States,San Francisco,California,West,Office Supplies,Art,105.96,2,1.6688,52.98,0.01574933937,3,FALSE
2020,September,9,37,Second Class,Consumer,United States,Los Angeles,California,West,Office Supplies,Art,132.56,2,1.9024,66.28,0.01435123718,3,FALSE
2020,September,15,38,Standard Class,Consumer,United States,San Francisco,California,West,Office Supplies,Art,139.3,10,41.706,13.93,0.2993969849,3,FALSE
2020,September,16,38,First Class,Corporate,United States,Inglewood,California,West,Office Supplies,Art,92.98,1,1.5548,92.98,0.01672187567,3,FALSE
2020,September,18,38,Standard Class,Corporate,United States,San Francisco,California,West,Office Supplies,Art,116.82,3,2.3814,38.94,0.02038520801,3,FALSE
2020,September,19,38,Standard Class,Corporate,United States,Los Angeles,California,West,Office Supplies,Art,100.74,3,4.8546,33.58,0.04818939845,3,FALSE
2020,September,19,38,Standard Class,Corporate,United States,Los Angeles,California,West,Office Supplies,Art,146.32,2,6.0632,73.16,0.04143794423,3,FALSE
2020,September,29,40,First Class,Consumer,United States,Los Angeles,California,West,Office Supplies,Art,149.2,5,25.792,29.84,0.1728686327,3,FALSE
2020,October,12,42,Second Class,Consumer,United States,Los Angeles,California,West,Office Supplies,Art,118.88,2,1.5876,59.44,0.01335464334,4,FALSE
2020,October,15,42,Second Class,Home Office,United States,San Francisco,California,West,Office Supplies,Art,114.92,4,26.376,28.73,0.2295161852,4,FALSE
2020,October,17,42,Second Class,Consumer,United States,San Diego,California,West,Office Supplies,Art,139.64,4,2.7664,34.91,0.01981094242,4,FALSE
2020,October,30,44,Standard Class,Consumer,United States,San Francisco,California,West,Office Supplies,Art,89.9,5,6.567,17.98,0.07304783092,4,FALSE
2020,November,2,45,Second Class,Home Office,United States,Danville,California,West,Office Supplies,Art,102.8,5,4.224,20.56,0.04108949416,4,FALSE
2020,November,6,45,Standard Class,Consumer,United States,Los Angeles,California,West,Office Supplies,Art,95.68,2,1.7608,47.84,0.01840301003,4,FALSE
2020,November,10,46,Same Day,Home Office,United States,Riverside,California,West,Office Supplies,Art,115.8,3,2.106,38.6,0.0181865285,4,FALSE
2020,November,14,46,Standard Class,Consumer,United States,Los Angeles,California,West,Office Supplies,Art,127.24,8,9.9296,15.905,0.07803835272,4,FALSE
2020,November,16,47,Standard Class,Home Office,United States,Escondido,California,West,Office Supplies,Art,129.36,4,6.0736,32.34,0.04695114409,4,FALSE
2020,November,21,47,Standard Class,Home Office,United States,Pasadena,California,West,Office Supplies,Art,113.56,2,1.4456,56.78,0.01272983445,4,FALSE
2020,November,21,47,Standard Class,Corporate,United States,San Francisco,California,West,Office Supplies,Art,119.76,4,3.1752,29.94,0.02651302605,4,FALSE
2020,November,24,48,First Class,Consumer,United States,San Francisco,California,West,Office Supplies,Art,117.76,4,9.9936,29.44,0.08486413043,4,FALSE
2020,November,25,48,Standard Class,Consumer,United States,San Francisco,California,West,Office Supplies,Art,100.16,2,1.3416,50.08,0.01339456869,4,FALSE
2020,December,2,49,Standard Class,Corporate,United States,Oakland,California,West,Office Supplies,Art,202.9,5,44.975,40.58,0.2216609167,4,FALSE
2020,December,2,49,Same Day,Corporate,United States,Los Angeles,California,West,Office Supplies,Art,121.08,6,5.04,20.18,0.04162537166,4,FALSE
2020,December,9,50,Second Class,Home Office,United States,Los Angeles,California,West,Office Supplies,Art,98.16,2,2.79,49.08,0.02842298289,4,FALSE
2020,December,16,51,Second Class,Corporate,United States,Sunnyvale,California,West,Office Supplies,Art,317.95,5,8.6855,63.59,0.02731718824,4,FALSE
2020,December,18,51,Standard Class,Home Office,United States,San Francisco,California,West,Office Supplies,Art,293.76,2,1.6704,146.88,0.00568627451,4,FALSE
2020,December,18,51,First Class,Consumer,United States,Los Angeles,California,West,Office Supplies,Art,385.63,3,1.7901,128.5433333,0.004642014366,4,FALSE
2020,December,21,52,Standard Class,Consumer,United States,Los Angeles,California,West,Office Supplies,Art,420.63,3,1.7901,140.21,0.004255759218,4,FALSE
2020,December,21,52,Standard Class,Consumer,United States,Los Angeles,California,West,Office Supplies,Art,302.88,2,1.7052,151.44,0.005629952456,4,FALSE
2020,December,23,52,Same Day,Consumer,United States,San Francisco,California,West,Office Supplies,Art,457.48,4,5.9312,114.37,0.01296493836,4,FALSE
2019,January,22,4,Standard Class,Consumer,United States,Fayetteville,North Carolina,South,Office Supplies,Appliances,64.864,4,6.4864,16.216,0.1,1,FALSE
2019,February,16,7,Standard Class,Corporate,United States,Chicago,Illinois,Central,Office Supplies,Appliances,92.064,6,-225.5568,15.344,-2.45,1,FALSE
2019,February,22,8,Standard Class,Home Office,United States,Milwaukee,Wisconsin,Central,Office Supplies,Appliances,490.32,9,137.2896,54.48,0.28,1,FALSE
2019,February,27,9,First Class,Consumer,United States,New York City,New York,East,Office Supplies,Appliances,170.88,3,49.5552,56.96,0.29,1,FALSE
2019,March,6,10,Standard Class,Consumer,United States,Chicago,Illinois,Central,Office Supplies,Appliances,2.334,3,-6.3018,0.778,-2.7,1,FALSE
2019,March,8,10,Standard Class,Corporate,United States,Jackson,Michigan,Central,Office Supplies,Appliances,207.144,3,48.3336,69.048,0.2333333333,1,FALSE
2019,March,12,11,Second Class,Corporate,United States,San Francisco,California,West,Office Supplies,Appliances,154.9,5,40.274,30.98,0.26,1,FALSE
2019,March,13,11,First Class,Home Office,United States,Scottsdale,Arizona,West,Office Supplies,Appliances,157.92,5,17.766,31.584,0.1125,1,FALSE
2019,March,13,11,Standard Class,Home Office,United States,Waynesboro,Virginia,South,Office Supplies,Appliances,160.32,2,44.8896,80.16,0.28,1,FALSE
2019,March,17,12,Same Day,Consumer,United States,Columbia,Maryland,East,Office Supplies,Appliances,901.95,3,297.6435,300.65,0.33,1,TRUE
2019,March,18,12,Second Class,Consumer,United States,Columbia,Tennessee,South,Office Supplies,Appliances,871.8,3,87.18,290.6,0.1,1,FALSE
2019,April,1,14,Standard Class,Corporate,United States,Sierra Vista,Arizona,West,Office Supplies,Appliances,30.144,2,3.0144,15.072,0.1,2,FALSE
2019,April,7,15,Standard Class,Consumer,United States,Philadelphia,Pennsylvania,East,Office Supplies,Appliances,33.528,3,2.5146,11.176,0.075,2,TRUE
2019,April,10,15,Standard Class,Consumer,United States,San Francisco,California,West,Office Supplies,Appliances,113.76,3,44.3664,37.92,0.39,2,FALSE
2019,April,18,16,Standard Class,Consumer,United States,Chesapeake,Virginia,South,Office Supplies,Appliances,203.92,4,55.0584,50.98,0.27,2,FALSE
2019,April,21,17,Standard Class,Corporate,United States,Chicago,Illinois,Central,Office Supplies,Appliances,48.792,3,-126.8592,16.264,-2.6,2,TRUE
2019,April,22,17,Standard Class,Home Office,United States,Phoenix,Arizona,West,Office Supplies,Appliances,78.272,2,5.8704,39.136,0.075,2,FALSE
2019,May,3,18,Standard Class,Consumer,United States,Chicago,Illinois,Central,Office Supplies,Appliances,26.406,3,-71.2962,8.802,-2.7,2,FALSE
2019,May,6,19,Second Class,Home Office,United States,Springfield,Missouri,Central,Office Supplies,Appliances,54.48,1,15.2544,54.48,0.28,2,FALSE
2019,May,9,19,Standard Class,Corporate,United States,Austin,Texas,Central,Office Supplies,Appliances,48.784,4,-131.7168,12.196,-2.7,2,FALSE
2019,May,12,20,Standard Class,Consumer,United States,Mission Viejo,California,West,Office Supplies,Appliances,8.67,1,2.3409,8.67,0.27,2,TRUE
2019,May,19,21,Standard Class,Consumer,United States,New York City,New York,East,Office Supplies,Appliances,242.9,5,70.441,48.58,0.29,2,TRUE
2019,May,19,21,Standard Class,Corporate,United States,Los Angeles,California,West,Office Supplies,Appliances,87.84,8,23.7168,10.98,0.27,2,TRUE
2019,May,22,21,Standard Class,Consumer,United States,Passaic,New Jersey,East,Office Supplies,Appliances,662.84,4,172.3384,165.71,0.26,2,FALSE
2019,May,26,22,Standard Class,Corporate,United States,Philadelphia,Pennsylvania,East,Office Supplies,Appliances,34.848,2,6.534,17.424,0.1875,2,TRUE
2019,May,28,22,Standard Class,Consumer,United States,Los Angeles,California,West,Office Supplies,Appliances,262.24,2,78.672,131.12,0.3,2,FALSE
2019,May,30,22,Standard Class,Consumer,United States,Hamilton,Ohio,East,Office Supplies,Appliances,123.92,5,9.294,24.784,0.075,2,FALSE
2019,May,30,22,Standard Class,Home Office,United States,Superior,Wisconsin,Central,Office Supplies,Appliances,364.74,3,109.422,121.58,0.3,2,FALSE
2019,June,5,23,First Class,Consumer,United States,Santa Clara,California,West,Office Supplies,Appliances,58.24,4,15.7248,14.56,0.27,2,FALSE
2019,June,12,24,First Class,Corporate,United States,Decatur,Alabama,South,Office Supplies,Appliances,208.16,1,56.2032,208.16,0.27,2,FALSE
2019,June,12,24,Standard Class,Consumer,United States,Long Beach,New York,East,Office Supplies,Appliances,52.56,3,18.396,17.52,0.35,2,FALSE
2019,June,12,24,Second Class,Home Office,United States,Houston,Texas,Central,Office Supplies,Appliances,64.384,4,-160.96,16.096,-2.5,2,FALSE
2019,June,18,25,Second Class,Corporate,United States,Philadelphia,Pennsylvania,East,Office Supplies,Appliances,453.6,3,90.72,151.2,0.2,2,FALSE
2019,June,20,25,Standard Class,Home Office,United States,Philadelphia,Pennsylvania,East,Office Supplies,Appliances,447.696,2,33.5772,223.848,0.075,2,FALSE
2019,June,20,25,First Class,Consumer,United States,Pasadena,California,West,Office Supplies,Appliances,21.78,2,5.6628,10.89,0.26,2,FALSE
2019,June,24,26,Standard Class,Corporate,United States,Houston,Texas,Central,Office Supplies,Appliances,8.712,2,-19.602,4.356,-2.25,2,FALSE
2019,June,24,26,Second Class,Consumer,United States,San Diego,California,West,Office Supplies,Appliances,241.44,3,72.432,80.48,0.3,2,FALSE
2019,June,25,26,Standard Class,Consumer,United States,Los Angeles,California,West,Office Supplies,Appliances,60.81,3,17.0268,20.27,0.28,2,FALSE
2019,June,28,26,Second Class,Consumer,United States,Paterson,New Jersey,East,Office Supplies,Appliances,8.74,2,2.2724,4.37,0.26,2,FALSE
2019,June,28,26,Second Class,Consumer,United States,Paterson,New Jersey,East,Office Supplies,Appliances,275.24,4,121.1056,68.81,0.44,2,FALSE
2019,July,3,27,Standard Class,Corporate,United States,New York City,New York,East,Office Supplies,Appliances,706.86,7,197.9208,100.98,0.28,3,FALSE
2019,July,14,29,Standard Class,Consumer,United States,San Francisco,California,West,Office Supplies,Appliances,151.62,7,50.0346,21.66,0.33,3,TRUE
2019,July,17,29,Standard Class,Corporate,United States,Perth Amboy,New Jersey,East,Office Supplies,Appliances,162.64,2,45.5392,81.32,0.28,3,FALSE
2019,July,17,29,Standard Class,Consumer,United States,New York City,New York,East,Office Supplies,Appliances,45.96,2,13.788,22.98,0.3,3,FALSE
2019,July,22,30,Standard Class,Corporate,United States,Columbia,Maryland,East,Office Supplies,Appliances,37.68,2,10.5504,18.84,0.28,3,FALSE
2019,July,23,30,Standard Class,Corporate,United States,Tampa,Florida,South,Office Supplies,Appliances,23.696,2,6.5164,11.848,0.275,3,FALSE
2019,July,25,30,Standard Class,Corporate,United States,Toledo,Ohio,East,Office Supplies,Appliances,243.88,5,27.4365,48.776,0.1125,3,FALSE
2019,July,28,31,First Class,Consumer,United States,Bethlehem,Pennsylvania,East,Office Supplies,Appliances,9.48,3,0.711,3.16,0.075,3,TRUE
2019,July,30,31,First Class,Corporate,United States,San Francisco,California,West,Office Supplies,Appliances,715.64,2,178.91,357.82,0.25,3,FALSE
2019,July,31,31,Standard Class,Consumer,United States,Detroit,Michigan,Central,Office Supplies,Appliances,283.14,4,72.358,70.785,0.2555555556,3,FALSE
2019,August,1,31,Same Day,Corporate,United States,Riverside,California,West,Office Supplies,Appliances,45.96,2,13.788,22.98,0.3,3,FALSE
2019,August,8,32,Standard Class,Home Office,United States,Los Angeles,California,West,Office Supplies,Appliances,487.92,6,136.6176,81.32,0.28,3,FALSE
2019,August,9,32,First Class,Consumer,United States,Fayetteville,North Carolina,South,Office Supplies,Appliances,569.536,4,64.0728,142.384,0.1125,3,FALSE
2019,August,13,33,Same Day,Consumer,United States,Kenner,Louisiana,South,Office Supplies,Appliances,17.34,2,4.6818,8.67,0.27,3,FALSE
2019,August,13,33,Standard Class,Consumer,United States,Irving,Texas,Central,Office Supplies,Appliances,58.924,1,-153.2024,58.924,-2.6,3,FALSE
2019,August,15,33,Standard Class,Consumer,United States,Aurora,Colorado,West,Office Supplies,Appliances,122.328,3,12.2328,40.776,0.1,3,FALSE
2019,August,18,34,Second Class,Corporate,United States,New York City,New York,East,Office Supplies,Appliances,355.32,9,99.4896,39.48,0.28,3,TRUE
2019,August,22,34,Standard Class,Consumer,United States,Columbus,Ohio,East,Office Supplies,Appliances,113.552,2,8.5164,56.776,0.075,3,FALSE
2019,August,23,34,Standard Class,Consumer,United States,Seattle,Washington,West,Office Supplies,Appliances,43.1,5,11.206,8.62,0.26,3,FALSE
2019,August,23,34,Standard Class,Corporate,United States,New York City,New York,East,Office Supplies,Appliances,1040.8,5,281.016,208.16,0.27,3,FALSE
2019,September,1,36,Standard Class,Consumer,United States,Detroit,Michigan,Central,Office Supplies,Appliances,376.74,4,71.162,94.185,0.1888888889,3,TRUE
2019,September,2,36,Standard Class,Consumer,United States,Charlotte,North Carolina,South,Office Supplies,Appliances,309.456,9,34.8138,34.384,0.1125,3,FALSE
2019,September,4,36,Second Class,Consumer,United States,Knoxville,Tennessee,South,Office Supplies,Appliances,87.168,2,8.7168,43.584,0.1,3,FALSE
2019,September,5,36,Standard Class,Home Office,United States,Houston,Texas,Central,Office Supplies,Appliances,62.79,3,-166.3935,20.93,-2.65,3,FALSE
2019,September,6,36,Standard Class,Corporate,United States,Saint Paul,Minnesota,Central,Office Supplies,Appliances,77.88,6,22.5852,12.98,0.29,3,FALSE
2019,September,8,37,First Class,Home Office,United States,New York City,New York,East,Office Supplies,Appliances,207.48,1,62.244,207.48,0.3,3,TRUE
2019,September,13,37,Standard Class,Consumer,United States,Omaha,Nebraska,Central,Office Supplies,Appliances,378,2,136.08,189,0.36,3,FALSE
2019,September,16,38,Standard Class,Corporate,United States,San Jose,California,West,Office Supplies,Appliances,17.48,4,4.5448,4.37,0.26,3,FALSE
2019,September,20,38,Standard Class,Consumer,United States,New York City,New York,East,Office Supplies,Appliances,393.25,5,129.7725,78.65,0.33,3,FALSE
2019,September,25,39,Standard Class,Consumer,United States,Cleveland,Ohio,East,Office Supplies,Appliances,286.256,1,17.891,286.256,0.0625,3,FALSE
2019,September,26,39,Standard Class,Home Office,United States,Covington,Washington,West,Office Supplies,Appliances,236.88,6,66.3264,39.48,0.28,3,FALSE
2019,September,26,39,Standard Class,Corporate,United States,Houston,Texas,Central,Office Supplies,Appliances,93.032,2,-251.1864,46.516,-2.7,3,FALSE
2019,October,2,40,Standard Class,Corporate,United States,New York City,New York,East,Office Supplies,Appliances,61.44,3,16.5888,20.48,0.27,4,FALSE
2019,October,15,42,Standard Class,Home Office,United States,Oklahoma City,Oklahoma,Central,Office Supplies,Appliances,868.59,3,251.8911,289.53,0.29,4,FALSE
2019,October,15,42,Standard Class,Corporate,United States,Springfield,Virginia,South,Office Supplies,Appliances,43.26,3,14.2758,14.42,0.33,4,FALSE
2019,October,17,42,Second Class,Home Office,United States,Columbia,Missouri,Central,Office Supplies,Appliances,1927.59,7,751.7601,275.37,0.39,4,FALSE
2019,October,27,44,Standard Class,Corporate,United States,San Francisco,California,West,Office Supplies,Appliances,43.92,4,11.8584,10.98,0.27,4,TRUE
2019,October,29,44,Standard Class,Corporate,United States,Bridgeton,New Jersey,East,Office Supplies,Appliances,11.67,3,3.0342,3.89,0.26,4,FALSE
2019,November,3,45,First Class,Consumer,United States,Los Angeles,California,West,Office Supplies,Appliances,1101.48,4,429.5772,275.37,0.39,4,TRUE
2019,November,3,45,Standard Class,Consumer,United States,Los Angeles,California,West,Office Supplies,Appliances,43.32,2,14.2956,21.66,0.33,4,TRUE
2019,November,10,46,Standard Class,Home Office,United States,Springfield,Ohio,East,Office Supplies,Appliances,334.88,4,29.302,83.72,0.0875,4,TRUE
2019,November,10,46,Second Class,Consumer,United States,Los Angeles,California,West,Office Supplies,Appliances,129.92,4,38.976,32.48,0.3,4,TRUE
2019,November,11,46,Standard Class,Home Office,United States,Apopka,Florida,South,Office Supplies,Appliances,671.544,3,50.3658,223.848,0.075,4,FALSE
2019,November,12,46,Second Class,Corporate,United States,La Porte,Indiana,Central,Office Supplies,Appliances,37.68,2,10.5504,18.84,0.28,4,FALSE
2019,November,12,46,Standard Class,Consumer,United States,Parma,Ohio,East,Office Supplies,Appliances,110.096,2,33.0288,55.048,0.3,4,FALSE
2019,November,18,47,Standard Class,Corporate,United States,Kent,Ohio,East,Office Supplies,Appliances,103.968,6,16.8948,17.328,0.1625,4,FALSE
2019,November,18,47,Standard Class,Home Office,United States,Los Angeles,California,West,Office Supplies,Appliances,67.84,1,18.3168,67.84,0.27,4,FALSE
2019,November,19,47,First Class,Corporate,United States,Indianapolis,Indiana,Central,Office Supplies,Appliances,54.96,3,15.9384,18.32,0.29,4,FALSE
2019,November,19,47,Standard Class,Consumer,United States,Long Beach,New York,East,Office Supplies,Appliances,8.74,2,2.2724,4.37,0.26,4,FALSE
2019,November,20,47,Standard Class,Corporate,United States,Los Angeles,California,West,Office Supplies,Appliances,39,12,11.31,3.25,0.29,4,FALSE
2019,November,24,48,Standard Class,Home Office,United States,Hialeah,Florida,South,Office Supplies,Appliances,42.384,2,4.2384,21.192,0.1,4,TRUE
2019,November,26,48,Standard Class,Consumer,United States,Los Angeles,California,West,Office Supplies,Appliances,64.96,2,19.488,32.48,0.3,4,FALSE
2019,November,27,48,First Class,Corporate,United States,Lincoln Park,Michigan,Central,Office Supplies,Appliances,167.292,6,29.7408,27.882,0.1777777778,4,FALSE
2019,December,1,49,Second Class,Corporate,United States,Richmond,Virginia,South,Office Supplies,Appliances,1104.55,7,694.5015,157.7928571,0.6287642026,4,TRUE
2019,December,1,49,Second Class,Consumer,United States,Franklin,Massachusetts,East,Office Supplies,Appliances,901.95,3,297.6435,300.65,0.33,4,TRUE
2019,December,1,49,Second Class,Consumer,United States,San Angelo,Texas,Central,Office Supplies,Appliances,11.648,4,-30.8672,2.912,-2.65,4,TRUE
2019,December,2,49,Standard Class,Corporate,United States,San Jose,California,West,Office Supplies,Appliances,59.7,3,26.865,19.9,0.45,4,FALSE
2019,December,3,49,Standard Class,Consumer,United States,Philadelphia,Pennsylvania,East,Office Supplies,Appliances,394.816,4,93.7688,98.704,0.2375,4,FALSE
2019,December,9,50,Standard Class,Consumer,United States,Jackson,Michigan,Central,Office Supplies,Appliances,61.929,1,23.3954,61.929,0.3777777778,4,FALSE
2019,December,9,50,Standard Class,Corporate,United States,Fremont,Nebraska,Central,Office Supplies,Appliances,60.34,7,15.6884,8.62,0.26,4,FALSE
2019,December,9,50,Second Class,Corporate,United States,Chicago,Illinois,Central,Office Supplies,Appliances,4.356,2,-11.7612,2.178,-2.7,4,FALSE
2019,December,10,50,Standard Class,Consumer,United States,Seattle,Washington,West,Office Supplies,Appliances,65.34,3,22.869,21.78,0.35,4,FALSE
2019,December,10,50,Standard Class,Consumer,United States,Seattle,Washington,West,Office Supplies,Appliances,35.1,3,12.285,11.7,0.35,4,FALSE
2019,December,11,50,Same Day,Corporate,United States,Columbus,Ohio,East,Office Supplies,Appliances,387.136,4,24.196,96.784,0.0625,4,FALSE
2019,December,11,50,Same Day,Consumer,United States,Anaheim,California,West,Office Supplies,Appliances,83.42,2,24.1918,41.71,0.29,4,FALSE
2019,December,11,50,First Class,Corporate,United States,Springfield,Ohio,East,Office Supplies,Appliances,73.536,4,9.192,18.384,0.125,4,FALSE
2019,December,12,50,Standard Class,Consumer,United States,Pasadena,California,West,Office Supplies,Appliances,56.52,3,15.8256,18.84,0.28,4,FALSE
2019,December,15,51,Standard Class,Home Office,United States,Springfield,Oregon,West,Office Supplies,Appliances,87.168,2,8.7168,43.584,0.1,4,TRUE
2019,December,16,51,First Class,Consumer,United States,Goldsboro,North Carolina,South,Office Supplies,Appliances,34.944,3,3.0576,11.648,0.0875,4,FALSE
2019,December,18,51,Second Class,Corporate,United States,Tamarac,Florida,South,Office Supplies,Appliances,194.528,2,24.316,97.264,0.125,4,FALSE
2019,December,26,52,Standard Class,Corporate,United States,Vineland,New Jersey,East,Office Supplies,Appliances,26.49,1,7.4172,26.49,0.28,4,FALSE
2019,December,26,52,Standard Class,Corporate,United States,Denver,Colorado,West,Office Supplies,Appliances,18.72,2,3.51,9.36,0.1875,4,FALSE
2019,December,26,52,Standard Class,Corporate,United States,Los Angeles,California,West,Office Supplies,Appliances,7.9,2,2.054,3.95,0.26,4,FALSE
2019,December,29,53,Standard Class,Consumer,United States,Wichita,Kansas,Central,Office Supplies,Appliances,81.96,2,22.9488,40.98,0.28,4,TRUE
2020,January,1,1,Standard Class,Consumer,United States,Huntsville,Texas,Central,Office Supplies,Appliances,110.224,2,-38.8212,55.112,-0.3522027871,1,FALSE
2020,January,2,1,Second Class,Consumer,United States,El Paso,Texas,Central,Office Supplies,Appliances,75.432,2,-13.58,37.716,-0.1800296956,1,FALSE
2020,January,15,3,First Class,Consumer,United States,Philadelphia,Pennsylvania,East,Office Supplies,Appliances,1942.16,8,312.676,242.77,0.1609939449,1,FALSE
2020,January,15,3,First Class,Consumer,United States,Philadelphia,Pennsylvania,East,Office Supplies,Appliances,136.384,1,3.8682,136.384,0.02836256452,1,FALSE
2020,January,19,4,Standard Class,Consumer,United States,Burlington,Vermont,East,Office Supplies,Appliances,573.94,3,152.0232,191.3133333,0.2648764679,1,TRUE
2020,January,24,4,Standard Class,Corporate,United States,San Jose,California,West,Office Supplies,Appliances,131.86,3,6.7236,43.95333333,0.05099044441,1,FALSE
2020,February,2,6,Standard Class,Consumer,United States,Los Angeles,California,West,Office Supplies,Appliances,291.8,4,16.38,72.95,0.05613433859,1,TRUE
2020,February,4,6,Standard Class,Consumer,United States,Rochester,New York,East,Office Supplies,Appliances,138.67,3,8.4942,46.22333333,0.06125477753,1,FALSE
2020,February,5,6,Standard Class,Corporate,United States,Torrance,California,West,Office Supplies,Appliances,1666.7,5,459.396,333.34,0.2756320874,1,FALSE
2020,February,9,7,Standard Class,Consumer,United States,Houston,Texas,Central,Office Supplies,Appliances,132.992,2,-32.48,66.496,-0.2442252166,1,TRUE
2020,February,13,7,Standard Class,Consumer,United States,Minneapolis,Minnesota,Central,Office Supplies,Appliances,116.64,8,38.9752,14.58,0.3341495199,1,FALSE
2020,February,19,8,Second Class,Corporate,United States,Roswell,Georgia,South,Office Supplies,Appliances,1259.86,7,361.2994,179.98,0.2867774197,1,FALSE
2020,February,20,8,Standard Class,Home Office,United States,Muskogee,Oklahoma,Central,Office Supplies,Appliances,1233.11,3,3.4086,411.0366667,0.00276423028,1,FALSE
2020,February,26,9,Second Class,Home Office,United States,Los Angeles,California,West,Office Supplies,Appliances,110.92,4,22.1184,27.73,0.1994085828,1,FALSE
2020,February,26,9,Standard Class,Consumer,United States,Santa Barbara,California,West,Office Supplies,Appliances,380.79,7,99.9012,54.39857143,0.2623524777,1,FALSE
2020,March,3,10,Standard Class,Consumer,United States,Murray,Kentucky,South,Office Supplies,Appliances,110.8,5,19.656,22.16,0.177400722,1,FALSE
2020,March,5,10,Same Day,Corporate,United States,Southaven,Mississippi,South,Office Supplies,Appliances,291.24,2,78.672,145.62,0.2701277297,1,FALSE
2020,March,8,11,First Class,Corporate,United States,Columbus,Georgia,South,Office Supplies,Appliances,669.84,8,168.4384,83.73,0.2514606473,1,TRUE
2020,March,10,11,Standard Class,Corporate,United States,Raleigh,North Carolina,South,Office Supplies,Appliances,141.784,1,3.6588,141.784,0.02580545054,1,FALSE
2020,March,13,11,First Class,Consumer,United States,Fairfield,Connecticut,East,Office Supplies,Appliances,507.16,2,120.9416,253.58,0.2384683335,1,FALSE
2020,March,16,12,Standard Class,Corporate,United States,Los Angeles,California,West,Office Supplies,Appliances,186.67,3,54.8613,62.22333333,0.2938945733,1,FALSE
2020,March,18,12,Second Class,Corporate,United States,Los Angeles,California,West,Office Supplies,Appliances,136.86,7,26.3494,19.55142857,0.1925281309,1,FALSE
2020,March,18,12,Standard Class,Consumer,United States,Tyler,Texas,Central,Office Supplies,Appliances,82.688,3,-7.392,27.56266667,-0.08939628483,1,FALSE
2020,March,19,12,Standard Class,Corporate,United States,Los Angeles,California,West,Office Supplies,Appliances,421.36,7,106.7808,60.19428571,0.2534194038,1,FALSE
2020,March,21,12,Standard Class,Corporate,United States,Pompano Beach,Florida,South,Office Supplies,Appliances,100.384,1,8.048,100.384,0.08017213899,1,FALSE
2020,March,25,13,First Class,Consumer,United States,Fresno,California,West,Office Supplies,Appliances,223.04,4,45.7704,55.76,0.2052116212,1,FALSE
2020,March,26,13,Standard Class,Corporate,United States,Houston,Texas,Central,Office Supplies,Appliances,114.168,8,-226.6368,14.271,-1.98511667,1,FALSE
2020,March,31,14,First Class,Corporate,United States,Arlington,Texas,Central,Office Supplies,Appliances,161.62,5,-90.774,32.324,-0.5616507858,1,FALSE
2020,April,1,14,Second Class,Corporate,United States,Jacksonville,Florida,South,Office Supplies,Appliances,148.808,3,1.8207,49.60266667,0.01223522929,2,FALSE
2020,April,8,15,Standard Class,Home Office,United States,Plainfield,New Jersey,East,Office Supplies,Appliances,142.95,5,10.4875,28.59,0.07336481287,2,FALSE
2020,April,10,15,Standard Class,Consumer,United States,Philadelphia,Pennsylvania,East,Office Supplies,Appliances,240.104,4,21.9492,60.026,0.09141538667,2,FALSE
2020,April,16,16,Standard Class,Home Office,United States,San Francisco,California,West,Office Supplies,Appliances,115.74,3,12.222,38.58,0.1055987558,2,FALSE
2020,April,21,17,Second Class,Consumer,United States,Houston,Texas,Central,Office Supplies,Appliances,114.264,4,-243.16,28.566,-2.12805433,2,FALSE
2020,April,23,17,Standard Class,Consumer,United States,New York City,New York,East,Office Supplies,Appliances,163.94,2,35.3626,81.97,0.215704526,2,FALSE
2020,April,24,17,First Class,Corporate,United States,Philadelphia,Pennsylvania,East,Office Supplies,Appliances,139.28,2,12.41,69.64,0.08910109133,2,FALSE
2020,April,28,18,Standard Class,Consumer,United States,Wilmington,North Carolina,South,Office Supplies,Appliances,116.08,3,5.265,38.69333333,0.04535665059,2,FALSE
2020,May,4,19,Second Class,Consumer,United States,Westminster,California,West,Office Supplies,Appliances,260.16,2,72.948,130.08,0.280396679,2,FALSE
2020,May,6,19,Second Class,Consumer,United States,Rancho Cucamonga,California,West,Office Supplies,Appliances,188.94,3,41.2938,62.98,0.2185550969,2,FALSE
2020,May,7,19,Standard Class,Corporate,United States,Detroit,Michigan,Central,Office Supplies,Appliances,165.444,2,18.4604,82.722,0.1115809579,2,FALSE
2020,May,8,19,Second Class,Consumer,United States,San Francisco,California,West,Office Supplies,Appliances,114.08,4,22.7024,28.52,0.1990042076,2,FALSE
2020,May,12,20,Standard Class,Corporate,United States,San Francisco,California,West,Office Supplies,Appliances,101.77,1,2.0979,101.77,0.0206141299,2,FALSE
2020,May,13,20,Standard Class,Corporate,United States,Franklin,Tennessee,South,Office Supplies,Appliances,104.768,2,2.3364,52.384,0.0223007025,2,FALSE
2020,May,18,21,Second Class,Home Office,United States,Springfield,Missouri,Central,Office Supplies,Appliances,725.86,7,197.9208,103.6942857,0.272670763,2,FALSE
2020,May,18,21,First Class,Corporate,United States,Sandy Springs,Georgia,South,Office Supplies,Appliances,103.24,2,4.4824,51.62,0.04341728012,2,FALSE
2020,May,19,21,Standard Class,Consumer,United States,Seattle,Washington,West,Office Supplies,Appliances,139.16,2,28.1764,69.58,0.2024748491,2,FALSE
2020,May,19,21,Standard Class,Corporate,United States,Mount Vernon,New York,East,Office Supplies,Appliances,323.34,6,109.7226,53.89,0.3393412507,2,FALSE
2020,May,20,21,Standard Class,Consumer,United States,Las Vegas,Nevada,West,Office Supplies,Appliances,158.9,5,18.821,31.78,0.1184455632,2,FALSE
2020,May,23,21,Standard Class,Consumer,United States,Houston,Texas,Central,Office Supplies,Appliances,132.32,5,-46.716,26.464,-0.3530532044,2,FALSE
2020,May,26,22,First Class,Corporate,United States,Louisville,Kentucky,South,Office Supplies,Appliances,248.44,3,62.532,82.81333333,0.2516985993,2,FALSE
2020,May,28,22,Standard Class,Corporate,United States,Laurel,Maryland,East,Office Supplies,Appliances,137.13,3,36.2877,45.71,0.2646226209,2,FALSE
2020,May,29,22,Standard Class,Consumer,United States,Columbus,Indiana,Central,Office Supplies,Appliances,480.16,2,120.9416,240.08,0.2518777074,2,FALSE
2020,June,1,23,Second Class,Corporate,United States,Indianapolis,Indiana,Central,Office Supplies,Appliances,2425.2,8,793.716,303.15,0.327278575,2,FALSE
2020,June,1,23,Second Class,Corporate,United States,Toledo,Ohio,East,Office Supplies,Appliances,105.48,5,1.311,21.096,0.01242889647,2,FALSE
2020,June,3,23,Standard Class,Consumer,United States,Pembroke Pines,Florida,South,Office Supplies,Appliances,125.472,7,1.8354,17.92457143,0.0146279648,2,FALSE
2020,June,3,23,Standard Class,Consumer,United States,Pembroke Pines,Florida,South,Office Supplies,Appliances,111.2,2,0.585,55.6,0.005260791367,2,FALSE
2020,June,8,24,Standard Class,Corporate,United States,Pasadena,Texas,Central,Office Supplies,Appliances,99.624,2,-4.466,49.812,-0.04482855537,2,FALSE
2020,June,11,24,First Class,Consumer,United States,Los Angeles,California,West,Office Supplies,Appliances,161.44,3,16.5888,53.81333333,0.1027552032,2,FALSE
2020,June,15,25,Standard Class,Corporate,United States,Nashville,Tennessee,South,Office Supplies,Appliances,126.608,8,6.7032,15.826,0.05294452167,2,FALSE
2020,June,16,25,Second Class,Consumer,United States,Florence,Kentucky,South,Office Supplies,Appliances,194.66,3,50.5848,64.88666667,0.2598623241,2,FALSE
2020,June,19,25,Standard Class,Consumer,United States,Houston,Texas,Central,Office Supplies,Appliances,78.264,1,-5.2072,78.264,-0.06653378309,2,FALSE
2020,June,19,25,Standard Class,Consumer,United States,Houston,Texas,Central,Office Supplies,Appliances,124.444,1,-1.11,124.444,-0.008919674713,2,FALSE
2020,June,29,27,Standard Class,Consumer,United States,Minneapolis,Minnesota,Central,Office Supplies,Appliances,401.94,3,90.735,133.98,0.2257426482,2,FALSE
2020,June,29,27,First Class,Consumer,United States,Dallas,Texas,Central,Office Supplies,Appliances,123.392,2,-54.5496,61.696,-0.4420837656,2,FALSE
2020,July,9,28,First Class,Corporate,United States,Chicago,Illinois,Central,Office Supplies,Appliances,152.464,9,-146.16,16.94044444,-0.9586525344,3,FALSE
2020,July,10,28,Standard Class,Corporate,United States,Columbus,Georgia,South,Office Supplies,Appliances,142.91,3,10.8966,47.63666667,0.07624798824,3,FALSE
2020,July,11,28,Standard Class,Corporate,United States,Los Angeles,California,West,Office Supplies,Appliances,202.1,5,43.706,40.42,0.2162592776,3,FALSE
2020,July,15,29,First Class,Corporate,United States,Suffolk,Virginia,South,Office Supplies,Appliances,200.94,3,50.3832,66.98,0.2507375336,3,FALSE
2020,July,20,30,Standard Class,Corporate,United States,Sioux Falls,South Dakota,Central,Office Supplies,Appliances,435.32,2,112.4064,217.66,0.2582155656,3,FALSE
2020,July,21,30,Standard Class,Consumer,United States,New York City,New York,East,Office Supplies,Appliances,123.48,4,4.5448,30.87,0.03680596048,3,FALSE
2020,July,29,31,Standard Class,Consumer,United States,Oklahoma City,Oklahoma,Central,Office Supplies,Appliances,168.62,2,60.5528,84.31,0.3591080536,3,FALSE
2020,July,29,31,Second Class,Consumer,United States,Jacksonville,North Carolina,South,Office Supplies,Appliances,129.848,2,6.534,64.924,0.05032037459,3,FALSE
2020,July,31,31,Standard Class,Corporate,United States,Milwaukee,Wisconsin,Central,Office Supplies,Appliances,182.88,6,54.558,30.48,0.2983267717,3,FALSE
2020,August,7,32,Standard Class,Consumer,United States,Westminster,California,West,Office Supplies,Appliances,1489.1,5,412.468,297.82,0.2769914714,3,FALSE
2020,August,12,33,First Class,Consumer,United States,Lake Forest,California,West,Office Supplies,Appliances,555.94,3,152.0232,185.3133333,0.2734525308,3,FALSE
2020,August,13,33,Same Day,Consumer,United States,San Francisco,California,West,Office Supplies,Appliances,119.79,7,22.6233,17.11285714,0.1888580015,3,FALSE
2020,August,13,33,Standard Class,Consumer,United States,Memphis,Tennessee,South,Office Supplies,Appliances,314.048,7,30.6054,44.864,0.09745452924,3,FALSE
2020,August,15,33,Standard Class,Consumer,United States,Plainfield,New Jersey,East,Office Supplies,Appliances,144.84,2,25.4384,72.42,0.1756310411,3,FALSE
2020,August,17,34,Standard Class,Corporate,United States,Brentwood,California,West,Office Supplies,Appliances,2547.29,9,654.7554,283.0322222,0.2570399915,3,FALSE
2020,August,17,34,Standard Class,Home Office,United States,Houston,Texas,Central,Office Supplies,Appliances,103.864,4,-99.1032,25.966,-0.9541631364,3,FALSE
2020,August,21,34,First Class,Consumer,United States,Oakland,California,West,Office Supplies,Appliances,237.52,3,54.9504,79.17333333,0.2313506231,3,FALSE
2020,August,23,35,Second Class,Consumer,United States,Tallahassee,Florida,South,Office Supplies,Appliances,202.376,6,12.1032,33.72933333,0.05980551053,3,TRUE
2020,August,24,35,Second Class,Consumer,United States,Lancaster,Ohio,East,Office Supplies,Appliances,667.272,8,64.6272,83.409,0.09685285761,3,FALSE
2020,August,27,35,Second Class,Corporate,United States,Inglewood,California,West,Office Supplies,Appliances,337.92,4,96.576,84.48,0.2857954545,3,FALSE
2020,August,27,35,Second Class,Consumer,United States,Port Saint Lucie,Florida,South,Office Supplies,Appliances,125.336,4,0.896,31.334,0.007148784068,3,FALSE
2020,August,28,35,Standard Class,Home Office,United States,Milwaukee,Wisconsin,Central,Office Supplies,Appliances,109.6,5,26.564,21.92,0.2423722628,3,FALSE
2020,August,31,36,Standard Class,Consumer,United States,Lawrence,Indiana,Central,Office Supplies,Appliances,649.73,9,166.0698,72.19222222,0.2555981715,3,FALSE
2020,September,1,36,Same Day,Corporate,United States,Seattle,Washington,West,Office Supplies,Appliances,341.6,4,103.818,85.4,0.3039168618,3,FALSE
2020,September,2,36,Standard Class,Corporate,United States,Chicago,Illinois,Central,Office Supplies,Appliances,82.588,2,-15.0876,41.294,-0.1826851359,3,FALSE
2020,September,2,36,Standard Class,Corporate,United States,New York City,New York,East,Office Supplies,Appliances,110.98,1,3.7642,110.98,0.03391782303,3,FALSE
2020,September,2,36,Second Class,Home Office,United States,Los Angeles,California,West,Office Supplies,Appliances,179.1,5,11.206,35.82,0.06256839754,3,FALSE
2020,September,7,37,Standard Class,Corporate,United States,Nashville,Tennessee,South,Office Supplies,Appliances,102.568,2,7.1372,51.284,0.06958505577,3,FALSE
2020,September,9,37,Standard Class,Corporate,United States,Portland,Oregon,West,Office Supplies,Appliances,135.176,1,0.8382,135.176,0.006200804877,3,FALSE
2020,September,10,37,Second Class,Consumer,United States,Springfield,Missouri,Central,Office Supplies,Appliances,104.18,2,7.254,52.09,0.06962948743,3,FALSE
2020,September,10,37,Second Class,Consumer,United States,Springfield,Missouri,Central,Office Supplies,Appliances,147.99,3,14.6157,49.33,0.0987614028,3,FALSE
2020,September,11,37,Second Class,Consumer,United States,Georgetown,Kentucky,South,Office Supplies,Appliances,217.68,4,50.8768,54.42,0.233722896,3,FALSE
2020,September,11,37,Same Day,Consumer,United States,San Francisco,California,West,Office Supplies,Appliances,447.6,5,113.848,89.52,0.2543521001,3,FALSE
2020,September,11,37,Standard Class,Consumer,United States,Houston,Texas,Central,Office Supplies,Appliances,86.556,2,-4.2012,43.278,-0.04853736309,3,FALSE
2020,September,11,37,Standard Class,Consumer,United States,Richmond,Virginia,South,Office Supplies,Appliances,171.9,5,20.37,34.38,0.1184991274,3,FALSE
2020,September,12,37,First Class,Consumer,United States,Baltimore,Maryland,East,Office Supplies,Appliances,137.86,7,26.3494,19.69428571,0.1911315828,3,FALSE
2020,September,14,38,First Class,Corporate,United States,Raleigh,North Carolina,South,Office Supplies,Appliances,977.784,4,94.2784,244.446,0.09642047732,3,FALSE
2020,September,15,38,Standard Class,Consumer,United States,San Francisco,California,West,Office Supplies,Appliances,153.96,2,30.5088,76.98,0.1981605612,3,FALSE
2020,September,21,39,Standard Class,Consumer,United States,Columbus,Georgia,South,Office Supplies,Appliances,125.48,1,24.144,125.48,0.1924131336,3,FALSE
2020,September,23,39,Second Class,Consumer,United States,Seattle,Washington,West,Office Supplies,Appliances,137.96,2,33.5888,68.98,0.2434676718,3,FALSE
2020,September,23,39,Standard Class,Consumer,United States,San Francisco,California,West,Office Supplies,Appliances,203.96,2,48.288,101.98,0.2367523044,3,FALSE
2020,September,23,39,Standard Class,Consumer,United States,Chicago,Illinois,Central,Office Supplies,Appliances,188.176,6,-197.5752,31.36266667,-1.049948984,3,FALSE
2020,September,28,40,First Class,Home Office,United States,Aurora,Colorado,West,Office Supplies,Appliances,254.792,2,26.224,127.396,0.1029231687,3,FALSE
2020,September,29,40,First Class,Consumer,United States,Bakersfield,California,West,Office Supplies,Appliances,115.84,2,25.4384,57.92,0.2195994475,3,FALSE
2020,September,30,40,First Class,Corporate,United States,Seattle,Washington,West,Office Supplies,Appliances,108.89,1,1.0114,108.89,0.009288272569,3,FALSE
2020,October,1,40,First Class,Consumer,United States,San Jose,California,West,Office Supplies,Appliances,269.96,2,60.49,134.98,0.2240702326,4,FALSE
2020,October,2,40,Second Class,Corporate,United States,Houston,Texas,Central,Office Supplies,Appliances,121.224,2,-38.8212,60.612,-0.3202435161,4,FALSE
2020,October,2,40,Second Class,Corporate,United States,Houston,Texas,Central,Office Supplies,Appliances,111.984,6,-56.0592,18.664,-0.5006000857,4,FALSE
2020,October,3,40,Standard Class,Consumer,United States,Hialeah,Florida,South,Office Supplies,Appliances,146.92,5,1.12,29.384,0.007623196297,4,FALSE
2020,October,5,41,Standard Class,Corporate,United States,Chico,California,West,Office Supplies,Appliances,88.8,4,4.108,22.2,0.04626126126,4,FALSE
2020,October,6,41,Standard Class,Home Office,United States,Meridian,Idaho,West,Office Supplies,Appliances,268.84,4,66.0736,67.21,0.2457729505,4,FALSE
2020,October,13,42,First Class,Consumer,United States,New York City,New York,East,Office Supplies,Appliances,921.9,5,253.372,184.38,0.2748367502,4,FALSE
2020,October,21,43,Standard Class,Home Office,United States,Lakewood,Ohio,East,Office Supplies,Appliances,190.568,2,16.1568,95.284,0.08478233491,4,FALSE
2020,October,21,43,Standard Class,Consumer,United States,Chicago,Illinois,Central,Office Supplies,Appliances,130.992,2,-62.3792,65.496,-0.4762061805,4,FALSE
2020,October,23,43,First Class,Corporate,United States,Cranston,Rhode Island,East,Office Supplies,Appliances,97.22,1,0.666,97.22,0.006850442296,4,FALSE
2020,October,30,44,Standard Class,Consumer,United States,San Francisco,California,West,Office Supplies,Appliances,1735.12,14,510.636,123.9371429,0.2942943428,4,FALSE
2020,November,2,45,First Class,Consumer,United States,Saint Louis,Missouri,Central,Office Supplies,Appliances,110.9,10,20.975,11.09,0.1891343553,4,FALSE
2020,November,2,45,Standard Class,Consumer,United States,Los Angeles,California,West,Office Supplies,Appliances,178.1,5,43.706,35.62,0.2454014599,4,FALSE
2020,November,2,45,Standard Class,Corporate,United States,Philadelphia,Pennsylvania,East,Office Supplies,Appliances,143.136,3,1.2585,47.712,0.008792337357,4,FALSE
2020,November,4,45,Same Day,Corporate,United States,Burlington,North Carolina,South,Office Supplies,Appliances,198.44,2,14.651,99.22,0.07383088087,4,FALSE
2020,November,6,45,Second Class,Consumer,United States,Fayetteville,North Carolina,South,Office Supplies,Appliances,532.584,3,43.7136,177.528,0.08207832004,4,FALSE
2020,November,7,45,Standard Class,Consumer,United States,Newark,Delaware,East,Office Supplies,Appliances,127.94,7,33.3102,18.27714286,0.2603579803,4,FALSE
2020,November,10,46,Standard Class,Consumer,United States,Pasco,Washington,West,Office Supplies,Appliances,412.8,5,112.224,82.56,0.2718604651,4,FALSE
2020,November,11,46,Second Class,Corporate,United States,Fort Lauderdale,Florida,South,Office Supplies,Appliances,1197.12,5,130.2885,239.424,0.1088349539,4,FALSE
2020,November,11,46,Standard Class,Consumer,United States,Los Angeles,California,West,Office Supplies,Appliances,136.89,1,2.8314,136.89,0.02068376068,4,FALSE
2020,November,12,46,Second Class,Consumer,United States,Longview,Washington,West,Office Supplies,Appliances,126.12,2,22.0748,63.06,0.17503013,4,FALSE
2020,November,13,46,Second Class,Home Office,United States,Houston,Texas,Central,Office Supplies,Appliances,113.324,6,-24.7086,18.88733333,-0.2180350146,4,FALSE
2020,November,17,47,Standard Class,Consumer,United States,Salem,Virginia,South,Office Supplies,Appliances,130.04,2,12.264,65.02,0.09430944325,4,FALSE
2020,November,18,47,Second Class,Corporate,United States,Miramar,Florida,South,Office Supplies,Appliances,411.056,4,48.632,102.764,0.118309914,4,FALSE
2020,November,19,47,Standard Class,Corporate,United States,New York City,New York,East,Office Supplies,Appliances,1538.74,7,626.185,219.82,0.4069465927,4,FALSE
2020,November,21,47,Standard Class,Home Office,United States,Pasadena,California,West,Office Supplies,Appliances,108.62,1,2.2412,108.62,0.02063340085,4,FALSE
2020,November,24,48,Standard Class,Corporate,United States,Odessa,Texas,Central,Office Supplies,Appliances,118.762,1,-24.7716,118.762,-0.2085818696,4,FALSE
2020,November,25,48,Standard Class,Consumer,United States,Houston,Texas,Central,Office Supplies,Appliances,104.84,5,-179.776,20.968,-1.714765357,4,FALSE
2020,November,26,48,Standard Class,Corporate,United States,Columbus,Ohio,East,Office Supplies,Appliances,100.272,3,9.801,33.424,0.09774413595,4,FALSE
2020,November,26,48,Standard Class,Corporate,United States,Columbus,Ohio,East,Office Supplies,Appliances,242.136,7,23.9778,34.59085714,0.09902616711,4,FALSE
2020,November,26,48,Standard Class,Home Office,United States,New York City,New York,East,Office Supplies,Appliances,142.73,7,14.6825,20.39,0.1028690535,4,FALSE
2020,November,27,48,Standard Class,Consumer,United States,Asheville,North Carolina,South,Office Supplies,Appliances,144.584,1,4.3584,144.584,0.03014441432,4,FALSE
2020,November,30,49,Same Day,Home Office,United States,Toledo,Ohio,East,Office Supplies,Appliances,673.936,4,82.992,168.484,0.1231452245,4,FALSE
2020,December,1,49,Standard Class,Consumer,United States,Denver,Colorado,West,Office Supplies,Appliances,112.152,3,3.5046,37.384,0.03124866253,4,FALSE
2020,December,2,49,Same Day,Corporate,United States,Los Angeles,California,West,Office Supplies,Appliances,120.47,3,22.2516,40.15666667,0.184706566,4,FALSE
2020,December,2,49,First Class,Consumer,United States,Lowell,Massachusetts,East,Office Supplies,Appliances,325.86,7,80.3208,46.55142857,0.2464886761,4,FALSE
2020,December,2,49,Second Class,Consumer,United States,Houston,Texas,Central,Office Supplies,Appliances,334.62,5,-766.012,66.924,-2.289199689,4,FALSE
2020,December,3,49,Standard Class,Consumer,United States,Fayetteville,North Carolina,South,Office Supplies,Appliances,177.216,3,4.5216,59.072,0.02551462622,4,FALSE
2020,December,5,49,Standard Class,Corporate,United States,New York City,New York,East,Office Supplies,Appliances,280.9,5,68.823,56.18,0.2450089,4,FALSE
2020,December,5,49,First Class,Consumer,United States,Columbus,Indiana,Central,Office Supplies,Appliances,165.44,3,16.5888,55.14666667,0.100270793,4,FALSE
2020,December,7,50,Standard Class,Consumer,United States,Hattiesburg,Mississippi,South,Office Supplies,Appliances,354.64,4,89.7792,88.66,0.2531558764,4,FALSE
2020,December,8,50,Standard Class,Consumer,United States,Madison,Wisconsin,Central,Office Supplies,Appliances,1124.75,3,305.13,374.9166667,0.2712869527,4,FALSE
2020,December,8,50,Second Class,Corporate,United States,San Francisco,California,West,Office Supplies,Appliances,164.48,1,20.844,164.48,0.1267266537,4,FALSE
2020,December,9,50,Second Class,Home Office,United States,Los Angeles,California,West,Office Supplies,Appliances,220,1,68.04,220,0.3092727273,4,FALSE
2020,December,9,50,Second Class,Consumer,United States,Richmond,Kentucky,South,Office Supplies,Appliances,232.9,5,62.321,46.58,0.2675869472,4,FALSE
2020,December,10,50,Same Day,Consumer,United States,Fairfield,Connecticut,East,Office Supplies,Appliances,607.79,7,123.7691,86.82714286,0.2036379342,4,FALSE
2020,December,11,50,Standard Class,Consumer,United States,Plainfield,New Jersey,East,Office Supplies,Appliances,303.75,7,6.5975,43.39285714,0.02172016461,4,FALSE
2020,December,11,50,First Class,Consumer,United States,Abilene,Texas,Central,Office Supplies,Appliances,360.392,2,-3.7584,180.196,-0.01042864437,4,FALSE
2020,December,15,51,Standard Class,Consumer,United States,Inglewood,California,West,Office Supplies,Appliances,329.32,4,16.296,82.33,0.04948378477,4,FALSE
2020,December,17,51,Second Class,Consumer,United States,Dallas,Texas,Central,Office Supplies,Appliances,283.284,2,-178.9668,141.642,-0.6317575295,4,FALSE
2020,December,18,51,Standard Class,Consumer,United States,Columbus,Ohio,East,Office Supplies,Appliances,498.112,2,13.0112,249.056,0.02612103302,4,FALSE
2020,December,18,51,Standard Class,Consumer,United States,New York City,New York,East,Office Supplies,Appliances,2087.56,13,511.368,160.5815385,0.2449596658,4,FALSE
2020,December,22,52,Standard Class,Consumer,United States,Independence,Missouri,Central,Office Supplies,Appliances,468.43,3,218.2518,156.1433333,0.4659219094,4,FALSE
2020,December,22,52,Standard Class,Consumer,United States,Jackson,Tennessee,South,Office Supplies,Appliances,338.24,5,16.291,67.648,0.04816402554,4,FALSE
2020,December,23,52,Second Class,Consumer,United States,College Station,Texas,Central,Office Supplies,Appliances,355.312,8,-74.7456,44.414,-0.2103661008,4,FALSE
2020,December,24,52,Standard Class,Consumer,United States,New York City,New York,East,Office Supplies,Appliances,455.91,3,9.6957,151.97,0.02126669737,4,FALSE
2020,December,30,53,Standard Class,Home Office,United States,Columbus,Indiana,Central,Office Supplies,Appliances,509.3,2,56.511,254.65,0.1109581779,4,FALSE
2019,January,22,4,Standard Class,Consumer,United States,San Diego,California,West,Office Supplies,Labels,44.4,3,22.2,14.8,0.5,1,FALSE
2019,January,22,4,Standard Class,Consumer,United States,San Diego,California,West,Office Supplies,Labels,20.65,5,9.499,4.13,0.46,1,FALSE
2019,January,30,5,First Class,Consumer,United States,San Francisco,California,West,Office Supplies,Labels,26.01,9,12.2247,2.89,0.47,1,FALSE
2019,February,5,6,Standard Class,Consumer,United States,San Diego,California,West,Office Supplies,Labels,14.73,3,7.2177,4.91,0.49,1,FALSE
2019,February,7,6,Same Day,Consumer,United States,Springfield,Virginia,South,Office Supplies,Labels,7.83,3,3.6018,2.61,0.46,1,FALSE
2019,February,19,8,Second Class,Corporate,United States,Long Beach,New York,East,Office Supplies,Labels,8.67,3,4.0749,2.89,0.47,1,FALSE
2019,March,4,10,Second Class,Corporate,United States,Miami,Florida,South,Office Supplies,Labels,10.08,4,3.528,2.52,0.35,1,FALSE
2019,April,1,14,Standard Class,Corporate,United States,New York City,New York,East,Office Supplies,Labels,20.7,2,9.936,10.35,0.48,2,FALSE
2019,April,28,18,First Class,Corporate,United States,Dallas,Texas,Central,Office Supplies,Labels,15.712,4,5.6956,3.928,0.3625,2,TRUE
2019,May,1,18,First Class,Consumer,United States,Memphis,Tennessee,South,Office Supplies,Labels,3.984,1,1.2948,3.984,0.325,2,FALSE
2019,May,2,18,Standard Class,Consumer,United States,Irving,Texas,Central,Office Supplies,Labels,5.04,2,1.764,2.52,0.35,2,FALSE
2019,May,3,18,First Class,Consumer,United States,Newark,Ohio,East,Office Supplies,Labels,6,2,2.1,3,0.35,2,FALSE
2019,May,7,19,Standard Class,Consumer,United States,New York City,New York,East,Office Supplies,Labels,44.4,3,22.2,14.8,0.5,2,FALSE
2019,May,16,20,Second Class,Consumer,United States,Los Angeles,California,West,Office Supplies,Labels,27.72,9,13.3056,3.08,0.48,2,FALSE
2019,May,17,20,First Class,Consumer,United States,Waterbury,Connecticut,East,Office Supplies,Labels,14.62,2,6.8714,7.31,0.47,2,FALSE
2019,May,22,21,Same Day,Consumer,United States,Athens,Georgia,South,Office Supplies,Labels,14.73,3,7.2177,4.91,0.49,2,FALSE
2019,May,30,22,Standard Class,Corporate,United States,Springfield,Virginia,South,Office Supplies,Labels,62.1,6,29.808,10.35,0.48,2,FALSE
2019,June,5,23,Standard Class,Home Office,United States,Philadelphia,Pennsylvania,East,Office Supplies,Labels,7.56,3,2.646,2.52,0.35,2,FALSE
2019,June,5,23,Standard Class,Consumer,United States,Newark,Delaware,East,Office Supplies,Labels,14.94,3,6.8724,4.98,0.46,2,FALSE
2019,June,6,23,Standard Class,Home Office,United States,Los Angeles,California,West,Office Supplies,Labels,22.05,7,10.584,3.15,0.48,2,FALSE
2019,June,10,24,Standard Class,Consumer,United States,Los Angeles,California,West,Office Supplies,Labels,20.7,2,9.936,10.35,0.48,2,FALSE
2019,June,10,24,First Class,Consumer,United States,Philadelphia,Pennsylvania,East,Office Supplies,Labels,23.616,8,7.9704,2.952,0.3375,2,FALSE
2019,June,11,24,Standard Class,Consumer,United States,Seattle,Washington,West,Office Supplies,Labels,14.62,2,6.8714,7.31,0.47,2,FALSE
2019,June,12,24,Second Class,Corporate,United States,Los Angeles,California,West,Office Supplies,Labels,14.62,2,6.8714,7.31,0.47,2,FALSE
2019,June,13,24,Standard Class,Consumer,United States,Wichita,Kansas,Central,Office Supplies,Labels,18.9,3,8.694,6.3,0.46,2,FALSE
2019,June,16,25,Standard Class,Consumer,United States,Newark,Delaware,East,Office Supplies,Labels,9.45,3,4.536,3.15,0.48,2,TRUE
2019,June,17,25,First Class,Consumer,United States,Los Angeles,California,West,Office Supplies,Labels,22.5,6,10.8,3.75,0.48,2,FALSE
2019,June,23,26,Standard Class,Consumer,United States,New York City,New York,East,Office Supplies,Labels,122.12,4,56.1752,30.53,0.46,2,TRUE
2019,June,23,26,Standard Class,Consumer,United States,New York City,New York,East,Office Supplies,Labels,18.45,5,8.6715,3.69,0.47,2,TRUE
2019,June,23,26,Second Class,Consumer,United States,San Francisco,California,West,Office Supplies,Labels,21.93,3,10.3071,7.31,0.47,2,TRUE
2019,June,23,26,Second Class,Consumer,United States,New York City,New York,East,Office Supplies,Labels,25.83,7,12.1401,3.69,0.47,2,TRUE
2019,July,1,27,Same Day,Home Office,United States,New York City,New York,East,Office Supplies,Labels,30.53,1,14.0438,30.53,0.46,3,FALSE
2019,July,7,28,Standard Class,Home Office,United States,Philadelphia,Pennsylvania,East,Office Supplies,Labels,10.08,2,3.276,5.04,0.325,3,TRUE
2019,July,17,29,Second Class,Consumer,United States,Seattle,Washington,West,Office Supplies,Labels,87.71,7,41.2237,12.53,0.47,3,FALSE
2019,July,21,30,Standard Class,Consumer,United States,Concord,North Carolina,South,Office Supplies,Labels,6.264,3,2.0358,2.088,0.325,3,TRUE
2019,July,21,30,Standard Class,Corporate,United States,Roseville,California,West,Office Supplies,Labels,3.15,1,1.512,3.15,0.48,3,TRUE
2019,July,22,30,Second Class,Corporate,United States,San Francisco,California,West,Office Supplies,Labels,6.3,2,3.024,3.15,0.48,3,FALSE
2019,July,25,30,Standard Class,Corporate,United States,Houston,Texas,Central,Office Supplies,Labels,15.712,4,5.6956,3.928,0.3625,3,FALSE
2019,July,28,31,Standard Class,Consumer,United States,Los Angeles,California,West,Office Supplies,Labels,18.9,3,8.694,6.3,0.46,3,TRUE
2019,July,30,31,Standard Class,Consumer,United States,Chicago,Illinois,Central,Office Supplies,Labels,9.248,4,3.1212,2.312,0.3375,3,FALSE
2019,August,4,32,Standard Class,Home Office,United States,Suffolk,Virginia,South,Office Supplies,Labels,4.13,1,1.8998,4.13,0.46,3,TRUE
2019,August,4,32,Standard Class,Home Office,United States,Suffolk,Virginia,South,Office Supplies,Labels,9.82,2,4.8118,4.91,0.49,3,TRUE
2019,August,13,33,First Class,Consumer,United States,Springfield,Virginia,South,Office Supplies,Labels,103.6,7,51.8,14.8,0.5,3,FALSE
2019,August,15,33,Second Class,Corporate,United States,Oakland,California,West,Office Supplies,Labels,3.15,1,1.512,3.15,0.48,3,FALSE
2019,August,21,34,Standard Class,Home Office,United States,Greenville,North Carolina,South,Office Supplies,Labels,9.216,4,3.3408,2.304,0.3625,3,FALSE
2019,August,23,34,Standard Class,Home Office,United States,Sheboygan,Wisconsin,Central,Office Supplies,Labels,25.2,4,11.592,6.3,0.46,3,FALSE
2019,August,23,34,Standard Class,Home Office,United States,Sheboygan,Wisconsin,Central,Office Supplies,Labels,37.59,3,17.6673,12.53,0.47,3,FALSE
2019,August,27,35,Standard Class,Corporate,United States,Hollywood,Florida,South,Office Supplies,Labels,9.216,4,3.3408,2.304,0.3625,3,FALSE
2019,August,30,35,First Class,Consumer,United States,Philadelphia,Pennsylvania,East,Office Supplies,Labels,100.24,10,33.831,10.024,0.3375,3,FALSE
2019,September,2,36,Standard Class,Consumer,United States,Chicago,Illinois,Central,Office Supplies,Labels,29.24,5,9.8685,5.848,0.3375,3,FALSE
2019,September,3,36,Second Class,Consumer,United States,Baltimore,Maryland,East,Office Supplies,Labels,58.48,8,27.4856,7.31,0.47,3,FALSE
2019,September,5,36,Second Class,Consumer,United States,Detroit,Michigan,Central,Office Supplies,Labels,22.05,7,10.584,3.15,0.48,3,FALSE
2019,September,5,36,Standard Class,Consumer,United States,Chesapeake,Virginia,South,Office Supplies,Labels,25.06,2,11.7782,12.53,0.47,3,FALSE
2019,September,8,37,Standard Class,Home Office,United States,Malden,Massachusetts,East,Office Supplies,Labels,14.76,4,6.9372,3.69,0.47,3,TRUE
2019,September,10,37,Standard Class,Consumer,United States,Edmonds,Washington,West,Office Supplies,Labels,7.38,2,3.4686,3.69,0.47,3,FALSE
2019,September,11,37,Standard Class,Consumer,United States,Chicago,Illinois,Central,Office Supplies,Labels,6,2,2.1,3,0.35,3,FALSE
2019,September,12,37,Second Class,Corporate,United States,Arvada,Colorado,West,Office Supplies,Labels,6.264,3,2.0358,2.088,0.325,3,FALSE
2019,September,12,37,Standard Class,Consumer,United States,Seattle,Washington,West,Office Supplies,Labels,11.07,3,5.2029,3.69,0.47,3,FALSE
2019,September,13,37,Standard Class,Consumer,United States,Omaha,Nebraska,Central,Office Supplies,Labels,14.4,5,7.056,2.88,0.49,3,FALSE
2019,September,17,38,Standard Class,Home Office,United States,Redmond,Washington,West,Office Supplies,Labels,12.32,4,5.9136,3.08,0.48,3,FALSE
2019,September,18,38,Standard Class,Consumer,United States,Jacksonville,Florida,South,Office Supplies,Labels,3,1,1.05,3,0.35,3,FALSE
2019,September,22,39,Standard Class,Consumer,United States,Pembroke Pines,Florida,South,Office Supplies,Labels,16.56,2,5.796,8.28,0.35,3,TRUE
2019,September,22,39,Standard Class,Home Office,United States,Philadelphia,Pennsylvania,East,Office Supplies,Labels,16.52,5,5.369,3.304,0.325,3,TRUE
2019,September,23,39,First Class,Corporate,United States,San Diego,California,West,Office Supplies,Labels,18.9,3,8.694,6.3,0.46,3,FALSE
2019,September,25,39,Standard Class,Corporate,United States,Irving,Texas,Central,Office Supplies,Labels,15.936,4,5.1792,3.984,0.325,3,FALSE
2019,September,25,39,Standard Class,Consumer,United States,Long Beach,California,West,Office Supplies,Labels,29.6,2,14.8,14.8,0.5,3,FALSE
2019,September,25,39,Standard Class,Consumer,United States,Long Beach,California,West,Office Supplies,Labels,4.98,1,2.2908,4.98,0.46,3,FALSE
2019,September,26,39,Same Day,Consumer,United States,Redlands,California,West,Office Supplies,Labels,7.83,3,3.6018,2.61,0.46,3,FALSE
2019,September,29,40,First Class,Corporate,United States,Philadelphia,Pennsylvania,East,Office Supplies,Labels,15.936,4,5.1792,3.984,0.325,3,TRUE
2019,October,3,40,Standard Class,Home Office,United States,Lake Forest,California,West,Office Supplies,Labels,6.16,2,2.9568,3.08,0.48,4,FALSE
2019,October,7,41,First Class,Home Office,United States,Philadelphia,Pennsylvania,East,Office Supplies,Labels,4.928,2,1.7248,2.464,0.35,4,FALSE
2019,October,8,41,Standard Class,Home Office,United States,San Antonio,Texas,Central,Office Supplies,Labels,60.144,6,20.2986,10.024,0.3375,4,FALSE
2019,October,13,42,Standard Class,Corporate,United States,New York City,New York,East,Office Supplies,Labels,24.9,5,11.454,4.98,0.46,4,TRUE
2019,October,15,42,Standard Class,Home Office,United States,Oklahoma City,Oklahoma,Central,Office Supplies,Labels,20.16,7,9.8784,2.88,0.49,4,FALSE
2019,October,15,42,Standard Class,Home Office,United States,Oklahoma City,Oklahoma,Central,Office Supplies,Labels,29.46,6,14.4354,4.91,0.49,4,FALSE
2019,November,3,45,First Class,Consumer,United States,Los Angeles,California,West,Office Supplies,Labels,87.71,7,41.2237,12.53,0.47,4,TRUE
2019,November,4,45,Second Class,Corporate,United States,Eugene,Oregon,West,Office Supplies,Labels,629.184,8,228.0792,78.648,0.3625,4,FALSE
2019,November,5,45,Standard Class,Home Office,United States,Lawrence,Indiana,Central,Office Supplies,Labels,51.75,5,24.84,10.35,0.48,4,FALSE
2019,November,5,45,Same Day,Consumer,United States,Laredo,Texas,Central,Office Supplies,Labels,11.84,1,4.44,11.84,0.375,4,FALSE
2019,November,7,45,First Class,Corporate,United States,Los Angeles,California,West,Office Supplies,Labels,14.62,2,6.8714,7.31,0.47,4,FALSE
2019,November,10,46,Standard Class,Home Office,United States,Springfield,Ohio,East,Office Supplies,Labels,9.216,4,3.3408,2.304,0.3625,4,TRUE
2019,November,13,46,Standard Class,Home Office,United States,New York City,New York,East,Office Supplies,Labels,14.94,3,6.8724,4.98,0.46,4,FALSE
2019,November,14,46,Standard Class,Consumer,United States,San Francisco,California,West,Office Supplies,Labels,7.38,2,3.4686,3.69,0.47,4,FALSE
2019,November,18,47,Standard Class,Home Office,United States,Pasadena,Texas,Central,Office Supplies,Labels,48.848,2,15.8756,24.424,0.325,4,FALSE
2019,November,20,47,Standard Class,Consumer,United States,Edmond,Oklahoma,Central,Office Supplies,Labels,14.62,2,6.8714,7.31,0.47,4,FALSE
2019,November,20,47,Second Class,Home Office,United States,Columbus,Ohio,East,Office Supplies,Labels,18.496,8,6.2424,2.312,0.3375,4,FALSE
2019,November,22,47,Standard Class,Consumer,United States,Houston,Texas,Central,Office Supplies,Labels,2.088,1,0.6786,2.088,0.325,4,FALSE
2019,December,3,49,First Class,Consumer,United States,Oceanside,New York,East,Office Supplies,Labels,6.3,2,3.024,3.15,0.48,4,FALSE
2019,December,5,49,Second Class,Corporate,United States,Chicago,Illinois,Central,Office Supplies,Labels,11.952,3,3.8844,3.984,0.325,4,FALSE
2019,December,9,50,Standard Class,Consumer,United States,Lawrence,Massachusetts,East,Office Supplies,Labels,122.12,4,56.1752,30.53,0.46,4,FALSE
2019,December,9,50,Standard Class,Consumer,United States,Lawrence,Massachusetts,East,Office Supplies,Labels,3.69,1,1.7343,3.69,0.47,4,FALSE
2019,December,14,50,Standard Class,Consumer,United States,New York City,New York,East,Office Supplies,Labels,5.76,2,2.8224,2.88,0.49,4,FALSE
2019,December,18,51,First Class,Home Office,United States,Salem,Oregon,West,Office Supplies,Labels,15.936,4,5.1792,3.984,0.325,4,FALSE
2019,December,23,52,Second Class,Corporate,United States,Houston,Texas,Central,Office Supplies,Labels,45.36,9,14.742,5.04,0.325,4,FALSE
2019,December,27,52,Standard Class,Home Office,United States,Santa Ana,California,West,Office Supplies,Labels,20.16,7,9.8784,2.88,0.49,4,FALSE
2019,December,27,52,Standard Class,Consumer,United States,Louisville,Kentucky,South,Office Supplies,Labels,2.61,1,1.2006,2.61,0.46,4,FALSE
2019,December,30,53,Standard Class,Consumer,United States,Columbus,Ohio,East,Office Supplies,Labels,5.904,2,1.9926,2.952,0.3375,4,FALSE
2020,January,19,4,Second Class,Consumer,United States,Keller,Texas,Central,Office Supplies,Labels,103,2,2.1,51.5,0.02038834951,1,TRUE
2020,January,20,4,First Class,Consumer,United States,Chicago,Illinois,Central,Office Supplies,Labels,115.52,5,4.176,23.104,0.03614958449,1,FALSE
2020,January,29,5,Standard Class,Consumer,United States,New York City,New York,East,Office Supplies,Labels,85.22,2,2.4012,42.61,0.02817648439,1,FALSE
2020,February,11,7,Standard Class,Corporate,United States,New York City,New York,East,Office Supplies,Labels,936.7,2,9.936,468.35,0.01060745169,1,FALSE
2020,February,18,8,Second Class,Corporate,United States,Los Angeles,California,West,Office Supplies,Labels,84.82,2,4.8118,42.41,0.05672954492,1,FALSE
2020,March,4,10,Second Class,Home Office,United States,Houston,Texas,Central,Office Supplies,Labels,124.464,1,0.8624,124.464,0.006928911171,1,FALSE
2020,March,5,10,Same Day,Consumer,United States,Milwaukee,Wisconsin,Central,Office Supplies,Labels,114.06,2,11.7782,57.03,0.1032631948,1,FALSE
2020,March,6,10,Standard Class,Consumer,United States,Dallas,Texas,Central,Office Supplies,Labels,73.928,2,1.7248,36.964,0.02333080835,1,FALSE
2020,March,6,10,Standard Class,Home Office,United States,San Francisco,California,West,Office Supplies,Labels,127.52,4,5.6448,31.88,0.04426599749,1,FALSE
2020,March,7,10,Standard Class,Consumer,United States,New York City,New York,East,Office Supplies,Labels,106.59,3,42.1314,35.53,0.3952659724,1,FALSE
2020,March,8,11,First Class,Corporate,United States,Columbus,Georgia,South,Office Supplies,Labels,111.7,2,9.936,55.85,0.08895255148,1,TRUE
2020,March,17,12,Second Class,Consumer,United States,New York City,New York,East,Office Supplies,Labels,124.31,1,3.4357,124.31,0.02763816266,1,FALSE
2020,March,17,12,Standard Class,Home Office,United States,Knoxville,Tennessee,South,Office Supplies,Labels,127.608,2,1.6704,63.804,0.0130900884,1,FALSE
2020,March,17,12,Second Class,Consumer,United States,New York City,New York,East,Office Supplies,Labels,98.75,5,9,19.75,0.09113924051,1,FALSE
2020,March,19,12,Standard Class,Home Office,United States,New York City,New York,East,Office Supplies,Labels,153.91,7,13.2986,21.98714286,0.08640504191,1,FALSE
2020,March,27,13,Second Class,Consumer,United States,Richmond,Virginia,South,Office Supplies,Labels,117.26,2,3.7996,58.63,0.03240320655,1,FALSE
2020,April,1,14,Second Class,Corporate,United States,Jacksonville,Florida,South,Office Supplies,Labels,116.264,3,2.0358,38.75466667,0.01751014932,2,FALSE
2020,April,1,14,Standard Class,Consumer,United States,San Francisco,California,West,Office Supplies,Labels,105.78,2,2.7166,52.89,0.02568160333,2,FALSE
2020,April,2,14,Standard Class,Consumer,United States,Decatur,Alabama,South,Office Supplies,Labels,90.94,3,6.8724,30.31333333,0.07557070596,2,FALSE
2020,April,9,15,First Class,Home Office,United States,New York City,New York,East,Office Supplies,Labels,127.82,2,4.8118,63.91,0.03764512596,2,FALSE
2020,April,9,15,First Class,Home Office,United States,New York City,New York,East,Office Supplies,Labels,96.64,3,4.2336,32.21333333,0.04380794702,2,FALSE
2020,April,9,15,First Class,Consumer,United States,Jacksonville,Florida,South,Office Supplies,Labels,126.12,3,4.914,42.04,0.03896289248,2,FALSE
2020,April,17,16,Standard Class,Consumer,United States,Los Angeles,California,West,Office Supplies,Labels,114.38,2,3.4686,57.19,0.03032523168,2,FALSE
2020,April,17,16,Standard Class,Consumer,United States,Los Angeles,California,West,Office Supplies,Labels,159.04,8,11.2896,19.88,0.07098591549,2,FALSE
2020,April,23,17,Standard Class,Home Office,United States,Clarksville,Tennessee,South,Office Supplies,Labels,97,1,1.05,97,0.01082474227,2,FALSE
2020,April,26,18,Standard Class,Home Office,United States,Seattle,Washington,West,Office Supplies,Labels,125.28,8,19.2472,15.66,0.153633461,2,TRUE
2020,April,27,18,Standard Class,Corporate,United States,Fort Worth,Texas,Central,Office Supplies,Labels,171.12,4,11.592,42.78,0.06774193548,2,FALSE
2020,April,29,18,Standard Class,Consumer,United States,Orange,New Jersey,East,Office Supplies,Labels,106.91,1,2.4059,106.91,0.02250397531,2,FALSE
2020,April,30,18,Standard Class,Home Office,United States,Boynton Beach,Florida,South,Office Supplies,Labels,119.608,2,1.6704,59.804,0.01396562103,2,FALSE
2020,April,30,18,First Class,Consumer,United States,Manchester,Connecticut,East,Office Supplies,Labels,94.76,2,2.8224,47.38,0.02978471929,2,FALSE
2020,April,30,18,Standard Class,Home Office,United States,Boynton Beach,Florida,South,Office Supplies,Labels,119.952,3,3.8844,39.984,0.03238295318,2,FALSE
2020,May,1,18,First Class,Consumer,United States,Coral Springs,Florida,South,Office Supplies,Labels,215.608,2,1.4976,107.804,0.006945938926,2,FALSE
2020,May,6,19,First Class,Consumer,United States,New York City,New York,East,Office Supplies,Labels,108.2,4,29.6,27.05,0.2735674677,2,FALSE
2020,May,6,19,Same Day,Consumer,United States,Charlotte,North Carolina,South,Office Supplies,Labels,155.12,5,39.689,31.024,0.2558599794,2,FALSE
2020,May,11,20,Same Day,Consumer,United States,Seattle,Washington,West,Office Supplies,Labels,129.59,3,17.6673,43.19666667,0.1363322787,2,FALSE
2020,May,12,20,Second Class,Consumer,United States,Vineland,New Jersey,East,Office Supplies,Labels,83.16,2,2.9568,41.58,0.03555555556,2,FALSE
2020,May,12,20,Standard Class,Consumer,United States,Cincinnati,Ohio,East,Office Supplies,Labels,90.904,2,1.9926,45.452,0.02191982751,2,FALSE
2020,May,13,20,Standard Class,Home Office,United States,San Francisco,California,West,Office Supplies,Labels,142.48,8,27.4856,17.81,0.1929084784,2,FALSE
2020,May,14,20,Standard Class,Consumer,United States,Cleveland,Ohio,East,Office Supplies,Labels,106.04,2,1.764,53.02,0.01663523199,2,FALSE
2020,May,14,20,First Class,Corporate,United States,Baltimore,Maryland,East,Office Supplies,Labels,171,5,37,34.2,0.216374269,2,FALSE
2020,May,19,21,Standard Class,Consumer,United States,Plano,Texas,Central,Office Supplies,Labels,92.216,4,4.2952,23.054,0.04657760042,2,FALSE
2020,June,10,24,Standard Class,Consumer,United States,Seattle,Washington,West,Office Supplies,Labels,104.56,4,5.4332,26.14,0.05196250956,2,FALSE
2020,June,10,24,First Class,Home Office,United States,Los Angeles,California,West,Office Supplies,Labels,111.6,2,14.8,55.8,0.1326164875,2,FALSE
2020,June,15,25,First Class,Home Office,United States,Maple Grove,Minnesota,Central,Office Supplies,Labels,152.4,3,22.2,50.8,0.1456692913,2,FALSE
2020,June,20,25,Standard Class,Consumer,United States,Belleville,New Jersey,East,Office Supplies,Labels,108.82,2,4.8118,54.41,0.04421797464,2,FALSE
2020,June,25,26,Standard Class,Home Office,United States,Springfield,Oregon,West,Office Supplies,Labels,113.04,6,26.64,18.84,0.2356687898,2,FALSE
2020,June,26,26,Standard Class,Corporate,United States,Miami,Florida,South,Office Supplies,Labels,106.872,6,4.6818,17.812,0.04380754547,2,FALSE
2020,July,8,28,First Class,Consumer,United States,San Mateo,California,West,Office Supplies,Labels,104.18,6,35.3346,17.36333333,0.3391687464,3,FALSE
2020,July,8,28,Standard Class,Consumer,United States,Kent,Washington,West,Office Supplies,Labels,799.48,8,385.3752,99.935,0.482032321,3,FALSE
2020,July,11,28,Standard Class,Corporate,United States,Los Angeles,California,West,Office Supplies,Labels,117.67,3,4.0749,39.22333333,0.03462989717,3,FALSE
2020,July,15,29,Second Class,Consumer,United States,New York City,New York,East,Office Supplies,Labels,93.83,3,3.6018,31.27666667,0.03838644357,3,FALSE
2020,July,20,30,Standard Class,Corporate,United States,Sioux Falls,South Dakota,Central,Office Supplies,Labels,151.62,2,6.8714,75.81,0.04531987864,3,FALSE
2020,July,23,30,Standard Class,Corporate,United States,Long Beach,New York,East,Office Supplies,Labels,158.4,4,19.872,39.6,0.1254545455,3,FALSE
2020,July,25,30,Standard Class,Consumer,United States,Philadelphia,Pennsylvania,East,Office Supplies,Labels,119.304,1,1.0738,119.304,0.009000536445,3,FALSE
2020,July,25,30,Standard Class,Consumer,United States,Sioux Falls,South Dakota,Central,Office Supplies,Labels,122.23,7,9.5081,17.46142857,0.07778859527,3,FALSE
2020,July,30,31,Second Class,Consumer,United States,Mission Viejo,California,West,Office Supplies,Labels,116.25,7,12.6,16.60714286,0.1083870968,3,FALSE
2020,August,3,32,First Class,Consumer,United States,Fairfield,Ohio,East,Office Supplies,Labels,137.52,5,5.369,27.504,0.03904159395,3,FALSE
2020,August,3,32,Second Class,Consumer,United States,San Francisco,California,West,Office Supplies,Labels,147.75,5,24.84,29.55,0.1681218274,3,FALSE
2020,August,5,32,Standard Class,Consumer,United States,Indianapolis,Indiana,Central,Office Supplies,Labels,154.2,9,66.6,17.13333333,0.4319066148,3,FALSE
2020,August,6,32,Standard Class,Home Office,United States,Concord,New Hampshire,East,Office Supplies,Labels,115.64,8,11.8272,14.455,0.1022760291,3,FALSE
2020,August,13,33,Standard Class,Corporate,United States,Philadelphia,Pennsylvania,East,Office Supplies,Labels,129.544,3,5.9211,43.18133333,0.04570725005,3,FALSE
2020,August,14,33,Second Class,Consumer,United States,San Francisco,California,West,Office Supplies,Labels,116.76,2,2.8224,58.38,0.02417266187,3,FALSE
2020,August,15,33,Standard Class,Corporate,United States,Roseville,Minnesota,Central,Office Supplies,Labels,149.4,8,23.184,18.675,0.1551807229,3,FALSE
2020,August,21,34,First Class,Consumer,United States,Oakland,California,West,Office Supplies,Labels,186.75,5,24.84,37.35,0.1330120482,3,FALSE
2020,August,29,35,First Class,Corporate,United States,Quincy,Illinois,Central,Office Supplies,Labels,137.36,4,17.76,34.34,0.1292952825,3,FALSE
2020,September,2,36,Standard Class,Consumer,United States,Bakersfield,California,West,Office Supplies,Labels,113,5,37,22.6,0.3274336283,3,FALSE
2020,September,2,36,Second Class,Consumer,United States,Fort Collins,Colorado,West,Office Supplies,Labels,126.696,2,3.9474,63.348,0.03115646903,3,FALSE
2020,September,2,36,Standard Class,Corporate,United States,New York City,New York,East,Office Supplies,Labels,145.9,6,9.072,24.31666667,0.06217957505,3,FALSE
2020,September,7,37,Standard Class,Consumer,United States,Philadelphia,Pennsylvania,East,Office Supplies,Labels,126.24,5,9.8685,25.248,0.07817252852,3,FALSE
2020,September,9,37,Standard Class,Corporate,United States,Plano,Texas,Central,Office Supplies,Labels,120.856,4,3.4496,30.214,0.02854305951,3,FALSE
2020,September,9,37,First Class,Consumer,United States,Toledo,Ohio,East,Office Supplies,Labels,140.712,6,5.9778,23.452,0.04248251748,3,FALSE
2020,September,14,38,Second Class,Consumer,United States,Los Angeles,California,West,Office Supplies,Labels,106.7,9,26.082,11.85555556,0.2444423618,3,FALSE
2020,September,17,38,Second Class,Corporate,United States,Provo,Utah,West,Office Supplies,Labels,123.4,5,7.056,24.68,0.05717990276,3,FALSE
2020,September,22,39,Second Class,Home Office,United States,Lansing,Michigan,Central,Office Supplies,Labels,149.72,9,13.3056,16.63555556,0.08886989046,3,FALSE
2020,September,24,39,Second Class,Consumer,United States,Miami,Florida,South,Office Supplies,Labels,245.944,3,85.5297,81.98133333,0.3477608724,3,FALSE
2020,September,24,39,Standard Class,Home Office,United States,Sandy Springs,Georgia,South,Office Supplies,Labels,97.75,5,7.56,19.55,0.07734015345,3,FALSE
2020,September,25,39,Standard Class,Consumer,United States,New York City,New York,East,Office Supplies,Labels,123.7,2,9.936,61.85,0.08032336297,3,FALSE
2020,September,29,40,Standard Class,Home Office,United States,Pasadena,Texas,Central,Office Supplies,Labels,93.968,2,2.5896,46.984,0.02755831773,3,FALSE
2020,September,30,40,First Class,Corporate,United States,Philadelphia,Pennsylvania,East,Office Supplies,Labels,152.664,7,6.9741,21.80914286,0.04568267568,3,FALSE
2020,October,13,42,Standard Class,Corporate,United States,Philadelphia,Pennsylvania,East,Office Supplies,Labels,94.84,3,8.694,31.61333333,0.09167018136,4,FALSE
2020,October,13,42,First Class,Consumer,United States,Lafayette,Louisiana,South,Office Supplies,Labels,121.07,3,5.2029,40.35666667,0.04297431238,4,FALSE
2020,October,15,42,Standard Class,Corporate,United States,Thousand Oaks,California,West,Office Supplies,Labels,197.65,5,70.219,39.53,0.3552694156,4,FALSE
2020,October,15,42,Standard Class,Consumer,United States,Camarillo,California,West,Office Supplies,Labels,108.73,3,7.2177,36.24333333,0.06638186333,4,FALSE
2020,October,15,42,Second Class,Corporate,United States,Fairfield,Connecticut,East,Office Supplies,Labels,138.05,5,6.003,27.61,0.04348424484,4,FALSE
2020,October,19,43,Second Class,Corporate,United States,San Francisco,California,West,Office Supplies,Labels,133.5,10,15.12,13.35,0.113258427,4,FALSE
2020,October,20,43,Second Class,Corporate,United States,Woodland,California,West,Office Supplies,Labels,104.75,1,1.8,104.75,0.01718377088,4,FALSE
2020,October,20,43,Same Day,Home Office,United States,New York City,New York,East,Office Supplies,Labels,124.55,5,12.0295,24.91,0.09658370132,4,FALSE
2020,October,26,44,Standard Class,Consumer,United States,Rochester,Minnesota,Central,Office Supplies,Labels,86.16,2,2.9568,43.08,0.03431754875,4,FALSE
2020,October,26,44,Standard Class,Consumer,United States,Philadelphia,Pennsylvania,East,Office Supplies,Labels,115.76,5,4.9815,23.152,0.04303299931,4,FALSE
2020,October,28,44,Standard Class,Consumer,United States,Everett,Massachusetts,East,Office Supplies,Labels,103.93,3,10.3071,34.64333333,0.09917348215,4,FALSE
2020,October,30,44,First Class,Home Office,United States,Richmond,Kentucky,South,Office Supplies,Labels,146,8,14.4,18.25,0.09863013699,4,FALSE
2020,October,30,44,Standard Class,Consumer,United States,San Francisco,California,West,Office Supplies,Labels,151.86,6,20.6142,25.31,0.1357447649,4,FALSE
2020,November,3,45,Standard Class,Consumer,United States,Eagan,Minnesota,Central,Office Supplies,Labels,83.94,3,6.8724,27.98,0.08187276626,4,FALSE
2020,November,3,45,Standard Class,Corporate,United States,Atlanta,Georgia,South,Office Supplies,Labels,132.39,3,5.6994,44.13,0.04305007931,4,FALSE
2020,November,4,45,Standard Class,Consumer,United States,Chattanooga,Tennessee,South,Office Supplies,Labels,83.928,2,1.7248,41.964,0.02055094843,4,FALSE
2020,November,4,45,Standard Class,Home Office,United States,Grand Prairie,Texas,Central,Office Supplies,Labels,90.68,2,8.88,45.34,0.09792677547,4,FALSE
2020,November,6,45,Same Day,Home Office,United States,San Francisco,California,West,Office Supplies,Labels,133.4,4,19.872,33.35,0.1489655172,4,FALSE
2020,November,11,46,First Class,Consumer,United States,Garland,Texas,Central,Office Supplies,Labels,92.44,5,3.393,18.488,0.03670488966,4,FALSE
2020,November,12,46,Standard Class,Consumer,United States,Seattle,Washington,West,Office Supplies,Labels,119.96,2,4.5816,59.98,0.03819273091,4,FALSE
2020,November,13,46,Standard Class,Consumer,United States,Seattle,Washington,West,Office Supplies,Labels,112.64,3,4.2336,37.54666667,0.03758522727,4,FALSE
2020,November,18,47,Same Day,Corporate,United States,Milwaukee,Wisconsin,Central,Office Supplies,Labels,117.38,2,3.4686,58.69,0.02955017891,4,FALSE
2020,November,23,48,Standard Class,Consumer,United States,Chicago,Illinois,Central,Office Supplies,Labels,146.52,5,4.176,29.304,0.0285012285,4,FALSE
2020,November,28,48,Standard Class,Consumer,United States,San Diego,California,West,Office Supplies,Labels,101.65,5,29.4455,20.33,0.2896753566,4,FALSE
2020,December,1,49,Standard Class,Consumer,United States,Philadelphia,Pennsylvania,East,Office Supplies,Labels,145.936,4,5.1792,36.484,0.03548952966,4,FALSE
2020,December,3,49,Standard Class,Consumer,United States,New York City,New York,East,Office Supplies,Labels,108.15,1,1.512,108.15,0.01398058252,4,FALSE
2020,December,5,49,Second Class,Consumer,United States,New York City,New York,East,Office Supplies,Labels,108.07,3,5.2029,36.02333333,0.04814379569,4,FALSE
2020,December,5,49,First Class,Consumer,United States,New York City,New York,East,Office Supplies,Labels,132.45,3,4.536,44.15,0.03424688562,4,FALSE
2020,December,8,50,Standard Class,Consumer,United States,San Francisco,California,West,Office Supplies,Labels,123.35,9,13.608,13.70555556,0.110320227,4,FALSE
2020,December,8,50,Standard Class,Consumer,United States,Madison,Wisconsin,Central,Office Supplies,Labels,163.06,2,28.0876,81.53,0.1722531583,4,FALSE
2020,December,9,50,Second Class,Consumer,United States,Richmond,Kentucky,South,Office Supplies,Labels,106.76,2,2.6496,53.38,0.024818284,4,FALSE
2020,December,13,51,Standard Class,Consumer,United States,San Francisco,California,West,Office Supplies,Labels,505.64,3,4.2336,168.5466667,0.00837275532,4,TRUE
2020,December,16,51,Second Class,Corporate,United States,Sunnyvale,California,West,Office Supplies,Labels,602.4,3,22.2,200.8,0.03685258964,4,FALSE
2020,December,22,52,Standard Class,Corporate,United States,Carlsbad,New Mexico,West,Office Supplies,Labels,146.45,5,8.6715,29.29,0.05921133493,4,FALSE
2020,December,28,53,Standard Class,Consumer,United States,New York City,New York,East,Office Supplies,Labels,292.45,7,34.776,41.77857143,0.1189126346,4,FALSE
2019,January,15,3,Standard Class,Home Office,United States,Westfield,New Jersey,East,Office Supplies,Envelopes,52.34,2,24.5998,26.17,0.47,1,FALSE
2019,January,15,3,Standard Class,Consumer,United States,New York City,New York,East,Office Supplies,Envelopes,16.52,4,7.5992,4.13,0.46,1,FALSE
2019,January,31,5,Second Class,Corporate,United States,Atlantic City,New Jersey,East,Office Supplies,Envelopes,23.36,2,11.68,11.68,0.5,1,FALSE
2019,January,31,5,Standard Class,Home Office,United States,Atlanta,Georgia,South,Office Supplies,Envelopes,125.36,8,58.9192,15.67,0.47,1,FALSE
2019,February,5,6,Same Day,Home Office,United States,Smyrna,Georgia,South,Office Supplies,Envelopes,167.96,2,78.9412,83.98,0.47,1,FALSE
2019,February,23,8,Standard Class,Corporate,United States,Philadelphia,Pennsylvania,East,Office Supplies,Envelopes,57.576,3,21.591,19.192,0.375,1,FALSE
2019,February,25,9,Second Class,Consumer,United States,Newark,Ohio,East,Office Supplies,Envelopes,46.72,5,17.52,9.344,0.375,1,FALSE
2019,March,3,10,Standard Class,Consumer,United States,San Antonio,Texas,Central,Office Supplies,Envelopes,36.6,3,11.895,12.2,0.325,1,TRUE
2019,March,5,10,Standard Class,Corporate,United States,Dallas,Texas,Central,Office Supplies,Envelopes,149.352,3,50.4063,49.784,0.3375,1,FALSE
2019,March,8,10,Standard Class,Home Office,United States,Dallas,Texas,Central,Office Supplies,Envelopes,146.352,3,49.3938,48.784,0.3375,1,FALSE
2019,March,12,11,Second Class,Consumer,United States,New York City,New York,East,Office Supplies,Envelopes,29.34,3,13.4964,9.78,0.46,1,FALSE
2019,March,12,11,Second Class,Corporate,United States,San Francisco,California,West,Office Supplies,Envelopes,30.56,4,14.9744,7.64,0.49,1,FALSE
2019,March,17,12,Same Day,Consumer,United States,Columbia,Maryland,East,Office Supplies,Envelopes,199.9,5,89.955,39.98,0.45,1,TRUE
2019,April,8,15,Standard Class,Consumer,United States,New York City,New York,East,Office Supplies,Envelopes,8.26,2,3.7996,4.13,0.46,2,FALSE
2019,April,8,15,Standard Class,Home Office,United States,Troy,Ohio,East,Office Supplies,Envelopes,8.872,1,3.2161,8.872,0.3625,2,FALSE
2019,April,8,15,Standard Class,Consumer,United States,Smyrna,Georgia,South,Office Supplies,Envelopes,17.92,4,8.6016,4.48,0.48,2,FALSE
2019,April,12,15,Standard Class,Consumer,United States,Springfield,Virginia,South,Office Supplies,Envelopes,63.9,5,28.755,12.78,0.45,2,FALSE
2019,April,13,15,First Class,Consumer,United States,San Francisco,California,West,Office Supplies,Envelopes,6.12,3,2.8764,2.04,0.47,2,FALSE
2019,April,23,17,Standard Class,Consumer,United States,San Clemente,California,West,Office Supplies,Envelopes,71.97,3,35.985,23.99,0.5,2,FALSE
2019,May,9,19,Standard Class,Consumer,United States,Philadelphia,Pennsylvania,East,Office Supplies,Envelopes,9.344,1,3.504,9.344,0.375,2,FALSE
2019,May,10,19,Standard Class,Consumer,United States,Chicago,Illinois,Central,Office Supplies,Envelopes,7.072,2,2.3868,3.536,0.3375,2,FALSE
2019,May,12,20,Standard Class,Consumer,United States,Seattle,Washington,West,Office Supplies,Envelopes,54.9,5,26.901,10.98,0.49,2,TRUE
2019,May,22,21,Standard Class,Consumer,United States,Passaic,New Jersey,East,Office Supplies,Envelopes,26.88,6,12.9024,4.48,0.48,2,FALSE
2019,May,30,22,Standard Class,Corporate,United States,Arlington,Virginia,South,Office Supplies,Envelopes,26.55,9,12.744,2.95,0.48,2,FALSE
2019,June,12,24,First Class,Consumer,United States,Wilmington,Delaware,East,Office Supplies,Envelopes,115.02,9,51.759,12.78,0.45,2,FALSE
2019,July,4,27,First Class,Consumer,United States,San Francisco,California,West,Office Supplies,Envelopes,43.96,2,20.6612,21.98,0.47,3,FALSE
2019,July,16,29,Second Class,Corporate,United States,Columbia,South Carolina,South,Office Supplies,Envelopes,10.2,5,4.794,2.04,0.47,3,FALSE
2019,July,21,30,Standard Class,Corporate,United States,Roseville,California,West,Office Supplies,Envelopes,419.9,5,197.353,83.98,0.47,3,TRUE
2019,July,25,30,Standard Class,Home Office,United States,Houston,Texas,Central,Office Supplies,Envelopes,20.936,1,7.0659,20.936,0.3375,3,FALSE
2019,August,3,31,Second Class,Consumer,United States,Tulsa,Oklahoma,Central,Office Supplies,Envelopes,81.54,3,38.3238,27.18,0.47,3,FALSE
2019,August,16,33,Standard Class,Consumer,United States,San Francisco,California,West,Office Supplies,Envelopes,10.86,3,5.1042,3.62,0.47,3,FALSE
2019,August,22,34,Standard Class,Consumer,United States,Columbus,Ohio,East,Office Supplies,Envelopes,134.288,2,45.3222,67.144,0.3375,3,FALSE
2019,August,23,34,Standard Class,Consumer,United States,Seattle,Washington,West,Office Supplies,Envelopes,135.9,5,63.873,27.18,0.47,3,FALSE
2019,September,1,36,First Class,Corporate,United States,San Francisco,California,West,Office Supplies,Envelopes,21.88,2,10.94,10.94,0.5,3,TRUE
2019,September,1,36,Second Class,Home Office,United States,Huntington Beach,California,West,Office Supplies,Envelopes,12.78,1,5.751,12.78,0.45,3,TRUE
2019,September,2,36,Second Class,Consumer,United States,Des Moines,Washington,West,Office Supplies,Envelopes,65.94,3,30.9918,21.98,0.47,3,FALSE
2019,September,4,36,Standard Class,Consumer,United States,Springfield,Missouri,Central,Office Supplies,Envelopes,16.56,2,7.7832,8.28,0.47,3,FALSE
2019,September,5,36,Second Class,Consumer,United States,Johnson City,Tennessee,South,Office Supplies,Envelopes,23.472,3,7.6284,7.824,0.325,3,FALSE
2019,September,6,36,Standard Class,Consumer,United States,Thomasville,North Carolina,South,Office Supplies,Envelopes,95.952,3,29.985,31.984,0.3125,3,FALSE
2019,September,11,37,Standard Class,Consumer,United States,Newport News,Virginia,South,Office Supplies,Envelopes,11.09,1,5.4341,11.09,0.49,3,FALSE
2019,September,11,37,Standard Class,Consumer,United States,Houston,Texas,Central,Office Supplies,Envelopes,99.568,2,33.6042,49.784,0.3375,3,FALSE
2019,September,22,39,Second Class,Home Office,United States,Parma,Ohio,East,Office Supplies,Envelopes,63.968,2,19.99,31.984,0.3125,3,TRUE
2019,September,23,39,First Class,Corporate,United States,San Diego,California,West,Office Supplies,Envelopes,4.08,2,1.9176,2.04,0.47,3,FALSE
2019,September,24,39,Standard Class,Corporate,United States,Los Angeles,California,West,Office Supplies,Envelopes,304.9,5,143.303,60.98,0.47,3,FALSE
2019,September,26,39,Standard Class,Consumer,United States,Decatur,Illinois,Central,Office Supplies,Envelopes,8.928,2,3.348,4.464,0.375,3,FALSE
2019,October,3,40,Second Class,Consumer,United States,Houston,Texas,Central,Office Supplies,Envelopes,15.648,2,5.0856,7.824,0.325,4,FALSE
2019,October,4,40,Same Day,Consumer,United States,The Colony,Texas,Central,Office Supplies,Envelopes,59.752,7,19.4194,8.536,0.325,4,FALSE
2019,October,14,42,Standard Class,Consumer,United States,Jacksonville,North Carolina,South,Office Supplies,Envelopes,35.008,4,13.128,8.752,0.375,4,FALSE
2019,October,15,42,Standard Class,Corporate,United States,Springfield,Virginia,South,Office Supplies,Envelopes,66.54,6,32.6046,11.09,0.49,4,FALSE
2019,November,1,44,Standard Class,Home Office,United States,Salem,Virginia,South,Office Supplies,Envelopes,251.79,3,118.3413,83.93,0.47,4,FALSE
2019,November,5,45,Second Class,Consumer,United States,San Jose,California,West,Office Supplies,Envelopes,158.13,3,77.4837,52.71,0.49,4,FALSE
2019,November,12,46,Second Class,Corporate,United States,La Porte,Indiana,Central,Office Supplies,Envelopes,287.52,8,129.384,35.94,0.45,4,FALSE
2019,November,16,46,Standard Class,Consumer,United States,Carlsbad,New Mexico,West,Office Supplies,Envelopes,28.4,5,13.348,5.68,0.47,4,FALSE
2019,November,19,47,Standard Class,Consumer,United States,Houston,Texas,Central,Office Supplies,Envelopes,40.968,3,13.8267,13.656,0.3375,4,FALSE
2019,November,24,48,First Class,Home Office,United States,Cleveland,Ohio,East,Office Supplies,Envelopes,40.752,3,15.282,13.584,0.375,4,TRUE
2019,December,1,49,Same Day,Home Office,United States,Oxnard,California,West,Office Supplies,Envelopes,22.92,3,11.2308,7.64,0.49,4,TRUE
2019,December,5,49,Second Class,Corporate,United States,Newark,Delaware,East,Office Supplies,Envelopes,109.69,7,51.5543,15.67,0.47,4,FALSE
2019,December,6,49,Standard Class,Consumer,United States,Seattle,Washington,West,Office Supplies,Envelopes,35.89,1,16.1505,35.89,0.45,4,FALSE
2019,December,10,50,First Class,Consumer,United States,New York City,New York,East,Office Supplies,Envelopes,361.92,4,162.864,90.48,0.45,4,FALSE
2019,December,23,52,Standard Class,Corporate,United States,Seattle,Washington,West,Office Supplies,Envelopes,61.96,2,30.3604,30.98,0.49,4,FALSE
2019,December,24,52,Standard Class,Consumer,United States,San Jose,California,West,Office Supplies,Envelopes,39.76,7,18.6872,5.68,0.47,4,FALSE
2019,December,29,53,Second Class,Consumer,United States,Springfield,Oregon,West,Office Supplies,Envelopes,27.792,3,10.422,9.264,0.375,4,TRUE
2020,January,12,3,Standard Class,Corporate,United States,San Francisco,California,West,Office Supplies,Envelopes,96.78,1,4.89,96.78,0.05052696838,1,TRUE
2020,January,14,3,First Class,Consumer,United States,Jacksonville,North Carolina,South,Office Supplies,Envelopes,114.744,1,7.3386,114.744,0.0639562853,1,FALSE
2020,January,14,3,Standard Class,Consumer,United States,Johnson City,Tennessee,South,Office Supplies,Envelopes,136.336,3,6.6468,45.44533333,0.04875308062,1,FALSE
2020,January,19,4,Standard Class,Consumer,United States,Burlington,Vermont,East,Office Supplies,Envelopes,109.04,1,0.9588,109.04,0.008793103448,1,TRUE
2020,January,21,4,Standard Class,Consumer,United States,Aurora,Illinois,Central,Office Supplies,Envelopes,299.576,4,90.6444,74.894,0.3025756402,1,FALSE
2020,February,20,8,Standard Class,Home Office,United States,Gilbert,Arizona,West,Office Supplies,Envelopes,838.64,5,3.857,167.728,0.004599112849,1,FALSE
2020,March,2,10,Standard Class,Corporate,United States,Newark,Delaware,East,Office Supplies,Envelopes,156.96,7,27.2412,22.42285714,0.1735550459,1,FALSE
2020,March,4,10,Standard Class,Corporate,United States,Los Angeles,California,West,Office Supplies,Envelopes,93.25,1,7.015,93.25,0.07522788204,1,FALSE
2020,March,5,10,Same Day,Corporate,United States,Southaven,Mississippi,South,Office Supplies,Envelopes,130.68,4,19.6328,32.67,0.1502356902,1,FALSE
2020,March,18,12,Standard Class,Corporate,United States,Los Angeles,California,West,Office Supplies,Envelopes,143.4,5,9.312,28.68,0.06493723849,1,FALSE
2020,March,21,12,Second Class,Consumer,United States,Reading,Pennsylvania,East,Office Supplies,Envelopes,118.856,3,2.8782,39.61866667,0.02421585784,1,FALSE
2020,March,24,13,First Class,Corporate,United States,New York City,New York,East,Office Supplies,Envelopes,152.01,3,22.0947,50.67,0.1453503059,1,FALSE
2020,March,30,14,First Class,Consumer,United States,Oklahoma City,Oklahoma,Central,Office Supplies,Envelopes,370.86,2,149.8956,185.43,0.404183789,1,FALSE
2020,April,1,14,Second Class,Consumer,United States,Springfield,Missouri,Central,Office Supplies,Envelopes,118.4,5,13.348,23.68,0.1127364865,2,FALSE
2020,April,4,14,Standard Class,Home Office,United States,New York City,New York,East,Office Supplies,Envelopes,123.98,1,8.49,123.98,0.0684787869,2,FALSE
2020,April,23,17,First Class,Consumer,United States,Greeley,Colorado,West,Office Supplies,Envelopes,131.688,2,7.008,65.844,0.053216694,2,FALSE
2020,April,30,18,Second Class,Corporate,United States,New York City,New York,East,Office Supplies,Envelopes,109.96,4,28.332,27.49,0.2576573299,2,FALSE
2020,April,30,18,Standard Class,Corporate,United States,San Francisco,California,West,Office Supplies,Envelopes,94.56,4,14.9744,23.64,0.158358714,2,FALSE
2020,May,5,19,Standard Class,Consumer,United States,San Francisco,California,West,Office Supplies,Envelopes,111.16,2,11.58,55.58,0.1041741634,2,FALSE
2020,May,5,19,First Class,Consumer,United States,Louisville,Colorado,West,Office Supplies,Envelopes,147.24,9,7.434,16.36,0.05048899756,2,FALSE
2020,May,9,19,First Class,Corporate,United States,Jacksonville,North Carolina,South,Office Supplies,Envelopes,134.232,3,22.0158,44.744,0.164013052,2,FALSE
2020,May,13,20,Standard Class,Corporate,United States,Columbus,Indiana,Central,Office Supplies,Envelopes,218.96,2,81.432,109.48,0.371903544,2,FALSE
2020,May,14,20,Standard Class,Consumer,United States,Gulfport,Mississippi,South,Office Supplies,Envelopes,130.69,9,23.8581,14.52111111,0.1825549009,2,FALSE
2020,June,2,23,Second Class,Consumer,United States,Mesa,Arizona,West,Office Supplies,Envelopes,146.92,5,15.921,29.384,0.1083650967,2,FALSE
2020,June,22,26,First Class,Consumer,United States,Miami,Florida,South,Office Supplies,Envelopes,145.608,3,12.6927,48.536,0.08717034778,2,FALSE
2020,July,17,29,Second Class,Corporate,United States,Apple Valley,California,West,Office Supplies,Envelopes,100.9,5,28.95,20.18,0.2869177403,3,FALSE
2020,August,4,32,First Class,Corporate,United States,Loveland,Colorado,West,Office Supplies,Envelopes,129.784,1,3.1842,129.784,0.02453461135,3,FALSE
2020,August,10,33,Standard Class,Consumer,United States,Columbus,Indiana,Central,Office Supplies,Envelopes,169.08,6,35.04,28.18,0.2072391767,3,FALSE
2020,August,13,33,Standard Class,Consumer,United States,Memphis,Tennessee,South,Office Supplies,Envelopes,104.76,5,4.797,20.952,0.04579037801,3,FALSE
2020,August,17,34,Standard Class,Corporate,United States,Brentwood,California,West,Office Supplies,Envelopes,115.36,2,11.68,57.68,0.1012482663,3,FALSE
2020,August,21,34,Standard Class,Consumer,United States,Lakeville,Minnesota,Central,Office Supplies,Envelopes,91.28,2,7.4872,45.64,0.08202453988,3,FALSE
2020,August,27,35,First Class,Corporate,United States,Tampa,Florida,South,Office Supplies,Envelopes,138.896,1,0.9774,138.896,0.00703691971,3,FALSE
2020,September,3,36,Standard Class,Consumer,United States,Palm Coast,Florida,South,Office Supplies,Envelopes,113.448,4,8.8624,28.362,0.07811860941,3,FALSE
2020,September,7,37,Standard Class,Consumer,United States,Philadelphia,Pennsylvania,East,Office Supplies,Envelopes,92.896,3,1.6524,30.96533333,0.01778763348,3,FALSE
2020,September,9,37,Standard Class,Consumer,United States,Roseville,Michigan,Central,Office Supplies,Envelopes,89.48,2,8.2156,44.74,0.09181493071,3,FALSE
2020,September,11,37,Same Day,Home Office,United States,Long Beach,California,West,Office Supplies,Envelopes,109.18,2,10.8682,54.59,0.0995438725,3,FALSE
2020,September,16,38,Standard Class,Consumer,United States,Austin,Texas,Central,Office Supplies,Envelopes,107.568,2,6.3684,53.784,0.05920348059,3,FALSE
2020,September,18,38,First Class,Home Office,United States,Dallas,Texas,Central,Office Supplies,Envelopes,136.848,4,35.89,34.212,0.2622617795,3,FALSE
2020,September,18,38,Standard Class,Corporate,United States,San Francisco,California,West,Office Supplies,Envelopes,119.86,3,5.1042,39.95333333,0.04258468213,3,FALSE
2020,September,22,39,Standard Class,Corporate,United States,Pearland,Texas,Central,Office Supplies,Envelopes,102.392,3,5.022,34.13066667,0.04904680053,3,FALSE
2020,September,23,39,First Class,Home Office,United States,Fort Collins,Colorado,West,Office Supplies,Envelopes,130.352,3,5.2026,43.45066667,0.03991193077,3,FALSE
2020,September,25,39,Standard Class,Corporate,United States,Lakewood,Ohio,East,Office Supplies,Envelopes,135.448,4,8.8624,33.862,0.06543027583,3,FALSE
2020,September,26,39,Same Day,Corporate,United States,San Francisco,California,West,Office Supplies,Envelopes,181.88,6,33.0648,30.31333333,0.1817945898,3,FALSE
2020,September,29,40,First Class,Corporate,United States,Hempstead,New York,East,Office Supplies,Envelopes,122.98,3,3.9102,40.99333333,0.03179541389,3,FALSE
2020,September,29,40,Standard Class,Consumer,United States,Mount Vernon,New York,East,Office Supplies,Envelopes,131.34,3,10.9698,43.78,0.08352215624,3,FALSE
2020,September,29,40,Standard Class,Home Office,United States,Pasadena,Texas,Central,Office Supplies,Envelopes,132.968,4,9.4392,33.242,0.07098850851,3,FALSE
2020,October,19,43,Second Class,Corporate,United States,San Francisco,California,West,Office Supplies,Envelopes,112.96,2,4.3008,56.48,0.03807365439,4,FALSE
2020,October,22,43,Standard Class,Corporate,United States,Philadelphia,Pennsylvania,East,Office Supplies,Envelopes,124.68,4,11.088,31.17,0.08893166506,4,FALSE
2020,October,22,43,First Class,Home Office,United States,New York City,New York,East,Office Supplies,Envelopes,140.9,5,28.755,28.18,0.2040809084,4,FALSE
2020,October,26,44,Standard Class,Consumer,United States,Virginia Beach,Virginia,South,Office Supplies,Envelopes,281.58,7,113.211,40.22571429,0.402056254,4,FALSE
2020,October,27,44,Standard Class,Corporate,United States,Dallas,Texas,Central,Office Supplies,Envelopes,87.84,2,5.544,43.92,0.0631147541,4,FALSE
2020,October,28,44,Second Class,Corporate,United States,New York City,New York,East,Office Supplies,Envelopes,162.98,2,23.99,81.49,0.147195975,4,FALSE
2020,October,31,44,Standard Class,Corporate,United States,Chicago,Illinois,Central,Office Supplies,Envelopes,108.912,3,3.2214,36.304,0.02957800793,4,FALSE
2020,November,2,45,Second Class,Corporate,United States,Henderson,Kentucky,South,Office Supplies,Envelopes,110.32,2,2.6068,55.16,0.02362944162,4,FALSE
2020,November,2,45,Standard Class,Corporate,United States,Philadelphia,Pennsylvania,East,Office Supplies,Envelopes,116.856,3,2.8782,38.952,0.02463031423,4,FALSE
2020,November,2,45,Second Class,Home Office,United States,Danville,California,West,Office Supplies,Envelopes,170.58,7,38.29,24.36857143,0.2244694571,4,FALSE
2020,November,6,45,Standard Class,Consumer,United States,Los Angeles,California,West,Office Supplies,Envelopes,116.28,2,7.4872,58.14,0.06438940488,4,FALSE
2020,November,12,46,Standard Class,Home Office,United States,Dallas,Texas,Central,Office Supplies,Envelopes,110.224,2,4.4312,55.112,0.04020177094,4,FALSE
2020,November,14,46,First Class,Home Office,United States,Minneapolis,Minnesota,Central,Office Supplies,Envelopes,127.28,2,7.4872,63.64,0.05882463859,4,FALSE
2020,November,18,47,Standard Class,Consumer,United States,Chicago,Illinois,Central,Office Supplies,Envelopes,166.584,6,20.844,27.764,0.1251260625,4,FALSE
2020,November,19,47,Standard Class,Corporate,United States,New York City,New York,East,Office Supplies,Envelopes,124.74,3,8.37,41.58,0.0670995671,4,FALSE
2020,November,24,48,Standard Class,Corporate,United States,Memphis,Tennessee,South,Office Supplies,Envelopes,106.848,7,24.318,15.264,0.2275943396,4,FALSE
2020,November,24,48,Standard Class,Consumer,United States,New York City,New York,East,Office Supplies,Envelopes,194.96,2,78.9412,97.48,0.4049097251,4,FALSE
2020,November,28,48,Standard Class,Corporate,United States,New York City,New York,East,Office Supplies,Envelopes,108.96,2,35.982,54.48,0.3302312775,4,FALSE
2020,December,1,49,Standard Class,Home Office,United States,Philadelphia,Pennsylvania,East,Office Supplies,Envelopes,138.68,5,35.3295,27.736,0.2547555524,4,FALSE
2020,December,9,50,Standard Class,Corporate,United States,Cincinnati,Ohio,East,Office Supplies,Envelopes,157.576,3,21.591,52.52533333,0.1370195969,4,FALSE
2020,December,10,50,Same Day,Consumer,United States,Fairfield,Connecticut,East,Office Supplies,Envelopes,403.86,3,5.1042,134.62,0.01263853811,4,FALSE
2020,December,11,50,Second Class,Home Office,United States,Burlington,Iowa,Central,Office Supplies,Envelopes,252.28,1,3.4944,252.28,0.01385127636,4,FALSE
2020,December,14,51,Standard Class,Home Office,United States,San Diego,California,West,Office Supplies,Envelopes,502.7,5,20.539,100.54,0.0408573702,4,FALSE
2020,December,22,52,Second Class,Consumer,United States,Port Orange,Florida,South,Office Supplies,Envelopes,399.824,1,2.934,399.824,0.007338228821,4,FALSE
2020,December,23,52,Second Class,Corporate,United States,Little Rock,Arkansas,South,Office Supplies,Envelopes,552.94,3,85.9818,184.3133333,0.1554993308,4,FALSE
2019,February,5,6,Same Day,Home Office,United States,Smyrna,Georgia,South,Office Supplies,Fasteners,9.45,5,0.189,1.89,0.02,1,FALSE
2019,May,17,20,First Class,Consumer,United States,Chicago,Illinois,Central,Office Supplies,Fasteners,7.896,3,2.4675,2.632,0.3125,2,FALSE
2019,June,26,26,Same Day,Corporate,United States,Los Angeles,California,West,Office Supplies,Fasteners,17.9,5,8.95,3.58,0.5,2,FALSE
2019,July,3,27,First Class,Consumer,United States,Los Angeles,California,West,Office Supplies,Fasteners,3.96,2,0.0792,1.98,0.02,3,FALSE
2019,July,7,28,Second Class,Corporate,United States,Aurora,Illinois,Central,Office Supplies,Fasteners,2.632,1,0.8225,2.632,0.3125,3,TRUE
2019,July,14,29,Second Class,Corporate,United States,New York City,New York,East,Office Supplies,Fasteners,14.07,7,6.8943,2.01,0.49,3,TRUE
2019,July,14,29,Second Class,Consumer,United States,Auburn,New York,East,Office Supplies,Fasteners,29.61,9,13.3245,3.29,0.45,3,TRUE
2019,July,25,30,Second Class,Consumer,United States,Los Angeles,California,West,Office Supplies,Fasteners,21.48,6,10.74,3.58,0.5,3,FALSE
2019,August,8,32,Second Class,Consumer,United States,Dallas,Texas,Central,Office Supplies,Fasteners,11.168,4,3.6296,2.792,0.325,3,FALSE
2019,August,26,35,First Class,Consumer,United States,San Jose,California,West,Office Supplies,Fasteners,10.23,3,4.9104,3.41,0.48,3,FALSE
2019,August,27,35,Second Class,Consumer,United States,Quincy,Massachusetts,East,Office Supplies,Fasteners,11.68,4,5.256,2.92,0.45,3,FALSE
2019,September,2,36,Same Day,Consumer,United States,Madison,Wisconsin,Central,Office Supplies,Fasteners,1.81,1,0.6516,1.81,0.36,3,FALSE
2019,September,5,36,First Class,Consumer,United States,Redondo Beach,California,West,Office Supplies,Fasteners,4.36,2,1.7876,2.18,0.41,3,FALSE
2019,September,5,36,Second Class,Corporate,United States,Houston,Texas,Central,Office Supplies,Fasteners,15.808,8,5.3352,1.976,0.3375,3,FALSE
2019,October,20,43,Second Class,Consumer,United States,Houston,Texas,Central,Office Supplies,Fasteners,25.248,4,7.89,6.312,0.3125,4,TRUE
2019,November,3,45,Second Class,Consumer,United States,Henderson,Kentucky,South,Office Supplies,Fasteners,20,4,9.6,5,0.48,4,TRUE
2019,November,4,45,Same Day,Consumer,United States,Louisville,Kentucky,South,Office Supplies,Fasteners,10.74,3,5.2626,3.58,0.49,4,FALSE
2019,November,7,45,First Class,Consumer,United States,Lakewood,New Jersey,East,Office Supplies,Fasteners,14.96,4,0.2992,3.74,0.02,4,FALSE
2019,November,20,47,Second Class,Home Office,United States,Columbus,Ohio,East,Office Supplies,Fasteners,19.096,7,6.6836,2.728,0.35,4,FALSE
2019,November,23,47,Same Day,Corporate,United States,Philadelphia,Pennsylvania,East,Office Supplies,Fasteners,15.8,5,2.37,3.16,0.15,4,FALSE
2019,November,24,48,Second Class,Consumer,United States,Dallas,Texas,Central,Office Supplies,Fasteners,4.344,3,0.8688,1.448,0.2,4,TRUE
2019,December,16,51,First Class,Corporate,United States,New York City,New York,East,Office Supplies,Fasteners,3.68,2,1.8032,1.84,0.49,4,FALSE
2019,December,27,52,First Class,Home Office,United States,Akron,Ohio,East,Office Supplies,Fasteners,17.184,6,6.2292,2.864,0.3625,4,FALSE
2020,January,7,2,Second Class,Consumer,United States,Long Beach,California,West,Office Supplies,Fasteners,107.89,1,3.5505,107.89,0.03290851793,1,FALSE
2020,January,22,4,Second Class,Corporate,United States,Chicago,Illinois,Central,Office Supplies,Fasteners,103.12,5,4.914,20.624,0.04765321955,1,FALSE
2020,February,2,6,First Class,Corporate,United States,Columbus,Ohio,East,Office Supplies,Fasteners,110.456,9,6.9732,12.27288889,0.0631310205,1,TRUE
2020,February,20,8,Second Class,Corporate,United States,Louisville,Colorado,West,Office Supplies,Fasteners,92.432,3,3.0654,30.81066667,0.03316383936,1,FALSE
2020,March,5,10,Same Day,Consumer,United States,Rochester,Minnesota,Central,Office Supplies,Fasteners,112.9,2,2.528,56.45,0.0223914969,1,FALSE
2020,May,20,21,Second Class,Consumer,United States,Fargo,North Dakota,Central,Office Supplies,Fasteners,95.41,3,3.4827,31.80333333,0.03650246305,2,FALSE
2020,May,25,22,Same Day,Consumer,United States,New York City,New York,East,Office Supplies,Fasteners,103.29,1,1.4805,103.29,0.01433343015,2,FALSE
2020,June,10,24,Second Class,Corporate,United States,New York City,New York,East,Office Supplies,Fasteners,117.13,3,0.7065,39.04333333,0.006031759583,2,FALSE
2020,June,24,26,Second Class,Consumer,United States,San Francisco,California,West,Office Supplies,Fasteners,111.88,1,1.3536,111.88,0.01209867715,2,FALSE
2020,September,4,36,Second Class,Consumer,United States,Nashua,New Hampshire,East,Office Supplies,Fasteners,141.82,6,6.9654,23.63666667,0.04911437033,3,FALSE
2020,September,8,37,First Class,Corporate,United States,Arlington,Texas,Central,Office Supplies,Fasteners,120.92,5,15.498,24.184,0.1281673834,3,FALSE
2020,September,11,37,Second Class,Consumer,United States,Georgetown,Kentucky,South,Office Supplies,Fasteners,124.2,4,6.674,31.05,0.05373590982,3,FALSE
2020,September,11,37,Second Class,Consumer,United States,Chicago,Illinois,Central,Office Supplies,Fasteners,101.528,4,3.29,25.382,0.03240485383,3,FALSE
2020,September,29,40,First Class,Consumer,United States,Bakersfield,California,West,Office Supplies,Fasteners,149,7,16.8,21.28571429,0.1127516779,3,FALSE
2020,November,2,45,Second Class,Home Office,United States,Danville,California,West,Office Supplies,Fasteners,107.58,3,0.1674,35.86,0.001556051311,4,FALSE
2020,November,12,46,Second Class,Consumer,United States,Longview,Washington,West,Office Supplies,Fasteners,146.24,3,9.12,48.74666667,0.06236323851,4,FALSE
2020,November,18,47,First Class,Consumer,United States,Seattle,Washington,West,Office Supplies,Fasteners,111.96,2,1.4208,55.98,0.01269024652,4,FALSE
2020,December,11,50,First Class,Corporate,United States,Paterson,New Jersey,East,Office Supplies,Fasteners,291.54,3,2.1582,97.18,0.007402757769,4,FALSE
2020,December,25,52,Second Class,Home Office,United States,Huntsville,Alabama,South,Office Supplies,Fasteners,435.62,2,1.1946,217.81,0.002742298333,4,FALSE
2020,December,29,53,First Class,Consumer,United States,New York City,New York,East,Office Supplies,Fasteners,254.03,3,2.9547,84.67666667,0.01163130339,4,FALSE
2019,January,22,4,Standard Class,Consumer,United States,Morristown,New Jersey,East,Office Supplies,Fasteners,7.56,6,0.3024,1.26,0.04,1,FALSE
2019,February,15,7,Standard Class,Consumer,United States,New York City,New York,East,Office Supplies,Fasteners,8.72,4,3.5752,2.18,0.41,1,FALSE
2019,February,16,7,Standard Class,Corporate,United States,Chicago,Illinois,Central,Office Supplies,Fasteners,6.976,4,1.8312,1.744,0.2625,1,FALSE
2019,February,22,8,Standard Class,Consumer,United States,Los Angeles,California,West,Office Supplies,Fasteners,10.65,3,5.0055,3.55,0.47,1,FALSE
2019,February,28,9,Standard Class,Corporate,United States,New York City,New York,East,Office Supplies,Fasteners,36.48,6,18.24,6.08,0.5,1,FALSE
2019,March,3,10,Standard Class,Consumer,United States,Round Rock,Texas,Central,Office Supplies,Fasteners,2.304,1,0.7776,2.304,0.3375,1,TRUE
2019,March,8,10,Standard Class,Consumer,United States,Philadelphia,Pennsylvania,East,Office Supplies,Fasteners,5.984,2,-1.3464,2.992,-0.225,1,FALSE
2019,April,1,14,Standard Class,Corporate,United States,Sierra Vista,Arizona,West,Office Supplies,Fasteners,31.56,5,9.8625,6.312,0.3125,2,FALSE
2019,April,8,15,Standard Class,Home Office,United States,Hot Springs,Arkansas,South,Office Supplies,Fasteners,30,6,14.4,5,0.48,2,FALSE
2019,April,15,16,Standard Class,Corporate,United States,Grapevine,Texas,Central,Office Supplies,Fasteners,8.04,5,2.9145,1.608,0.3625,2,FALSE
2019,April,17,16,Standard Class,Home Office,United States,Omaha,Nebraska,Central,Office Supplies,Fasteners,29.05,5,9.0055,5.81,0.31,2,FALSE
2019,May,6,19,Standard Class,Home Office,United States,Lorain,Ohio,East,Office Supplies,Fasteners,7.216,2,1.7138,3.608,0.2375,2,FALSE
2019,May,26,22,Standard Class,Consumer,United States,Santa Ana,California,West,Office Supplies,Fasteners,5.94,3,0,1.98,0,2,TRUE
2019,June,7,23,Standard Class,Home Office,United States,Philadelphia,Pennsylvania,East,Office Supplies,Fasteners,9.648,6,3.4974,1.608,0.3625,2,FALSE
2019,June,23,26,Standard Class,Consumer,United States,New York City,New York,East,Office Supplies,Fasteners,3.96,2,1.4652,1.98,0.37,2,TRUE
2019,July,28,31,Standard Class,Home Office,United States,Holland,Michigan,Central,Office Supplies,Fasteners,20.44,7,9.198,2.92,0.45,3,TRUE
2019,August,8,32,Standard Class,Home Office,United States,Jackson,Mississippi,South,Office Supplies,Fasteners,23.34,3,0.2334,7.78,0.01,3,FALSE
2019,August,29,35,Standard Class,Corporate,United States,Philadelphia,Pennsylvania,East,Office Supplies,Fasteners,10.584,7,-2.3814,1.512,-0.225,3,FALSE
2019,September,1,36,Standard Class,Corporate,United States,Philadelphia,Pennsylvania,East,Office Supplies,Fasteners,16.688,7,5.4236,2.384,0.325,3,TRUE
2019,September,5,36,Standard Class,Home Office,United States,Houston,Texas,Central,Office Supplies,Fasteners,28.44,9,4.266,3.16,0.15,3,FALSE
2019,September,12,37,Standard Class,Consumer,United States,Seattle,Washington,West,Office Supplies,Fasteners,10.47,3,4.8162,3.49,0.46,3,FALSE
2019,September,12,37,Standard Class,Corporate,United States,Springfield,Virginia,South,Office Supplies,Fasteners,11.34,3,5.2164,3.78,0.46,3,FALSE
2019,October,7,41,Standard Class,Consumer,United States,Marysville,Washington,West,Office Supplies,Fasteners,93.36,12,0.9336,7.78,0.01,4,FALSE
2019,October,13,42,Standard Class,Consumer,United States,Roseville,California,West,Office Supplies,Fasteners,4.02,2,1.9698,2.01,0.49,4,TRUE
2019,October,23,43,Standard Class,Home Office,United States,Seattle,Washington,West,Office Supplies,Fasteners,17.05,5,8.184,3.41,0.48,4,FALSE
2019,October,27,44,Standard Class,Consumer,United States,New York City,New York,East,Office Supplies,Fasteners,40.67,7,12.6077,5.81,0.31,4,TRUE
2019,October,30,44,Standard Class,Consumer,United States,San Luis Obispo,California,West,Office Supplies,Fasteners,3.62,2,1.1946,1.81,0.33,4,FALSE
2019,November,3,45,Standard Class,Consumer,United States,Los Angeles,California,West,Office Supplies,Fasteners,15.26,7,5.0358,2.18,0.33,4,TRUE
2019,November,12,46,Standard Class,Consumer,United States,Parma,Ohio,East,Office Supplies,Fasteners,16.752,6,5.4444,2.792,0.325,4,FALSE
2019,November,19,47,Standard Class,Consumer,United States,Houston,Texas,Central,Office Supplies,Fasteners,58.368,12,21.888,4.864,0.375,4,FALSE
2019,November,24,48,Standard Class,Home Office,United States,Philadelphia,Pennsylvania,East,Office Supplies,Fasteners,4.416,3,1.6008,1.472,0.3625,4,TRUE
2019,November,28,48,Standard Class,Corporate,United States,Philadelphia,Pennsylvania,East,Office Supplies,Fasteners,12.672,8,2.6928,1.584,0.2125,4,FALSE
2019,December,6,49,Standard Class,Home Office,United States,Los Angeles,California,West,Office Supplies,Fasteners,13.86,7,0,1.98,0,4,FALSE
2019,December,11,50,Standard Class,Corporate,United States,New York City,New York,East,Office Supplies,Fasteners,15.26,7,6.2566,2.18,0.41,4,FALSE
2019,December,14,50,Standard Class,Consumer,United States,New York City,New York,East,Office Supplies,Fasteners,21.48,6,10.5252,3.58,0.49,4,FALSE
2019,December,23,52,Standard Class,Corporate,United States,Grand Rapids,Michigan,Central,Office Supplies,Fasteners,24.85,7,11.6795,3.55,0.47,4,FALSE
2020,January,14,3,Standard Class,Home Office,United States,Richmond,Indiana,Central,Office Supplies,Fasteners,121.52,2,0.1008,60.76,0.0008294930876,1,FALSE
2020,January,24,4,Standard Class,Consumer,United States,Smyrna,Georgia,South,Office Supplies,Fasteners,98.67,3,0.1134,32.89,0.001149285497,1,FALSE
2020,January,26,5,Standard Class,Consumer,United States,San Francisco,California,West,Office Supplies,Fasteners,96.84,8,5.6832,12.105,0.05868649318,1,TRUE
2020,February,16,8,Standard Class,Consumer,United States,Decatur,Illinois,Central,Office Supplies,Fasteners,94.368,2,6.1992,47.184,0.06569175992,1,TRUE
2020,February,19,8,Standard Class,Consumer,United States,Seattle,Washington,West,Office Supplies,Fasteners,831.22,3,0.2244,277.0733333,0.0002699646303,1,FALSE
2020,February,23,9,Standard Class,Corporate,United States,Seattle,Washington,West,Office Supplies,Fasteners,619.4,5,0.336,123.88,0.0005424604456,1,TRUE
2020,March,21,12,Standard Class,Home Office,United States,Seattle,Washington,West,Office Supplies,Fasteners,106.02,7,0.3906,15.14571429,0.003684210526,1,FALSE
2020,March,26,13,Standard Class,Home Office,United States,Virginia Beach,Virginia,South,Office Supplies,Fasteners,106.76,2,1.316,53.38,0.01232671413,1,FALSE
2020,April,10,15,Standard Class,Home Office,United States,New Brunswick,New Jersey,East,Office Supplies,Fasteners,106.16,2,3.58,53.08,0.03372268274,2,FALSE
2020,April,13,16,Standard Class,Corporate,United States,Philadelphia,Pennsylvania,East,Office Supplies,Fasteners,99.92,5,1.683,19.984,0.01684347478,2,FALSE
2020,April,17,16,Standard Class,Consumer,United States,Los Angeles,California,West,Office Supplies,Fasteners,114.9,5,3.597,22.98,0.03130548303,2,FALSE
2020,April,24,17,Standard Class,Home Office,United States,Santa Barbara,California,West,Office Supplies,Fasteners,81.81,1,0.6516,81.81,0.00796479648,2,FALSE
2020,May,3,19,Standard Class,Corporate,United States,Philadelphia,Pennsylvania,East,Office Supplies,Fasteners,121,2,2.8,60.5,0.02314049587,2,TRUE
2020,May,23,21,Standard Class,Consumer,United States,Houston,Texas,Central,Office Supplies,Fasteners,71.824,2,0.6156,35.912,0.008570951214,2,FALSE
2020,May,29,22,Standard Class,Home Office,United States,Omaha,Nebraska,Central,Office Supplies,Fasteners,122.55,5,1.1775,24.51,0.009608323133,2,FALSE
2020,June,25,26,Standard Class,Home Office,United States,Springfield,Oregon,West,Office Supplies,Fasteners,123.304,3,-2.1195,41.10133333,-0.01718922338,2,FALSE
2020,July,7,28,Standard Class,Consumer,United States,Los Angeles,California,West,Office Supplies,Fasteners,130.94,3,0.1188,43.64666667,0.0009072857797,3,FALSE
2020,July,14,29,Standard Class,Consumer,United States,Westminster,California,West,Office Supplies,Fasteners,87.96,4,2.3312,21.99,0.02650295589,3,FALSE
2020,July,29,31,Standard Class,Corporate,United States,Austin,Texas,Central,Office Supplies,Fasteners,86.896,2,0.4706,43.448,0.005415669306,3,FALSE
2020,August,13,33,Standard Class,Consumer,United States,Memphis,Tennessee,South,Office Supplies,Fasteners,121.32,5,9.12,24.264,0.07517309594,3,FALSE
2020,August,21,34,Standard Class,Consumer,United States,Lakeville,Minnesota,Central,Office Supplies,Fasteners,156,7,16.8,22.28571429,0.1076923077,3,FALSE
2020,August,31,36,Standard Class,Consumer,United States,Tempe,Arizona,West,Office Supplies,Fasteners,70.376,3,2.7222,23.45866667,0.03868080027,3,FALSE
2020,September,2,36,Standard Class,Corporate,United States,Chicago,Illinois,Central,Office Supplies,Fasteners,112,4,5.6,28,0.05,3,FALSE
2020,September,16,38,Standard Class,Corporate,United States,San Francisco,California,West,Office Supplies,Fasteners,110.9,5,8.771,22.18,0.07908926961,3,FALSE
2020,September,20,39,Standard Class,Consumer,United States,New York City,New York,East,Office Supplies,Fasteners,108.36,2,1.7876,54.18,0.01649686231,3,TRUE
2020,October,2,40,Standard Class,Home Office,United States,Seattle,Washington,West,Office Supplies,Fasteners,84.94,3,4.1124,28.31333333,0.04841535201,4,FALSE
2020,October,5,41,Standard Class,Corporate,United States,Chico,California,West,Office Supplies,Fasteners,107.9,5,6.854,21.58,0.06352177943,4,FALSE
2020,October,7,41,Standard Class,Home Office,United States,Charlotte,North Carolina,South,Office Supplies,Fasteners,140.936,3,5.9175,46.97866667,0.0419871431,4,FALSE
2020,October,12,42,Standard Class,Consumer,United States,Lakewood,New Jersey,East,Office Supplies,Fasteners,128.9,5,8.771,25.78,0.06804499612,4,FALSE
2020,October,24,43,Standard Class,Consumer,United States,Jackson,Mississippi,South,Office Supplies,Fasteners,137.68,4,5.256,34.42,0.03817547937,4,FALSE
2020,November,2,45,Standard Class,Corporate,United States,Overland Park,Kansas,Central,Office Supplies,Fasteners,134.24,3,9.12,44.74666667,0.06793802145,4,FALSE
2020,November,11,46,Standard Class,Consumer,United States,Urbandale,Iowa,Central,Office Supplies,Fasteners,133.92,4,21.5824,33.48,0.1611589008,4,FALSE
2020,November,19,47,Standard Class,Consumer,United States,Alexandria,Virginia,South,Office Supplies,Fasteners,138.06,7,12.53,19.72285714,0.09075764161,4,FALSE
2020,November,21,47,Standard Class,Home Office,United States,Pasadena,California,West,Office Supplies,Fasteners,129.02,2,3.5178,64.51,0.02726554023,4,FALSE
2020,November,24,48,Standard Class,Consumer,United States,Houston,Texas,Central,Office Supplies,Fasteners,99.824,3,2.5707,33.27466667,0.02575232409,4,FALSE
2020,November,30,49,Standard Class,Consumer,United States,Edinburg,Texas,Central,Office Supplies,Fasteners,128.368,2,0.8288,64.184,0.006456437741,4,FALSE
2020,December,1,49,Standard Class,Consumer,United States,Saginaw,Michigan,Central,Office Supplies,Fasteners,117.29,9,16.2099,13.03222222,0.1382035979,4,FALSE
2020,December,7,50,Standard Class,Corporate,United States,San Antonio,Texas,Central,Office Supplies,Fasteners,1015.552,3,1.2432,338.5173333,0.001224161835,4,FALSE
2020,December,14,51,Standard Class,Home Office,United States,Lawrence,Massachusetts,East,Office Supplies,Fasteners,413.28,6,8.1216,68.88,0.01965156794,4,FALSE
2020,December,18,51,Standard Class,Consumer,United States,Columbus,Ohio,East,Office Supplies,Fasteners,379.824,3,1.7487,126.608,0.004603974472,4,FALSE
2020,December,25,52,Standard Class,Consumer,United States,Fairfield,Ohio,East,Office Supplies,Fasteners,330.312,13,12.7764,25.40861538,0.03867979365,4,FALSE
2020,December,28,53,Standard Class,Consumer,United States,New York City,New York,East,Office Supplies,Fasteners,138.96,4,6.4216,34.74,0.04621185953,4,FALSE
2020,December,29,53,Standard Class,Consumer,United States,Edmonds,Washington,West,Office Supplies,Fasteners,282.6,5,9.604,56.52,0.03398443029,4,FALSE
2020,December,30,53,Standard Class,Consumer,United States,Loveland,Colorado,West,Office Supplies,Fasteners,388.024,3,-0.6048,129.3413333,-0.001558666474,4,FALSE
2020,December,31,53,Standard Class,Consumer,United States,Loveland,Colorado,West,Office Supplies,Fasteners,2975.51,3,-0.6048,991.8366667,-0.0002032592732,4,FALSE
2019,February,19,8,Second Class,Corporate,United States,Long Beach,New York,East,Office Supplies,Supplies,25.71,3,6.6846,8.57,0.26,1,FALSE
2019,March,3,10,Same Day,Corporate,United States,San Francisco,California,West,Office Supplies,Supplies,25.35,3,7.605,8.45,0.3,1,TRUE
2019,March,3,10,Standard Class,Consumer,United States,Round Rock,Texas,Central,Office Supplies,Supplies,3930.072,3,-786.0144,1310.024,-0.2,1,TRUE
2019,March,13,11,Second Class,Corporate,United States,San Francisco,California,West,Office Supplies,Supplies,4912.59,3,196.5036,1637.53,0.04,1,FALSE
2019,April,1,14,Standard Class,Corporate,United States,New York City,New York,East,Office Supplies,Supplies,10.95,3,3.285,3.65,0.3,2,FALSE
2019,April,1,14,Standard Class,Consumer,United States,New York City,New York,East,Office Supplies,Supplies,63.84,8,18.5136,7.98,0.29,2,FALSE
2019,April,5,14,Standard Class,Consumer,United States,Philadelphia,Pennsylvania,East,Office Supplies,Supplies,769.184,4,-163.4516,192.296,-0.2125,2,FALSE
2019,April,16,16,Second Class,Consumer,United States,Seattle,Washington,West,Office Supplies,Supplies,28.8,3,0.864,9.6,0.03,2,FALSE
2019,April,18,16,Standard Class,Corporate,United States,New York City,New York,East,Office Supplies,Supplies,6.84,1,1.8468,6.84,0.27,2,FALSE
2019,April,19,16,Standard Class,Consumer,United States,New York City,New York,East,Office Supplies,Supplies,7.76,2,2.2504,3.88,0.29,2,FALSE
2019,April,19,16,Standard Class,Consumer,United States,New York City,New York,East,Office Supplies,Supplies,54.9,5,15.372,10.98,0.28,2,FALSE
2019,April,22,17,Standard Class,Home Office,United States,Phoenix,Arizona,West,Office Supplies,Supplies,185.376,2,-34.758,92.688,-0.1875,2,FALSE
2019,May,17,20,First Class,Consumer,United States,Waterbury,Connecticut,East,Office Supplies,Supplies,65.17,7,18.8993,9.31,0.29,2,FALSE
2019,May,24,21,Same Day,Home Office,United States,Newport News,Virginia,South,Office Supplies,Supplies,69.5,5,20.155,13.9,0.29,2,FALSE
2019,May,28,22,Same Day,Corporate,United States,New York City,New York,East,Office Supplies,Supplies,54.9,5,15.372,10.98,0.28,2,FALSE
2019,June,5,23,Standard Class,Corporate,United States,Seattle,Washington,West,Office Supplies,Supplies,61.38,6,15.9588,10.23,0.26,2,FALSE
2019,June,23,26,Standard Class,Consumer,United States,Buffalo,New York,East,Office Supplies,Supplies,835.17,7,16.7034,119.31,0.02,2,TRUE
2019,June,26,26,Same Day,Corporate,United States,Los Angeles,California,West,Office Supplies,Supplies,231.72,2,11.586,115.86,0.05,2,FALSE
2019,July,7,28,Standard Class,Corporate,United States,Hialeah,Florida,South,Office Supplies,Supplies,45.584,7,5.1282,6.512,0.1125,3,TRUE
2019,July,14,29,First Class,Consumer,United States,Philadelphia,Pennsylvania,East,Office Supplies,Supplies,11.632,2,1.0178,5.816,0.0875,3,TRUE
2019,July,15,29,Standard Class,Home Office,United States,Provo,Utah,West,Office Supplies,Supplies,44.4,5,12.432,8.88,0.28,3,FALSE
2019,July,16,29,Standard Class,Consumer,United States,Philadelphia,Pennsylvania,East,Office Supplies,Supplies,5.84,2,0.73,2.92,0.125,3,FALSE
2019,July,18,29,Standard Class,Corporate,United States,Glendale,Arizona,West,Office Supplies,Supplies,33.8,5,4.225,6.76,0.125,3,FALSE
2019,July,22,30,Standard Class,Home Office,United States,Sparks,Nevada,West,Office Supplies,Supplies,86.2,5,24.998,17.24,0.29,3,FALSE
2019,July,23,30,Standard Class,Consumer,United States,Mcallen,Texas,Central,Office Supplies,Supplies,13.344,2,1.0008,6.672,0.075,3,FALSE
2019,August,4,32,Standard Class,Home Office,United States,Suffolk,Virginia,South,Office Supplies,Supplies,35.06,2,10.518,17.53,0.3,3,TRUE
2019,August,13,33,Standard Class,Consumer,United States,Irving,Texas,Central,Office Supplies,Supplies,185.376,2,-34.758,92.688,-0.1875,3,FALSE
2019,August,21,34,Standard Class,Home Office,United States,Greenville,North Carolina,South,Office Supplies,Supplies,28.048,2,3.506,14.024,0.125,3,FALSE
2019,August,23,34,Standard Class,Consumer,United States,Seattle,Washington,West,Office Supplies,Supplies,15.88,4,0.1588,3.97,0.01,3,FALSE
2019,August,27,35,Standard Class,Consumer,United States,Dallas,Texas,Central,Office Supplies,Supplies,51.52,5,-10.948,10.304,-0.2125,3,FALSE
2019,August,27,35,Standard Class,Consumer,United States,Dallas,Texas,Central,Office Supplies,Supplies,55.168,4,6.2064,13.792,0.1125,3,FALSE
2019,August,29,35,Standard Class,Home Office,United States,Concord,New Hampshire,East,Office Supplies,Supplies,27.93,3,8.0997,9.31,0.29,3,FALSE
2019,September,1,36,Standard Class,Consumer,United States,New York City,New York,East,Office Supplies,Supplies,10.95,3,3.285,3.65,0.3,3,TRUE
2019,September,4,36,Standard Class,Consumer,United States,New York City,New York,East,Office Supplies,Supplies,22.72,4,6.5888,5.68,0.29,3,FALSE
2019,September,13,37,Standard Class,Consumer,United States,Omaha,Nebraska,Central,Office Supplies,Supplies,16.9,2,5.07,8.45,0.3,3,FALSE
2019,September,19,38,Second Class,Home Office,United States,Orange,New Jersey,East,Office Supplies,Supplies,27.93,3,8.0997,9.31,0.29,3,FALSE
2019,September,19,38,Standard Class,Consumer,United States,Columbus,Georgia,South,Office Supplies,Supplies,5.04,2,0.1512,2.52,0.03,3,FALSE
2019,September,19,38,Second Class,Home Office,United States,San Francisco,California,West,Office Supplies,Supplies,6.24,3,1.872,2.08,0.3,3,FALSE
2019,September,23,39,Second Class,Corporate,United States,Seattle,Washington,West,Office Supplies,Supplies,13.68,2,3.6936,6.84,0.27,3,FALSE
2019,October,10,41,Standard Class,Corporate,United States,Greensboro,North Carolina,South,Office Supplies,Supplies,20.608,2,-4.3792,10.304,-0.2125,4,FALSE
2019,October,13,42,Standard Class,Consumer,United States,Roseville,California,West,Office Supplies,Supplies,65.88,6,18.4464,10.98,0.28,4,TRUE
2019,October,14,42,Standard Class,Consumer,United States,Jacksonville,North Carolina,South,Office Supplies,Supplies,12.768,2,1.4364,6.384,0.1125,4,FALSE
2019,October,21,43,Same Day,Corporate,United States,Manchester,Connecticut,East,Office Supplies,Supplies,7.36,2,0.1472,3.68,0.02,4,FALSE
2019,October,31,44,Standard Class,Corporate,United States,Tulsa,Oklahoma,Central,Office Supplies,Supplies,21.96,2,6.1488,10.98,0.28,4,FALSE
2019,November,4,45,Second Class,Corporate,United States,Eugene,Oregon,West,Office Supplies,Supplies,17.584,7,-4.1762,2.512,-0.2375,4,FALSE
2019,November,4,45,Second Class,Corporate,United States,Charlotte,North Carolina,South,Office Supplies,Supplies,185.376,2,-34.758,92.688,-0.1875,4,FALSE
2019,November,7,45,First Class,Corporate,United States,Los Angeles,California,West,Office Supplies,Supplies,11.36,2,3.2944,5.68,0.29,4,FALSE
2019,November,10,46,Second Class,Consumer,United States,Toledo,Ohio,East,Office Supplies,Supplies,14.72,5,-3.312,2.944,-0.225,4,TRUE
2019,November,13,46,Standard Class,Consumer,United States,Thomasville,North Carolina,South,Office Supplies,Supplies,52.136,7,5.8653,7.448,0.1125,4,FALSE
2019,November,17,47,First Class,Home Office,United States,San Francisco,California,West,Office Supplies,Supplies,49.5,5,13.365,9.9,0.27,4,TRUE
2019,November,24,48,Standard Class,Home Office,United States,Bellevue,Washington,West,Office Supplies,Supplies,25.35,3,7.605,8.45,0.3,4,TRUE
2019,December,1,49,Second Class,Corporate,United States,Richmond,Virginia,South,Office Supplies,Supplies,40.7,5,11.803,8.14,0.29,4,TRUE
2019,December,9,50,Second Class,Corporate,United States,Chicago,Illinois,Central,Office Supplies,Supplies,20.568,3,1.5426,6.856,0.075,4,FALSE
2019,December,11,50,Same Day,Corporate,United States,Columbus,Ohio,East,Office Supplies,Supplies,13.52,2,1.69,6.76,0.125,4,FALSE
2019,December,12,50,Standard Class,Corporate,United States,New York City,New York,East,Office Supplies,Supplies,35.52,4,9.9456,8.88,0.28,4,FALSE
2019,December,18,51,Second Class,Corporate,United States,Tamarac,Florida,South,Office Supplies,Supplies,961.48,5,-204.3145,192.296,-0.2125,4,FALSE
2019,December,18,51,Standard Class,Corporate,United States,Los Angeles,California,West,Office Supplies,Supplies,579.3,5,28.965,115.86,0.05,4,FALSE
2019,December,26,52,Standard Class,Corporate,United States,Los Angeles,California,West,Office Supplies,Supplies,17.76,2,4.9728,8.88,0.28,4,FALSE
2019,December,29,53,Standard Class,Consumer,United States,Sacramento,California,West,Office Supplies,Supplies,27.96,2,7.2696,13.98,0.26,4,TRUE
2019,December,30,53,Standard Class,Consumer,United States,Columbus,Ohio,East,Office Supplies,Supplies,13.712,2,1.0284,6.856,0.075,4,FALSE
2020,January,7,2,Second Class,Consumer,United States,Long Beach,California,West,Office Supplies,Supplies,156.11,7,31.9319,22.30142857,0.2045474345,1,FALSE
2020,January,13,3,Second Class,Corporate,United States,Springfield,Missouri,Central,Office Supplies,Supplies,4200.05,5,83.281,840.01,0.01982857347,1,FALSE
2020,January,29,5,Standard Class,Consumer,United States,San Francisco,California,West,Office Supplies,Supplies,117.57,1,2.2282,117.57,0.01895211363,1,FALSE
2020,January,30,5,Standard Class,Consumer,United States,Aurora,Illinois,Central,Office Supplies,Supplies,120.68,4,2.772,30.17,0.02296983759,1,FALSE
2020,February,13,7,Standard Class,Consumer,United States,Baltimore,Maryland,East,Office Supplies,Supplies,144.02,3,6.5052,48.00666667,0.04516872657,1,FALSE
2020,March,2,10,Standard Class,Corporate,United States,Dallas,Texas,Central,Office Supplies,Supplies,94.976,4,-1.3952,23.744,-0.01469002695,1,FALSE
2020,March,13,11,Standard Class,Consumer,United States,Denver,Colorado,West,Office Supplies,Supplies,1346.496,2,-299.8116,673.248,-0.2226605946,1,FALSE
2020,March,23,13,Second Class,Corporate,United States,New York City,New York,East,Office Supplies,Supplies,366.58,3,17.379,122.1933333,0.04740847837,1,FALSE
2020,March,31,14,Standard Class,Corporate,United States,Los Angeles,California,West,Office Supplies,Supplies,104.7,3,8.019,34.9,0.07659025788,1,FALSE
2020,April,4,14,First Class,Home Office,United States,New York City,New York,East,Office Supplies,Supplies,254.37,1,7.2111,254.37,0.02834886189,2,FALSE
2020,April,16,16,First Class,Corporate,United States,Hoover,Alabama,South,Office Supplies,Supplies,517.24,4,9.5448,129.31,0.01845332921,2,FALSE
2020,April,23,17,Standard Class,Consumer,United States,New York City,New York,East,Office Supplies,Supplies,139.71,7,36.813,19.95857143,0.2634958128,2,FALSE
2020,April,23,17,First Class,Consumer,United States,New York City,New York,East,Office Supplies,Supplies,150.9,5,15.372,30.18,0.1018687873,2,FALSE
2020,May,1,18,Standard Class,Consumer,United States,Jacksonville,Florida,South,Office Supplies,Supplies,92.328,2,0.416,46.164,0.004505675418,2,FALSE
2020,May,12,20,Standard Class,Corporate,United States,San Francisco,California,West,Office Supplies,Supplies,266.62,2,4.7724,133.31,0.01789963244,2,FALSE
2020,May,12,20,Second Class,Consumer,United States,Vineland,New Jersey,East,Office Supplies,Supplies,118,2,4.42,59,0.03745762712,2,FALSE
2020,May,14,20,Standard Class,Corporate,United States,Seattle,Washington,West,Office Supplies,Supplies,151.4,5,1.932,30.28,0.01276089828,2,FALSE
2020,May,22,21,Standard Class,Consumer,United States,Chicago,Illinois,Central,Office Supplies,Supplies,116.344,3,2.5137,38.78133333,0.02160575535,2,FALSE
2020,May,26,22,First Class,Corporate,United States,Louisville,Kentucky,South,Office Supplies,Supplies,126.76,2,0.7728,63.38,0.006096560429,2,FALSE
2020,June,8,24,Second Class,Corporate,United States,Dallas,Texas,Central,Office Supplies,Supplies,151.76,3,2.079,50.58666667,0.01369926199,2,FALSE
2020,June,16,25,Standard Class,Home Office,United States,Carlsbad,New Mexico,West,Office Supplies,Supplies,135.68,2,4.3368,67.84,0.0319634434,2,FALSE
2020,June,19,25,Standard Class,Consumer,United States,Dallas,Texas,Central,Office Supplies,Supplies,102.184,1,0.8388,102.184,0.008208721522,2,FALSE
2020,June,26,26,Standard Class,Corporate,United States,New York City,New York,East,Office Supplies,Supplies,114.4,5,8.236,22.88,0.07199300699,2,FALSE
2020,June,29,27,First Class,Corporate,United States,Milford,Connecticut,East,Office Supplies,Supplies,157.69,3,7.9794,52.56333333,0.05060181369,2,FALSE
2020,July,18,29,Standard Class,Consumer,United States,Philadelphia,Pennsylvania,East,Office Supplies,Supplies,113.184,2,1.148,56.592,0.01014277636,3,FALSE
2020,July,21,30,Standard Class,Consumer,United States,Salem,Virginia,South,Office Supplies,Supplies,271.72,2,11.586,135.86,0.04263948182,3,FALSE
2020,July,25,30,Second Class,Consumer,United States,Philadelphia,Pennsylvania,East,Office Supplies,Supplies,146.752,3,4.2471,48.91733333,0.0289406618,3,FALSE
2020,August,6,32,Standard Class,Consumer,United States,New York City,New York,East,Office Supplies,Supplies,110.12,4,21.036,27.53,0.1910279695,3,FALSE
2020,August,13,33,Same Day,Consumer,United States,San Francisco,California,West,Office Supplies,Supplies,149.92,4,9.2568,37.48,0.06174493063,3,FALSE
2020,August,17,34,Standard Class,Home Office,United States,Houston,Texas,Central,Office Supplies,Supplies,103.552,2,-1.041,51.776,-0.01005292027,3,FALSE
2020,August,20,34,Standard Class,Corporate,United States,San Francisco,California,West,Office Supplies,Supplies,108.22,3,5.166,36.07333333,0.04773609314,3,FALSE
2020,August,21,34,Standard Class,Consumer,United States,Lakeville,Minnesota,Central,Office Supplies,Supplies,164.24,4,10.7996,41.06,0.06575499269,3,FALSE
2020,August,27,35,Second Class,Corporate,United States,Inglewood,California,West,Office Supplies,Supplies,149.4,5,8.236,29.88,0.05512717537,3,FALSE
2020,August,28,35,Standard Class,Home Office,United States,Milwaukee,Wisconsin,Central,Office Supplies,Supplies,109.81,3,5.8887,36.60333333,0.05362626355,3,FALSE
2020,August,31,36,Standard Class,Home Office,United States,Salem,Oregon,West,Office Supplies,Supplies,93.208,2,0.6984,46.604,0.007492919063,3,FALSE
2020,September,9,37,Standard Class,Consumer,United States,Columbia,Tennessee,South,Office Supplies,Supplies,101.832,3,-1.9872,33.944,-0.01951449446,3,FALSE
2020,September,18,38,Standard Class,Corporate,United States,Columbus,Georgia,South,Office Supplies,Supplies,167.48,2,9.9992,83.74,0.05970384524,3,FALSE
2020,September,22,39,Second Class,Consumer,United States,Philadelphia,Pennsylvania,East,Office Supplies,Supplies,4692.736,7,-1049.3406,670.3908571,-0.2236095531,3,FALSE
2020,September,22,39,Standard Class,Consumer,United States,Santa Ana,California,West,Office Supplies,Supplies,123.96,2,6.1488,61.98,0.04960309777,3,FALSE
2020,September,24,39,Second Class,Home Office,United States,San Francisco,California,West,Office Supplies,Supplies,109.3,2,2.19,54.65,0.02003659652,3,FALSE
2020,September,25,39,First Class,Corporate,United States,Chester,Pennsylvania,East,Office Supplies,Supplies,220.896,2,-42.9516,110.448,-0.1944426336,3,FALSE
2020,September,28,40,Second Class,Consumer,United States,Brownsville,Texas,Central,Office Supplies,Supplies,110.744,1,-0.3488,110.744,-0.003149606299,3,FALSE
2020,September,29,40,Standard Class,Consumer,United States,Lodi,California,West,Office Supplies,Supplies,109.3,7,28.217,15.61428571,0.2581610247,3,FALSE
2020,October,2,40,Standard Class,Consumer,United States,Springfield,Oregon,West,Office Supplies,Supplies,136.072,6,4.3956,22.67866667,0.03230348639,4,FALSE
2020,October,30,44,First Class,Home Office,United States,Richmond,Kentucky,South,Office Supplies,Supplies,133.06,2,10.518,66.53,0.07904704645,4,FALSE
2020,November,2,45,Second Class,Corporate,United States,Columbus,Ohio,East,Office Supplies,Supplies,426.592,2,-81.7258,213.296,-0.19157837,4,FALSE
2020,November,11,46,Second Class,Consumer,United States,Aberdeen,South Dakota,Central,Office Supplies,Supplies,107.5,3,6.63,35.83333333,0.0616744186,4,FALSE
2020,November,12,46,Standard Class,Consumer,United States,Seattle,Washington,West,Office Supplies,Supplies,137.93,3,8.0997,45.97666667,0.05872326542,4,FALSE
2020,November,18,47,Standard Class,Consumer,United States,Homestead,Florida,South,Office Supplies,Supplies,139.944,1,-0.6624,139.944,-0.0047333219,4,FALSE
2020,November,19,47,Second Class,Consumer,United States,Carrollton,Texas,Central,Office Supplies,Supplies,124.672,1,0.5004,124.672,0.004013732033,4,FALSE
2020,November,23,48,First Class,Consumer,United States,Roseville,Michigan,Central,Office Supplies,Supplies,88.36,2,0.1744,44.18,0.001973743775,4,FALSE
2020,December,2,49,First Class,Consumer,United States,Lowell,Massachusetts,East,Office Supplies,Supplies,134.36,2,0.1744,67.18,0.001298005359,4,FALSE
2020,December,3,49,Second Class,Consumer,United States,Thornton,Colorado,West,Office Supplies,Supplies,137.32,7,5.915,19.61714286,0.04307457035,4,FALSE
2020,December,14,51,Standard Class,Home Office,United States,Lawrence,Massachusetts,East,Office Supplies,Supplies,332.71,3,6.6846,110.9033333,0.02009137086,4,FALSE
2020,December,17,51,Standard Class,Corporate,United States,Anaheim,California,West,Office Supplies,Supplies,1150.98,1,3.6348,1150.98,0.003158004483,4,FALSE
2020,December,19,51,First Class,Consumer,United States,Lafayette,Louisiana,South,Office Supplies,Supplies,2029.62,2,33.3124,1014.81,0.01641312167,4,FALSE
2020,December,21,52,Standard Class,Consumer,United States,Paterson,New Jersey,East,Office Supplies,Supplies,383.5,5,20.155,76.7,0.05255541069,4,FALSE
2020,December,22,52,Second Class,Corporate,United States,Providence,Rhode Island,East,Office Supplies,Supplies,144.16,6,34.758,24.02666667,0.2411071032,4,FALSE
2020,December,25,52,Standard Class,Consumer,United States,Dallas,Texas,Central,Office Supplies,Supplies,433.688,7,5.0274,61.95542857,0.01159220453,4,FALSE
2019,February,2,5,Second Class,Consumer,United States,Arlington,Virginia,South,Technology,Machines,4749.95,5,2799.984,949.99,0.5894765208,1,FALSE
2019,March,1,9,Standard Class,Consumer,United States,Yonkers,New York,East,Technology,Machines,4899.93,7,2400.9657,699.99,0.49,1,FALSE
2019,March,3,10,Standard Class,Consumer,United States,San Antonio,Texas,Central,Technology,Machines,287.91,3,33.5895,95.97,0.1166666667,1,TRUE
2019,March,10,11,First Class,Home Office,United States,Los Angeles,California,West,Technology,Machines,3357.6,3,377.73,1119.2,0.1125,1,TRUE
2019,March,13,11,Second Class,Corporate,United States,Philadelphia,Pennsylvania,East,Technology,Machines,449.1,3,-643.71,149.7,-1.433333333,1,FALSE
2019,April,16,16,Standard Class,Corporate,United States,Lakewood,New Jersey,East,Technology,Machines,9099.93,7,2365.9818,1299.99,0.26,2,FALSE
2019,May,3,18,First Class,Consumer,United States,Newark,Ohio,East,Technology,Machines,224.937,3,-164.9538,74.979,-0.7333333333,2,FALSE
2019,May,7,19,Standard Class,Consumer,United States,New York City,New York,East,Technology,Machines,3999.95,5,1159.9855,799.99,0.29,2,FALSE
2019,May,21,21,Standard Class,Corporate,United States,Sparks,Nevada,West,Technology,Machines,2396.4,10,179.73,239.64,0.075,2,FALSE
2019,May,26,22,Standard Class,Consumer,United States,Santa Ana,California,West,Technology,Machines,371.976,3,116.2425,123.992,0.3125,2,TRUE
2019,May,28,22,Standard Class,Consumer,United States,Los Angeles,California,West,Technology,Machines,558.4,2,41.88,279.2,0.075,2,FALSE
2019,June,4,23,Same Day,Consumer,United States,New York City,New York,East,Technology,Machines,1349.85,3,364.4595,449.95,0.27,2,FALSE
2019,June,9,24,First Class,Consumer,United States,Tallahassee,Florida,South,Technology,Machines,695.7,2,-27.828,347.85,-0.04,2,TRUE
2019,June,12,24,Second Class,Home Office,United States,Chicago,Illinois,Central,Technology,Machines,1007.979,3,43.1991,335.993,0.04285714286,2,FALSE
2019,June,16,25,Second Class,Home Office,United States,Chattanooga,Tennessee,South,Technology,Machines,91.475,1,-1.8295,91.475,-0.02,2,TRUE
2019,June,24,26,Second Class,Consumer,United States,San Diego,California,West,Technology,Machines,4476.8,4,503.64,1119.2,0.1125,2,FALSE
2019,July,10,28,Same Day,Corporate,United States,Philadelphia,Pennsylvania,East,Technology,Machines,341.991,3,-319.1916,113.997,-0.9333333333,3,FALSE
2019,July,23,30,Standard Class,Corporate,United States,Tampa,Florida,South,Technology,Machines,265.475,1,-111.4995,265.475,-0.42,3,FALSE
2019,August,14,33,Standard Class,Consumer,United States,Los Angeles,California,West,Technology,Machines,105.552,6,35.6238,17.592,0.3375,3,FALSE
2019,August,23,34,Standard Class,Consumer,United States,Seattle,Washington,West,Technology,Machines,837.6,3,62.82,279.2,0.075,3,FALSE
2019,September,2,36,Standard Class,Consumer,United States,Chicago,Illinois,Central,Technology,Machines,1362.9,3,-19.47,454.3,-0.01428571429,3,FALSE
2019,September,17,38,Standard Class,Consumer,United States,Columbus,Georgia,South,Technology,Machines,396,4,190.08,99,0.48,3,FALSE
2019,October,6,41,First Class,Home Office,United States,Pueblo,Colorado,West,Technology,Machines,703.71,6,-938.28,117.285,-1.333333333,4,TRUE
2019,October,7,41,First Class,Corporate,United States,Spokane,Washington,West,Technology,Machines,837.6,3,62.82,279.2,0.075,4,FALSE
2019,November,3,45,First Class,Consumer,United States,Portland,Oregon,West,Technology,Machines,179.991,3,-251.9874,59.997,-1.4,4,TRUE
2019,November,4,45,Standard Class,Consumer,United States,San Diego,California,West,Technology,Machines,686.4,2,77.22,343.2,0.1125,4,FALSE
2019,November,21,47,Standard Class,Consumer,United States,Columbus,Ohio,East,Technology,Machines,30.345,7,-24.276,4.335,-0.8,4,FALSE
2019,November,25,48,Standard Class,Corporate,United States,Plainfield,New Jersey,East,Technology,Machines,319.92,8,118.3704,39.99,0.37,4,FALSE
2019,November,25,48,Standard Class,Consumer,United States,Lancaster,Ohio,East,Technology,Machines,4499.985,5,-6599.978,899.997,-1.466666667,4,FALSE
2019,November,26,48,First Class,Corporate,United States,Mobile,Alabama,South,Technology,Machines,3040,8,1459.2,380,0.48,4,FALSE
2019,December,22,52,Second Class,Home Office,United States,Seattle,Washington,West,Technology,Machines,11.56,1,3.757,11.56,0.325,4,TRUE
2019,December,25,52,Standard Class,Corporate,United States,Phoenix,Arizona,West,Technology,Machines,269.97,2,-386.957,134.985,-1.433333333,4,FALSE
2020,January,2,1,First Class,Corporate,United States,Jacksonville,North Carolina,South,Technology,Machines,708.7,2,-27.828,354.35,-0.03926626217,1,FALSE
2020,January,7,2,First Class,Corporate,United States,Detroit,Michigan,Central,Technology,Machines,3096.982,2,679.996,1548.491,0.2195673078,1,FALSE
2020,January,21,4,Standard Class,Home Office,United States,Jackson,Michigan,Central,Technology,Machines,361.973,3,152.0883,120.6576667,0.4201647637,1,FALSE
2020,February,2,6,Standard Class,Corporate,United States,San Diego,California,West,Technology,Machines,253.984,2,38.9974,126.992,0.1535427428,1,TRUE
2020,March,13,11,Same Day,Home Office,United States,Chicago,Illinois,Central,Technology,Machines,228.986,2,8.9994,114.493,0.03930109264,1,FALSE
2020,March,28,13,First Class,Corporate,United States,Fairfield,California,West,Technology,Machines,555.72,2,53.272,277.86,0.09586122508,1,FALSE
2020,April,1,14,First Class,Corporate,United States,San Francisco,California,West,Technology,Machines,4823.984,2,359.9988,2411.992,0.07462686443,2,FALSE
2020,April,17,16,Standard Class,Home Office,United States,Louisville,Colorado,West,Technology,Machines,2579.985,5,-3399.98,515.997,-1.317829367,2,FALSE
2020,May,20,21,Standard Class,Home Office,United States,Lakewood,California,West,Technology,Machines,383.2,1,38.61,383.2,0.100756785,2,FALSE
2020,June,3,23,Standard Class,Corporate,United States,New York City,New York,East,Technology,Machines,111.66,6,36.1836,18.61,0.3240515852,2,FALSE
2020,June,11,24,Second Class,Consumer,United States,Seattle,Washington,West,Technology,Machines,420.8,5,130.2075,84.16,0.3094284696,2,FALSE
2020,June,17,25,Standard Class,Home Office,United States,New York City,New York,East,Technology,Machines,3436.5,5,1668.205,687.3,0.4854372181,2,FALSE
2020,July,3,27,Second Class,Corporate,United States,Houston,Texas,Central,Technology,Machines,607.132,3,49.761,202.3773333,0.08196075977,3,FALSE
2020,July,3,27,Same Day,Home Office,United States,Seattle,Washington,West,Technology,Machines,2443.2,6,209.58,407.2,0.08578094303,3,FALSE
2020,August,1,31,Standard Class,Corporate,United States,Austin,Texas,Central,Technology,Machines,1453.982,3,-263.9967,484.6606667,-0.1815680662,3,FALSE
2020,September,14,38,First Class,Consumer,United States,Philadelphia,Pennsylvania,East,Technology,Machines,264.17,2,-168.819,132.085,-0.6390543968,3,FALSE
2020,September,14,38,First Class,Consumer,United States,Philadelphia,Pennsylvania,East,Technology,Machines,99.585,1,-18.0385,99.585,-0.1811367174,3,FALSE
2020,September,17,38,Standard Class,Consumer,United States,Morristown,New Jersey,East,Technology,Machines,494,4,225.6,123.5,0.4566801619,3,FALSE
2020,September,24,39,Standard Class,Corporate,United States,Los Angeles,California,West,Technology,Machines,554.28,3,177.198,184.76,0.3196904092,3,FALSE
2020,September,29,40,Standard Class,Home Office,United States,Pasadena,Texas,Central,Technology,Machines,370.51,3,44.868,123.5033333,0.1210979461,3,FALSE
2020,October,1,40,First Class,Home Office,United States,New York City,New York,East,Technology,Machines,1754.89,11,767.2005,159.5354545,0.4371786836,4,FALSE
2020,October,2,40,Standard Class,Consumer,United States,San Francisco,California,West,Technology,Machines,380.16,11,32.3015,34.56,0.0849681713,4,FALSE
2020,October,5,41,Standard Class,Corporate,United States,New York City,New York,East,Technology,Machines,5234.96,4,1351.9896,1308.74,0.2582616868,4,FALSE
2020,October,16,42,Standard Class,Home Office,United States,Yuma,Arizona,West,Technology,Machines,645.985,5,-479.988,129.197,-0.743032733,4,FALSE
2020,November,4,45,Same Day,Corporate,United States,Burlington,North Carolina,South,Technology,Machines,3009.98,4,-3839.9904,752.495,-1.275752796,4,FALSE
2020,November,10,46,First Class,Corporate,United States,Tucson,Arizona,West,Technology,Machines,132.994,2,-63.996,66.497,-0.4811946404,4,FALSE
2020,November,13,46,First Class,Corporate,United States,Springfield,Ohio,East,Technology,Machines,692.995,7,-935.9595,98.99928571,-1.350600654,4,FALSE
2020,November,16,47,Same Day,Corporate,United States,San Francisco,California,West,Technology,Machines,1931.976,3,215.9973,643.992,0.1118012336,4,FALSE
2020,November,16,47,Standard Class,Home Office,United States,Yonkers,New York,East,Technology,Machines,182.44,4,24.1224,45.61,0.1322210042,4,FALSE
2020,November,21,47,Standard Class,Consumer,United States,Renton,Washington,West,Technology,Machines,1053.992,1,103.9992,1053.992,0.09867171667,4,FALSE
2020,December,4,49,Standard Class,Consumer,United States,Nashville,Tennessee,South,Technology,Machines,665,2,-272.58,332.5,-0.4098947368,4,FALSE
2020,December,24,52,Standard Class,Consumer,United States,Lafayette,Louisiana,South,Technology,Machines,711.97,3,239.985,237.3233333,0.3370717867,4,FALSE
2020,December,25,52,First Class,Consumer,United States,Hialeah,Florida,South,Technology,Machines,434,2,-7.2,217,-0.01658986175,4,FALSE
2019,January,4,1,Standard Class,Corporate,United States,Charlotte,North Carolina,South,Technology,Copiers,959.968,4,119.996,239.992,0.125,1,FALSE
2019,April,7,15,First Class,Corporate,United States,San Francisco,California,West,Technology,Copiers,1199.976,3,374.9925,399.992,0.3125,2,TRUE
2019,May,23,21,Standard Class,Consumer,United States,Philadelphia,Pennsylvania,East,Technology,Copiers,2399.976,4,1119.9968,599.994,0.46667,2,FALSE
2019,May,30,22,First Class,Corporate,United States,Cincinnati,Ohio,East,Technology,Copiers,839.988,2,69.999,419.994,0.08333333333,2,FALSE
2019,July,1,27,First Class,Home Office,United States,Lehi,Utah,West,Technology,Copiers,1499.95,5,449.985,299.99,0.3,3,FALSE
2019,July,7,28,Second Class,Consumer,United States,Los Angeles,California,West,Technology,Copiers,2799.96,5,944.9865,559.992,0.3375,3,TRUE
2019,July,25,30,First Class,Consumer,United States,Columbus,Ohio,East,Technology,Copiers,1439.976,4,191.9968,359.994,0.1333333333,3,FALSE
2019,September,2,36,Standard Class,Consumer,United States,Des Moines,Washington,West,Technology,Copiers,999.98,2,449.991,499.99,0.45,3,FALSE
2019,September,4,36,Same Day,Consumer,United States,San Francisco,California,West,Technology,Copiers,2799.96,5,944.9865,559.992,0.3375,3,FALSE
2019,September,11,37,Standard Class,Consumer,United States,Newport News,Virginia,South,Technology,Copiers,1599.92,8,751.9624,199.99,0.47,3,FALSE
2019,September,25,39,Standard Class,Consumer,United States,Long Beach,California,West,Technology,Copiers,479.976,3,161.9919,159.992,0.3375,3,FALSE
2019,October,2,40,Standard Class,Corporate,United States,Lafayette,Indiana,Central,Technology,Copiers,499.95,5,8399.976,99.99,16.80163216,4,FALSE
2019,October,4,40,Standard Class,Home Office,United States,Providence,Rhode Island,East,Technology,Copiers,5399.91,9,2591.9568,599.99,0.48,4,FALSE
2019,November,14,46,Second Class,Consumer,United States,Philadelphia,Pennsylvania,East,Technology,Copiers,1199.976,4,179.9964,299.994,0.15,4,FALSE
2019,December,6,49,Standard Class,Corporate,United States,Hempstead,New York,East,Technology,Copiers,479.984,2,89.997,239.992,0.1875,4,FALSE
2019,December,23,52,Second Class,Corporate,United States,Warwick,Rhode Island,East,Technology,Copiers,99.96,4,899.982,24.99,9.003421369,4,FALSE
2020,January,22,4,Standard Class,Home Office,United States,Great Falls,Montana,West,Technology,Copiers,3026.95,5,1379.977,605.39,0.4558968599,1,FALSE
2020,March,9,11,Standard Class,Consumer,United States,Los Angeles,California,West,Technology,Copiers,521.984,2,59.998,260.992,0.1149422205,1,FALSE
2020,March,13,11,Same Day,Home Office,United States,Chicago,Illinois,Central,Technology,Copiers,1004.984,2,335.9944,502.492,0.3343281087,1,FALSE
2020,March,23,13,First Class,Consumer,United States,Seattle,Washington,West,Technology,Copiers,3445.96,4,6719.9808,861.49,1.950104122,1,FALSE
2020,March,25,13,First Class,Consumer,United States,Fresno,California,West,Technology,Copiers,527.984,2,59.998,263.992,0.1136360193,1,FALSE
2020,March,26,13,Standard Class,Corporate,United States,Houston,Texas,Central,Technology,Copiers,2412.96,5,569.9905,482.592,0.2362204512,1,FALSE
2020,March,31,14,Second Class,Corporate,United States,Atlanta,Georgia,South,Technology,Copiers,3013.95,5,1439.976,602.79,0.4777703678,1,FALSE
2020,May,8,19,Standard Class,Home Office,United States,Los Angeles,California,West,Technology,Copiers,3409.952,6,1049.985,568.3253333,0.3079178241,2,FALSE
2020,July,17,29,Standard Class,Home Office,United States,Los Angeles,California,West,Technology,Copiers,525.984,2,89.997,262.992,0.1711021628,3,FALSE
2020,July,18,29,Standard Class,Consumer,United States,Philadelphia,Pennsylvania,East,Technology,Copiers,641.97,5,69.9965,128.394,0.1090339112,3,FALSE
2020,July,24,30,Same Day,Corporate,United States,Huntington Beach,California,West,Technology,Copiers,2441.96,5,839.986,488.392,0.3439802454,3,FALSE
2020,August,12,33,Standard Class,Consumer,United States,Seattle,Washington,West,Technology,Copiers,337.99,1,89.997,337.99,0.2662711915,3,FALSE
2020,August,27,35,Second Class,Corporate,United States,Inglewood,California,West,Technology,Copiers,889.984,2,329.994,444.992,0.3707864411,3,FALSE
2020,September,8,37,First Class,Corporate,United States,Arlington,Texas,Central,Technology,Copiers,331.984,2,107.9946,165.992,0.3253006169,3,FALSE
2020,October,22,43,First Class,Home Office,United States,New York City,New York,East,Technology,Copiers,2212.968,4,3919.9888,553.242,1.77137166,4,FALSE
2020,November,3,45,Standard Class,Consumer,United States,Orlando,Florida,South,Technology,Copiers,995.984,2,311.9948,497.992,0.3132528233,4,FALSE
2020,November,16,47,Standard Class,Corporate,United States,Bowling Green,Ohio,East,Technology,Copiers,910.982,3,74.9985,303.6606667,0.08232709318,4,FALSE
2020,November,17,47,Standard Class,Consumer,United States,Newark,Delaware,East,Technology,Copiers,5517.97,3,5039.9856,1839.323333,0.9133767672,4,FALSE
2020,December,8,50,Standard Class,Consumer,United States,San Francisco,California,West,Technology,Copiers,718.976,3,434.9913,239.6586667,0.6050150492,4,FALSE
2020,December,9,50,Second Class,Consumer,United States,Richmond,Kentucky,South,Technology,Copiers,1444.98,2,629.991,722.49,0.4359859652,4,FALSE
2020,December,14,51,Standard Class,Home Office,United States,Lawrence,Massachusetts,East,Technology,Copiers,162.98,2,467.9922,81.49,2.871470119,4,FALSE
2020,December,24,52,First Class,Home Office,United States,Los Angeles,California,West,Technology,Copiers,536.952,6,1007.9832,89.492,1.877231484,4,FALSE
2019,January,1,1,Standard Class,Corporate,United States,Gaithersburg,Maryland,East,Furniture,Bookcases,73.94,1,28.2668,73.94,0.3822937517,1,FALSE
2019,January,2,1,Standard Class,Corporate,United States,Gaithersburg,Maryland,East,Furniture,Bookcases,173.94,3,38.2668,57.98,0.22,1,FALSE
2019,January,8,2,Standard Class,Corporate,United States,Franklin,Wisconsin,Central,Furniture,Bookcases,1565.88,6,407.1288,260.98,0.26,1,FALSE
2019,February,5,6,Same Day,Home Office,United States,Smyrna,Georgia,South,Furniture,Bookcases,239.98,2,52.7956,119.99,0.22,1,FALSE
2019,June,14,24,Same Day,Home Office,United States,Los Angeles,California,West,Furniture,Bookcases,599.165,5,35.245,119.833,0.05882352941,2,FALSE
2019,July,14,29,Second Class,Corporate,United States,New York City,New York,East,Furniture,Bookcases,579.136,4,21.7176,144.784,0.0375,3,TRUE
2019,August,13,33,Second Class,Corporate,United States,West Allis,Wisconsin,Central,Furniture,Bookcases,241.96,2,24.196,120.98,0.1,3,FALSE
2019,August,29,35,Standard Class,Corporate,United States,Philadelphia,Pennsylvania,East,Furniture,Bookcases,163.88,4,-81.94,40.97,-0.5,3,FALSE
2019,September,8,37,Standard Class,Home Office,United States,Malden,Massachusetts,East,Furniture,Bookcases,173.94,3,13.9152,57.98,0.08,3,TRUE
2019,September,16,38,Standard Class,Corporate,United States,San Jose,California,West,Furniture,Bookcases,273.666,2,-12.8784,136.833,-0.04705882353,3,FALSE
2019,September,20,38,Standard Class,Home Office,United States,Seattle,Washington,West,Furniture,Bookcases,163.88,2,40.97,81.94,0.25,3,FALSE
2019,September,25,39,First Class,Corporate,United States,San Francisco,California,West,Furniture,Bookcases,477.666,2,84.294,238.833,0.1764705882,3,FALSE
2019,September,26,39,Standard Class,Corporate,United States,Hesperia,California,West,Furniture,Bookcases,424.9575,5,19.998,84.9915,0.04705882353,3,FALSE
2019,September,27,39,Standard Class,Corporate,United States,Huntsville,Texas,Central,Furniture,Bookcases,956.6648,7,-225.0976,136.6664,-0.2352941176,3,FALSE
2019,October,10,41,First Class,Corporate,United States,Denver,Colorado,West,Furniture,Bookcases,90.882,3,-190.8522,30.294,-2.1,4,FALSE
2019,October,17,42,Standard Class,Home Office,United States,Fresno,California,West,Furniture,Bookcases,120.666,2,21.294,60.333,0.1764705882,4,FALSE
2019,October,21,43,Same Day,Corporate,United States,Manchester,Connecticut,East,Furniture,Bookcases,1043.92,4,271.4192,260.98,0.26,4,FALSE
2019,November,20,47,Second Class,Home Office,United States,Columbus,Ohio,East,Furniture,Bookcases,86.97,3,-48.7032,28.99,-0.56,4,FALSE
2019,November,20,47,Standard Class,Corporate,United States,Orlando,Florida,South,Furniture,Bookcases,289.568,2,10.8588,144.784,0.0375,4,FALSE
2019,November,21,47,Same Day,Home Office,United States,New York City,New York,East,Furniture,Bookcases,113.568,2,12.7764,56.784,0.1125,4,FALSE
2019,November,24,48,Standard Class,Home Office,United States,Hialeah,Florida,South,Furniture,Bookcases,339.92,5,8.498,67.984,0.025,4,TRUE
2019,December,2,49,Second Class,Corporate,United States,Houston,Texas,Central,Furniture,Bookcases,81.864,10,-137.976,8.1864,-1.685429493,4,FALSE
2019,December,5,49,First Class,Corporate,United States,Franklin,Massachusetts,East,Furniture,Bookcases,81.94,1,20.485,81.94,0.25,4,FALSE
2019,December,23,52,First Class,Corporate,United States,Chicago,Illinois,Central,Furniture,Bookcases,141.372,2,-14.1372,70.686,-0.1,4,FALSE
2020,January,13,3,Second Class,Corporate,United States,Springfield,Missouri,Central,Furniture,Bookcases,252.94,3,53.235,84.31333333,0.2104649324,1,FALSE
2020,January,21,4,Standard Class,Home Office,United States,Seattle,Washington,West,Furniture,Bookcases,106.98,1,18.6956,106.98,0.1747578987,1,FALSE
2020,February,10,7,Standard Class,Home Office,United States,Laguna Niguel,California,West,Furniture,Bookcases,226.983,2,16.7986,113.4915,0.07400818564,1,FALSE
2020,February,17,8,First Class,Home Office,United States,Houston,Texas,Central,Furniture,Bookcases,132.0664,1,-17.0274,132.0664,-0.1289305985,1,FALSE
2020,March,2,10,Standard Class,Corporate,United States,Newark,Delaware,East,Furniture,Bookcases,460.96,2,101.6508,230.48,0.2205197848,1,FALSE
2020,March,31,14,Standard Class,Corporate,United States,Amarillo,Texas,Central,Furniture,Bookcases,242.3328,2,-36.2352,121.1664,-0.1495266014,1,FALSE
2020,April,1,14,First Class,Corporate,United States,San Francisco,California,West,Furniture,Bookcases,527.664,8,85.176,65.958,0.1614209042,2,FALSE
2020,April,14,16,Standard Class,Corporate,United States,Fayetteville,North Carolina,South,Furniture,Bookcases,210.272,8,-32.2192,26.284,-0.1532262974,2,FALSE
2020,April,23,17,Standard Class,Home Office,United States,Clarksville,Tennessee,South,Furniture,Bookcases,415.136,4,-14.5176,103.784,-0.03497070839,2,FALSE
2020,April,27,18,Standard Class,Corporate,United States,Fort Worth,Texas,Central,Furniture,Bookcases,269.2656,4,-42.1096,67.3164,-0.1563868537,2,FALSE
2020,May,6,19,Standard Class,Corporate,United States,Fort Worth,Texas,Central,Furniture,Bookcases,650.4648,7,-119.1918,92.92354286,-0.1832409686,2,FALSE
2020,May,11,20,First Class,Corporate,United States,Phoenix,Arizona,West,Furniture,Bookcases,233.979,7,-356.9643,33.42557143,-1.525625377,2,FALSE
2020,May,18,21,First Class,Corporate,United States,Sandy Springs,Georgia,South,Furniture,Bookcases,350.94,3,75.735,116.98,0.2158061207,2,FALSE
2020,May,28,22,Standard Class,Corporate,United States,Cleveland,Ohio,East,Furniture,Bookcases,156.96,4,-64.9376,39.24,-0.4137206932,2,FALSE
2020,June,8,24,First Class,Home Office,United States,Los Angeles,California,West,Furniture,Bookcases,1510.666,2,140.9568,755.333,0.09330771991,2,FALSE
2020,June,10,24,First Class,Home Office,United States,Los Angeles,California,West,Furniture,Bookcases,535.165,5,-30.245,107.033,-0.05651528033,2,FALSE
2020,June,29,27,First Class,Corporate,United States,Milford,Connecticut,East,Furniture,Bookcases,672.82,9,185.2578,74.75777778,0.2753452632,2,FALSE
2020,July,17,29,Second Class,Corporate,United States,Apple Valley,California,West,Furniture,Bookcases,1222.165,5,210.735,244.433,0.1724276182,3,FALSE
2020,September,4,36,First Class,Corporate,United States,Chicago,Illinois,Central,Furniture,Bookcases,843.174,9,-117.882,93.686,-0.1398074419,3,FALSE
2020,September,17,38,Second Class,Corporate,United States,Provo,Utah,West,Furniture,Bookcases,1319.94,3,77.5764,439.98,0.05877267149,3,FALSE
2020,September,19,38,Standard Class,Corporate,United States,Springfield,Oregon,West,Furniture,Bookcases,111.588,2,-128.2388,55.794,-1.149216762,3,FALSE
2020,September,22,39,Second Class,Home Office,United States,Lansing,Michigan,Central,Furniture,Bookcases,252.96,2,41.1332,126.48,0.1626075269,3,FALSE
2020,October,27,44,First Class,Corporate,United States,San Francisco,California,West,Furniture,Bookcases,569.665,5,6.549,113.933,0.01149623024,4,FALSE
2020,November,13,46,Standard Class,Corporate,United States,Dallas,Texas,Central,Furniture,Bookcases,221.9992,3,-27.2646,73.99973333,-0.1228139561,4,FALSE
2020,December,2,49,Standard Class,Corporate,United States,Denver,Colorado,West,Furniture,Bookcases,281.352,8,-363.528,35.169,-1.292075407,4,FALSE
2020,December,9,50,Second Class,Home Office,United States,Salinas,California,West,Furniture,Bookcases,164.257,3,15.6978,54.75233333,0.0955685298,4,FALSE
2020,December,13,51,Standard Class,Corporate,United States,New York City,New York,East,Furniture,Bookcases,241.976,3,7.1994,80.65866667,0.02975253744,4,TRUE
2020,December,22,52,Second Class,Corporate,United States,Providence,Rhode Island,East,Furniture,Bookcases,375.98,1,50.8254,375.98,0.1351811267,4,FALSE
2019,January,22,4,Standard Class,Consumer,United States,Fayetteville,North Carolina,South,Furniture,Bookcases,451.136,4,-67.6704,112.784,-0.15,1,FALSE
2019,January,30,5,Second Class,Consumer,United States,Seattle,Washington,West,Furniture,Bookcases,48.58,1,7.7728,48.58,0.16,1,FALSE
2019,March,10,11,Standard Class,Consumer,United States,Long Beach,New York,East,Furniture,Bookcases,176.784,1,-22.098,176.784,-0.125,1,TRUE
2019,March,14,11,First Class,Consumer,United States,Harlingen,Texas,Central,Furniture,Bookcases,241.332,5,-14.196,48.2664,-0.05882352941,1,FALSE
2019,March,19,12,Second Class,Consumer,United States,Littleton,Colorado,West,Furniture,Bookcases,72.294,1,-98.8018,72.294,-1.366666667,1,FALSE
2019,March,24,13,Second Class,Consumer,United States,Cleveland,Ohio,East,Furniture,Bookcases,301.47,3,-241.176,100.49,-0.8,1,TRUE
2019,March,29,13,Standard Class,Consumer,United States,Springfield,Ohio,East,Furniture,Bookcases,299.975,5,-167.986,59.995,-0.56,1,FALSE
2019,April,8,15,Standard Class,Consumer,United States,New York City,New York,East,Furniture,Bookcases,388.704,6,-4.8588,64.784,-0.0125,2,FALSE
2019,April,8,15,First Class,Consumer,United States,Columbus,Georgia,South,Furniture,Bookcases,354.9,5,88.725,70.98,0.25,2,FALSE
2019,April,9,15,Standard Class,Consumer,United States,Los Angeles,California,West,Furniture,Bookcases,556.665,5,6.549,111.333,0.01176470588,2,FALSE
2019,April,17,16,Standard Class,Consumer,United States,Lakewood,California,West,Furniture,Bookcases,257.499,3,24.2352,85.833,0.09411764706,2,FALSE
2019,June,4,23,Same Day,Consumer,United States,New York City,New York,East,Furniture,Bookcases,136.784,1,5.1294,136.784,0.0375,2,FALSE
2019,June,17,25,First Class,Consumer,United States,Los Angeles,California,West,Furniture,Bookcases,239.666,2,14.098,119.833,0.05882352941,2,FALSE
2019,June,21,25,Standard Class,Consumer,United States,New York City,New York,East,Furniture,Bookcases,353.568,2,-44.196,176.784,-0.125,2,FALSE
2019,June,30,27,Second Class,Consumer,United States,Sandy Springs,Georgia,South,Furniture,Bookcases,1266.86,7,291.3778,180.98,0.23,2,TRUE
2019,July,4,27,First Class,Consumer,United States,San Francisco,California,West,Furniture,Bookcases,1279.165,5,225.735,255.833,0.1764705882,3,FALSE
2019,July,19,29,Standard Class,Consumer,United States,Hattiesburg,Mississippi,South,Furniture,Bookcases,504.9,5,126.225,100.98,0.25,3,FALSE
2019,July,28,31,First Class,Consumer,United States,Bethlehem,Pennsylvania,East,Furniture,Bookcases,177.45,5,-78.078,35.49,-0.44,3,TRUE
2019,August,28,35,First Class,Consumer,United States,Dallas,Texas,Central,Furniture,Bookcases,156.3728,2,-52.8908,78.1864,-0.3382352941,3,FALSE
2019,September,3,36,Second Class,Consumer,United States,Baltimore,Maryland,East,Furniture,Bookcases,344.94,3,31.0446,114.98,0.09,3,FALSE
2019,September,3,36,Standard Class,Consumer,United States,Chicago,Illinois,Central,Furniture,Bookcases,198.744,4,0,49.686,0,3,FALSE
2019,September,6,36,Second Class,Consumer,United States,New York City,New York,East,Furniture,Bookcases,722.352,3,90.294,240.784,0.125,3,FALSE
2019,September,8,37,Second Class,Consumer,United States,Houston,Texas,Central,Furniture,Bookcases,2396.2656,4,-317.1528,599.0664,-0.1323529412,3,TRUE
2019,September,30,40,Standard Class,Consumer,United States,New York City,New York,East,Furniture,Bookcases,523.92,5,-26.196,104.784,-0.05,3,FALSE
2019,October,17,42,First Class,Consumer,United States,Perth Amboy,New Jersey,East,Furniture,Bookcases,120.98,1,12.098,120.98,0.1,4,FALSE
2019,November,5,45,Standard Class,Consumer,United States,Houston,Texas,Central,Furniture,Bookcases,956.6648,7,-225.0976,136.6664,-0.2352941176,4,FALSE
2019,November,8,45,Second Class,Consumer,United States,Henderson,Kentucky,South,Furniture,Bookcases,261.96,2,41.9136,130.98,0.16,4,FALSE
2019,November,10,46,First Class,Consumer,United States,Oklahoma City,Oklahoma,Central,Furniture,Bookcases,341.96,2,54.7136,170.98,0.16,4,TRUE
2019,November,26,48,Standard Class,Consumer,United States,Los Angeles,California,West,Furniture,Bookcases,3406.664,8,160.3136,425.833,0.04705882353,4,FALSE
2019,December,3,49,Standard Class,Consumer,United States,Morgan Hill,California,West,Furniture,Bookcases,205.666,2,-12.098,102.833,-0.05882352941,4,FALSE
2019,December,8,50,Standard Class,Consumer,United States,Eau Claire,Wisconsin,Central,Furniture,Bookcases,405.86,7,32.4688,57.98,0.08,4,TRUE
2020,February,6,6,Standard Class,Consumer,United States,New York City,New York,East,Furniture,Bookcases,256.784,1,30.098,256.784,0.1172113527,1,FALSE
2020,February,6,6,First Class,Consumer,United States,Arlington,Virginia,South,Furniture,Bookcases,371.97,3,79.1934,123.99,0.2129026534,1,FALSE
2020,February,25,9,Standard Class,Consumer,United States,Greenville,North Carolina,South,Furniture,Bookcases,245.92,5,5.798,49.184,0.02357677293,1,FALSE
2020,March,26,13,First Class,Consumer,United States,New York City,New York,East,Furniture,Bookcases,280.568,2,-28.9764,140.284,-0.1032776368,1,FALSE
2020,March,27,13,Standard Class,Consumer,United States,Houston,Texas,Central,Furniture,Bookcases,1058.332,5,-30.098,211.6664,-0.02843909095,1,FALSE
2020,April,14,16,Standard Class,Consumer,United States,New York City,New York,East,Furniture,Bookcases,280.352,3,9.0882,93.45066667,0.03241710421,2,FALSE
2020,April,16,16,Standard Class,Consumer,United States,San Jose,California,West,Furniture,Bookcases,128.833,1,-6.049,128.833,-0.04695225602,2,FALSE
2020,April,25,17,Second Class,Consumer,United States,Los Angeles,California,West,Furniture,Bookcases,367.981,7,28.4102,52.56871429,0.07720561659,2,FALSE
2020,May,1,18,First Class,Consumer,United States,Coral Springs,Florida,South,Furniture,Bookcases,335.352,3,-15.7176,111.784,-0.04686896157,2,FALSE
2020,May,5,19,First Class,Consumer,United States,Louisville,Colorado,West,Furniture,Bookcases,136.991,3,-152.9847,45.66366667,-1.116750005,2,FALSE
2020,May,19,21,Standard Class,Consumer,United States,Atlanta,Georgia,South,Furniture,Bookcases,1652.82,9,374.6286,183.6466667,0.2266602534,2,FALSE
2020,May,30,22,Second Class,Consumer,United States,Dallas,Texas,Central,Furniture,Bookcases,221.6664,1,-6.0196,221.6664,-0.02715612289,2,FALSE
2020,May,30,22,First Class,Consumer,United States,Lafayette,Louisiana,South,Furniture,Bookcases,276.96,2,33.8744,138.48,0.1223079145,2,FALSE
2020,June,3,23,Standard Class,Consumer,United States,Pembroke Pines,Florida,South,Furniture,Bookcases,276.568,2,0,138.284,0,2,FALSE
2020,June,11,24,Second Class,Consumer,United States,Seattle,Washington,West,Furniture,Bookcases,195.42,3,41.8608,65.14,0.2142093951,2,FALSE
2020,June,15,25,Standard Class,Consumer,United States,Monroe,North Carolina,South,Furniture,Bookcases,119.728,2,-3.8864,59.864,-0.03246024322,2,FALSE
2020,June,18,25,Standard Class,Consumer,United States,Los Angeles,California,West,Furniture,Bookcases,965.9235,9,75.5937,107.3248333,0.07826054548,2,FALSE
2020,June,25,26,Second Class,Consumer,United States,New York City,New York,East,Furniture,Bookcases,417.784,1,-5.0098,417.784,-0.01199136396,2,FALSE
2020,June,29,27,First Class,Consumer,United States,Dallas,Texas,Central,Furniture,Bookcases,424.9992,3,-96.4704,141.6664,-0.2269896037,2,FALSE
2020,June,30,27,Second Class,Consumer,United States,Los Angeles,California,West,Furniture,Bookcases,484.999,3,5.1294,161.6663333,0.01057610428,2,FALSE
2020,July,7,28,First Class,Consumer,United States,Philadelphia,Pennsylvania,East,Furniture,Bookcases,124.21,3,-45.3492,41.40333333,-0.3651010386,3,FALSE
2020,July,21,30,Standard Class,Consumer,United States,Salem,Virginia,South,Furniture,Bookcases,325.94,3,69.6762,108.6466667,0.213770019,3,FALSE
2020,July,29,31,Standard Class,Consumer,United States,Seattle,Washington,West,Furniture,Bookcases,149.96,2,25.5112,74.98,0.170120032,3,FALSE
2020,August,3,32,First Class,Consumer,United States,Chicago,Illinois,Central,Furniture,Bookcases,216.372,2,-36.6744,108.186,-0.1694969774,3,FALSE
2020,August,6,32,Second Class,Consumer,United States,Lafayette,Louisiana,South,Furniture,Bookcases,190.74,3,23.3184,63.58,0.1222522806,3,FALSE
2020,August,25,35,Standard Class,Consumer,United States,Philadelphia,Pennsylvania,East,Furniture,Bookcases,165.98,2,-89.0664,82.99,-0.53660923,3,FALSE
2020,September,3,36,Second Class,Consumer,United States,Concord,California,West,Furniture,Bookcases,274.666,2,14.098,137.333,0.05132779448,3,FALSE
2020,September,15,38,Second Class,Consumer,United States,Everett,Massachusetts,East,Furniture,Bookcases,801.94,3,203.5644,267.3133333,0.2538399381,3,FALSE
2020,September,23,39,Standard Class,Consumer,United States,Fort Collins,Colorado,West,Furniture,Bookcases,229.588,2,-240.784,114.794,-1.048765615,3,FALSE
2020,October,2,40,Standard Class,Consumer,United States,Springfield,Oregon,West,Furniture,Bookcases,252.764,6,-384.7164,42.12733333,-1.522037948,4,FALSE
2020,October,7,41,Standard Class,Consumer,United States,San Francisco,California,West,Furniture,Bookcases,350.666,2,-14.4784,175.333,-0.04128829142,4,FALSE
2020,October,9,41,Standard Class,Consumer,United States,New York City,New York,East,Furniture,Bookcases,351.352,3,-15.7176,117.1173333,-0.04473462511,4,FALSE
2020,October,12,42,Standard Class,Consumer,United States,Lakewood,New Jersey,East,Furniture,Bookcases,2185.9,5,129.294,437.18,0.05914909191,4,FALSE
2020,October,19,43,Standard Class,Consumer,United States,Waco,Texas,Central,Furniture,Bookcases,364.3992,3,-91.7586,121.4664,-0.2518079074,4,FALSE
2020,October,30,44,First Class,Consumer,United States,Seattle,Washington,West,Furniture,Bookcases,232.98,2,37.9962,116.49,0.1630878187,4,FALSE
2020,November,17,47,Standard Class,Consumer,United States,Brownsville,Texas,Central,Furniture,Bookcases,342.7328,2,-14.4588,171.3664,-0.04218679975,4,FALSE
2020,November,20,47,First Class,Consumer,United States,New York City,New York,East,Furniture,Bookcases,226.968,2,-25.2956,113.484,-0.1114500723,4,FALSE
2020,November,24,48,Standard Class,Consumer,United States,New York City,New York,East,Furniture,Bookcases,371.568,2,-16.0784,185.784,-0.04327175645,4,FALSE
2020,November,25,48,Standard Class,Consumer,United States,San Francisco,California,West,Furniture,Bookcases,387.499,3,-29.6058,129.1663333,-0.07640226168,4,FALSE
2020,November,25,48,Standard Class,Consumer,United States,Fort Lauderdale,Florida,South,Furniture,Bookcases,768.92,5,-81.441,153.784,-0.1059160901,4,FALSE
2020,December,1,49,Standard Class,Consumer,United States,Seattle,Washington,West,Furniture,Bookcases,153.96,2,41.1684,76.98,0.2673967264,4,FALSE
2020,December,8,50,Standard Class,Consumer,United States,Madison,Wisconsin,Central,Furniture,Bookcases,500.92,4,41.3928,125.23,0.08263355426,4,FALSE
2020,December,8,50,Standard Class,Consumer,United States,San Francisco,California,West,Furniture,Bookcases,359.829,13,31.4548,27.67915385,0.08741596703,4,FALSE
2020,December,18,51,Second Class,Consumer,United States,Encinitas,California,West,Furniture,Bookcases,363.833,1,-12.6882,363.833,-0.03487369205,4,FALSE
2020,December,19,51,Standard Class,Consumer,United States,Parker,Colorado,West,Furniture,Bookcases,363.018,7,-183.6324,51.85971429,-0.5058492967,4,FALSE
2020,December,25,52,Standard Class,Consumer,United States,New York City,New York,East,Furniture,Bookcases,408.984,2,4.7996,204.492,0.01173542241,4,FALSE
2020,December,28,53,Standard Class,Consumer,United States,Round Rock,Texas,Central,Furniture,Bookcases,188.8528,2,-11.596,94.4264,-0.06140231969,4,FALSE
2020,December,30,53,Standard Class,Consumer,United States,New York City,New York,East,Furniture,Bookcases,213.136,4,12.1176,53.284,0.0568538398,4,FALSE
2019,January,3,1,Standard Class,Corporate,United States,Broken Arrow,Oklahoma,Central,Furniture,Tables,1592.85,7,350.427,227.55,0.22,1,FALSE
2019,January,15,3,Same Day,Consumer,United States,Fairfield,Connecticut,East,Furniture,Tables,181.797,1,-15.5826,181.797,-0.08571428571,1,FALSE
2019,January,25,4,Second Class,Corporate,United States,New York City,New York,East,Furniture,Tables,313.722,3,-99.3453,104.574,-0.3166666667,1,FALSE
2019,January,30,5,Standard Class,Consumer,United States,Rockford,Illinois,Central,Furniture,Tables,626.1,3,-538.446,208.7,-0.86,1,FALSE
2019,February,5,6,Standard Class,Consumer,United States,San Diego,California,West,Furniture,Tables,557.728,4,6.9716,139.432,0.0125,1,FALSE
2019,February,14,7,First Class,Consumer,United States,Clinton,Maryland,East,Furniture,Tables,550.431,3,-47.1798,183.477,-0.08571428571,1,FALSE
2019,March,1,9,Standard Class,Consumer,United States,Yonkers,New York,East,Furniture,Tables,836.592,8,-264.9208,104.574,-0.3166666667,1,FALSE
2019,March,3,10,Standard Class,Consumer,United States,San Antonio,Texas,Central,Furniture,Tables,637.896,3,-127.5792,212.632,-0.2,1,TRUE
2019,March,6,10,Standard Class,Consumer,United States,Chicago,Illinois,Central,Furniture,Tables,145.98,2,-99.2664,72.99,-0.68,1,FALSE
2019,March,11,11,Standard Class,Consumer,United States,Vineland,New Jersey,East,Furniture,Tables,244.006,2,-31.3722,122.003,-0.1285714286,1,FALSE
2019,March,13,11,Standard Class,Consumer,United States,San Antonio,Texas,Central,Furniture,Tables,557.585,5,0,111.517,0,1,FALSE
2019,March,18,12,Second Class,Consumer,United States,Memphis,Tennessee,South,Furniture,Tables,189.882,3,-94.941,63.294,-0.5,1,FALSE
2019,March,20,12,Standard Class,Home Office,United States,Saint Peters,Missouri,Central,Furniture,Tables,697.16,4,146.4036,174.29,0.21,1,FALSE
2019,March,21,12,Standard Class,Corporate,United States,Houston,Texas,Central,Furniture,Tables,99.372,2,-1.4196,49.686,-0.01428571429,1,FALSE
2019,April,12,15,Standard Class,Consumer,United States,Springfield,Virginia,South,Furniture,Tables,343.92,4,75.6624,85.98,0.22,2,FALSE
2019,April,19,16,Standard Class,Home Office,United States,Columbus,Ohio,East,Furniture,Tables,205.176,2,-58.1332,102.588,-0.2833333333,2,FALSE
2019,April,22,17,Standard Class,Home Office,United States,Phoenix,Arizona,West,Furniture,Tables,1272.63,6,-814.4832,212.105,-0.64,2,FALSE
2019,May,1,18,First Class,Consumer,United States,Memphis,Tennessee,South,Furniture,Tables,370.62,3,-142.071,123.54,-0.3833333333,2,FALSE
2019,May,5,19,First Class,Consumer,United States,Encinitas,California,West,Furniture,Tables,298.776,3,7.4694,99.592,0.025,2,TRUE
2019,May,5,19,Second Class,Consumer,United States,San Francisco,California,West,Furniture,Tables,71.088,2,-1.7772,35.544,-0.025,2,TRUE
2019,May,5,19,First Class,Corporate,United States,Henderson,Nevada,West,Furniture,Tables,1685.88,6,320.3172,280.98,0.19,2,TRUE
2019,May,22,21,Standard Class,Consumer,United States,Passaic,New Jersey,East,Furniture,Tables,174.286,2,-19.9184,87.143,-0.1142857143,2,FALSE
2019,May,30,22,Standard Class,Corporate,United States,Springfield,Virginia,South,Furniture,Tables,2275.5,10,386.835,227.55,0.17,2,FALSE
2019,June,3,23,Second Class,Corporate,United States,Los Angeles,California,West,Furniture,Tables,71.088,2,-1.7772,35.544,-0.025,2,FALSE
2019,June,4,23,Second Class,Consumer,United States,Chicago,Illinois,Central,Furniture,Tables,177.225,5,-120.513,35.445,-0.68,2,FALSE
2019,June,9,24,Standard Class,Home Office,United States,Minneapolis,Minnesota,Central,Furniture,Tables,692.94,3,173.235,230.98,0.25,2,TRUE
2019,June,10,24,Standard Class,Consumer,United States,Los Angeles,California,West,Furniture,Tables,1335.68,4,-217.048,333.92,-0.1625,2,FALSE
2019,June,11,24,Standard Class,Consumer,United States,Los Angeles,California,West,Furniture,Tables,902.712,3,33.8517,300.904,0.0375,2,FALSE
2019,June,14,24,Same Day,Corporate,United States,Anaheim,California,West,Furniture,Tables,1293.488,7,80.843,184.784,0.0625,2,FALSE
2019,June,14,24,Standard Class,Corporate,United States,Philadelphia,Pennsylvania,East,Furniture,Tables,337.176,2,-118.0116,168.588,-0.35,2,FALSE
2019,June,14,24,Standard Class,Corporate,United States,Seattle,Washington,West,Furniture,Tables,1115.17,7,334.551,159.31,0.3,2,FALSE
2019,June,17,25,Standard Class,Corporate,United States,Rochester,New York,East,Furniture,Tables,376.866,3,-213.5574,125.622,-0.5666666667,2,FALSE
2019,July,25,30,Standard Class,Consumer,United States,Jackson,Mississippi,South,Furniture,Tables,2430.08,8,388.8128,303.76,0.16,3,FALSE
2019,July,31,31,Standard Class,Corporate,United States,San Francisco,California,West,Furniture,Tables,863.128,7,-32.3673,123.304,-0.0375,3,FALSE
2019,August,2,31,Second Class,Corporate,United States,Los Angeles,California,West,Furniture,Tables,136.464,2,15.3522,68.232,0.1125,3,FALSE
2019,August,8,32,Standard Class,Home Office,United States,Los Angeles,California,West,Furniture,Tables,513.024,2,12.8256,256.512,0.025,3,FALSE
2019,August,12,33,Standard Class,Corporate,United States,Lakeland,Florida,South,Furniture,Tables,562.2925,7,-255.5875,80.3275,-0.4545454545,3,FALSE
2019,August,12,33,Second Class,Consumer,United States,New York City,New York,East,Furniture,Tables,209.148,2,-66.2302,104.574,-0.3166666667,3,FALSE
2019,August,16,33,First Class,Corporate,United States,Los Angeles,California,West,Furniture,Tables,161.28,2,12.096,80.64,0.075,3,FALSE
2019,August,21,34,Second Class,Home Office,United States,Philadelphia,Pennsylvania,East,Furniture,Tables,815.292,9,-339.705,90.588,-0.4166666667,3,FALSE
2019,August,21,34,Standard Class,Corporate,United States,Los Angeles,California,West,Furniture,Tables,2887.056,9,180.441,320.784,0.0625,3,FALSE
2019,August,26,35,Standard Class,Consumer,United States,Detroit,Michigan,Central,Furniture,Tables,447.84,4,98.5248,111.96,0.22,3,FALSE
2019,August,27,35,Second Class,Consumer,United States,Quincy,Massachusetts,East,Furniture,Tables,244.615,1,20.967,244.615,0.08571428571,3,FALSE
2019,August,29,35,Standard Class,Corporate,United States,Philadelphia,Pennsylvania,East,Furniture,Tables,241.92,4,-56.448,60.48,-0.2333333333,3,FALSE
2019,September,2,36,Standard Class,Consumer,United States,Charlotte,North Carolina,South,Furniture,Tables,472.518,3,-149.6307,157.506,-0.3166666667,3,FALSE
2019,September,2,36,Standard Class,Consumer,United States,Los Angeles,California,West,Furniture,Tables,568.728,3,28.4364,189.576,0.05,3,FALSE
2019,September,5,36,Standard Class,Consumer,United States,Chesapeake,Virginia,South,Furniture,Tables,1652.94,3,314.0586,550.98,0.19,3,FALSE
2019,September,8,37,Standard Class,Consumer,United States,Wheeling,Illinois,Central,Furniture,Tables,601.47,3,-300.735,200.49,-0.5,3,TRUE
2019,September,8,37,Same Day,Consumer,United States,Santa Ana,California,West,Furniture,Tables,146.04,1,-12.7785,146.04,-0.0875,3,TRUE
2019,September,10,37,Second Class,Consumer,United States,Houston,Texas,Central,Furniture,Tables,300.93,5,-34.392,60.186,-0.1142857143,3,FALSE
2019,September,15,38,Standard Class,Corporate,United States,Twin Falls,Idaho,West,Furniture,Tables,1128.39,3,259.5297,376.13,0.23,3,TRUE
2019,September,18,38,Standard Class,Corporate,United States,Jacksonville,Florida,South,Furniture,Tables,383.438,4,-167.3184,95.8595,-0.4363636364,3,FALSE
2019,September,25,39,Standard Class,Consumer,United States,Phoenix,Arizona,West,Furniture,Tables,393.165,3,-204.4458,131.055,-0.52,3,FALSE
2019,October,1,40,Standard Class,Consumer,United States,New York City,New York,East,Furniture,Tables,330.588,1,-115.7058,330.588,-0.35,4,FALSE
2019,October,4,40,Standard Class,Consumer,United States,Baltimore,Maryland,East,Furniture,Tables,239.372,2,-23.9372,119.686,-0.1,4,FALSE
2019,October,13,42,Standard Class,Corporate,United States,Aurora,Colorado,West,Furniture,Tables,727.45,5,-465.568,145.49,-0.64,4,TRUE
2019,October,16,42,Standard Class,Corporate,United States,New York City,New York,East,Furniture,Tables,142.182,1,-37.9152,142.182,-0.2666666667,4,FALSE
2019,October,21,43,Standard Class,Corporate,United States,Lakewood,Ohio,East,Furniture,Tables,661.176,2,-231.4116,330.588,-0.35,4,FALSE
2019,November,3,45,Second Class,Consumer,United States,Henderson,Kentucky,South,Furniture,Tables,842.94,3,160.1586,280.98,0.19,4,TRUE
2019,November,4,45,Second Class,Corporate,United States,Charlotte,North Carolina,South,Furniture,Tables,876.3,10,-292.1,87.63,-0.3333333333,4,FALSE
2019,November,5,45,Standard Class,Consumer,United States,Houston,Texas,Central,Furniture,Tables,863.128,8,-160.2952,107.891,-0.1857142857,4,FALSE
2019,November,11,46,Standard Class,Corporate,United States,Noblesville,Indiana,Central,Furniture,Tables,2678.94,6,241.1046,446.49,0.09,4,FALSE
2019,November,12,46,First Class,Home Office,United States,San Diego,California,West,Furniture,Tables,674.352,3,-8.4294,224.784,-0.0125,4,FALSE
2019,November,15,46,Same Day,Corporate,United States,Burlington,North Carolina,South,Furniture,Tables,630.024,4,-199.5076,157.506,-0.3166666667,4,FALSE
2019,November,25,48,Standard Class,Corporate,United States,Jackson,Michigan,Central,Furniture,Tables,1568.61,9,329.4081,174.29,0.21,4,FALSE
2019,November,26,48,Second Class,Corporate,United States,New York City,New York,East,Furniture,Tables,313.176,2,-120.0508,156.588,-0.3833333333,4,FALSE
2019,November,27,48,Standard Class,Consumer,United States,Fort Lauderdale,Florida,South,Furniture,Tables,331.023,7,-114.3534,47.289,-0.3454545455,4,FALSE
2019,December,1,49,Second Class,Consumer,United States,Franklin,Massachusetts,East,Furniture,Tables,366.009,3,-47.0583,122.003,-0.1285714286,4,TRUE
2019,December,3,49,Standard Class,Consumer,United States,Richmond,Indiana,Central,Furniture,Tables,581.96,2,104.7528,290.98,0.18,4,FALSE
2019,December,3,49,First Class,Consumer,United States,Oceanside,New York,East,Furniture,Tables,400.032,2,-153.3456,200.016,-0.3833333333,4,FALSE
2019,December,3,49,Standard Class,Consumer,United States,Morgan Hill,California,West,Furniture,Tables,268.704,3,6.7176,89.568,0.025,4,FALSE
2019,December,8,50,Standard Class,Corporate,United States,San Francisco,California,West,Furniture,Tables,1421.664,6,-195.4788,236.944,-0.1375,4,TRUE
2019,December,9,50,First Class,Consumer,United States,Springfield,Virginia,South,Furniture,Tables,1056.86,7,158.529,150.98,0.15,4,FALSE
2019,December,9,50,Second Class,Corporate,United States,Franklin,Tennessee,South,Furniture,Tables,79.974,3,-29.3238,26.658,-0.3666666667,4,FALSE
2019,December,11,50,Same Day,Consumer,United States,Anaheim,California,West,Furniture,Tables,892.136,7,111.517,127.448,0.125,4,FALSE
2019,December,11,50,Same Day,Corporate,United States,Columbus,Ohio,East,Furniture,Tables,328.59,3,-147.8655,109.53,-0.45,4,FALSE
2019,December,13,50,Standard Class,Corporate,United States,Torrance,California,West,Furniture,Tables,1114.272,4,41.7852,278.568,0.0375,4,FALSE
2019,December,15,51,Standard Class,Corporate,United States,Detroit,Michigan,Central,Furniture,Tables,1652.94,3,231.4116,550.98,0.14,4,TRUE
2019,December,15,51,Standard Class,Home Office,United States,Springfield,Oregon,West,Furniture,Tables,564.195,3,-304.6653,188.065,-0.54,4,TRUE
2019,December,17,51,Standard Class,Consumer,United States,San Francisco,California,West,Furniture,Tables,1003.52,6,-325.572,167.2533333,-0.3244300064,4,FALSE
2019,December,18,51,First Class,Home Office,United States,Salem,Oregon,West,Furniture,Tables,377.45,5,-264.215,75.49,-0.7,4,FALSE
2019,December,19,51,Standard Class,Corporate,United States,Tucson,Arizona,West,Furniture,Tables,455.97,6,-218.8656,75.995,-0.48,4,FALSE
2019,December,25,52,Standard Class,Consumer,United States,Seattle,Washington,West,Furniture,Tables,1747.25,5,629.01,349.45,0.36,4,FALSE
2019,December,25,52,Standard Class,Corporate,United States,New York City,New York,East,Furniture,Tables,313.176,2,-120.0508,156.588,-0.3833333333,4,FALSE
2019,December,25,52,Standard Class,Corporate,United States,Phoenix,Arizona,West,Furniture,Tables,35.445,1,-24.1026,35.445,-0.68,4,FALSE
2019,December,26,52,Standard Class,Corporate,United States,Los Angeles,California,West,Furniture,Tables,902.712,3,33.8517,300.904,0.0375,4,FALSE
2020,January,2,1,Second Class,Consumer,United States,El Paso,Texas,Central,Furniture,Tables,953.43,5,-169.637,190.686,-0.177922868,1,FALSE
2020,January,8,2,First Class,Corporate,United States,Seattle,Washington,West,Furniture,Tables,930.98,2,80.3682,465.49,0.0863264517,1,FALSE
2020,January,16,3,Same Day,Corporate,United States,Los Angeles,California,West,Furniture,Tables,436.672,7,-14.9877,62.38171429,-0.03432255789,1,FALSE
2020,January,23,4,First Class,Corporate,United States,Detroit,Michigan,Central,Furniture,Tables,237.98,2,21.098,118.99,0.08865450878,1,FALSE
2020,January,30,5,Standard Class,Consumer,United States,Aurora,Illinois,Central,Furniture,Tables,100.375,1,-47.175,100.375,-0.4699875467,1,FALSE
2020,February,17,8,First Class,Home Office,United States,Troy,Ohio,East,Furniture,Tables,504.97,5,-106.393,100.994,-0.2106917243,1,FALSE
2020,February,17,8,Standard Class,Home Office,United States,Chicago,Illinois,Central,Furniture,Tables,524.96,3,-269.3376,174.9866667,-0.5130630905,1,FALSE
2020,February,20,8,Standard Class,Home Office,United States,Gilbert,Arizona,West,Furniture,Tables,427.91,9,-185.7168,47.54555556,-0.4340090206,1,FALSE
2020,March,3,10,Standard Class,Corporate,United States,Los Angeles,California,West,Furniture,Tables,426.672,7,-14.9877,60.95314286,-0.03512698279,1,FALSE
2020,March,10,11,Standard Class,Consumer,United States,Dallas,Texas,Central,Furniture,Tables,948.408,4,-173.3472,237.102,-0.1827770327,1,FALSE
2020,March,11,11,Standard Class,Home Office,United States,Philadelphia,Pennsylvania,East,Furniture,Tables,167.764,3,-46.4292,55.92133333,-0.2767530579,1,FALSE
2020,March,19,12,Second Class,Consumer,United States,Fresno,California,West,Furniture,Tables,737.16,5,8.7145,147.432,0.0118217212,1,FALSE
2020,March,27,13,Second Class,Consumer,United States,Richmond,Virginia,South,Furniture,Tables,332.1,2,58.42,166.05,0.1759108702,1,FALSE
2020,April,2,14,First Class,Home Office,United States,Columbus,Georgia,South,Furniture,Tables,439.8,2,70.006,219.9,0.1591768986,2,FALSE
2020,April,7,15,Standard Class,Home Office,United States,Tampa,Florida,South,Furniture,Tables,255.86,2,-102.048,127.93,-0.3988431173,2,FALSE
2020,April,7,15,Standard Class,Home Office,United States,Tampa,Florida,South,Furniture,Tables,648.6145,3,-248.2458,216.2048333,-0.3827324243,2,FALSE
2020,April,29,18,Second Class,Corporate,United States,Dublin,Ohio,East,Furniture,Tables,1088.35,5,-69.89,217.67,-0.06421647448,2,FALSE
2020,May,1,18,Standard Class,Consumer,United States,Jacksonville,Florida,South,Furniture,Tables,952.262,4,-458.1468,238.0655,-0.4811142312,2,FALSE
2020,May,3,19,Standard Class,Corporate,United States,Philadelphia,Pennsylvania,East,Furniture,Tables,394.47,5,-112.041,78.894,-0.2840292037,2,TRUE
2020,May,4,19,Standard Class,Corporate,United States,San Francisco,California,West,Furniture,Tables,329.904,1,11.2839,329.904,0.0342035865,2,FALSE
2020,May,9,19,First Class,Home Office,United States,Seattle,Washington,West,Furniture,Tables,300.85,1,63.107,300.85,0.20976234,2,FALSE
2020,May,12,20,Standard Class,Corporate,United States,San Francisco,California,West,Furniture,Tables,306.48,5,-10.7055,61.296,-0.03493050117,2,FALSE
2020,May,23,21,Standard Class,Consumer,United States,Los Angeles,California,West,Furniture,Tables,220.288,3,-6.4233,73.42933333,-0.02915864686,2,FALSE
2020,June,3,23,Standard Class,Corporate,United States,New York City,New York,East,Furniture,Tables,400.768,2,-115.4304,200.384,-0.2880229958,2,FALSE
2020,June,9,24,Standard Class,Home Office,United States,Chicago,Illinois,Central,Furniture,Tables,155.925,1,-71.8905,155.925,-0.4610582011,2,FALSE
2020,June,12,24,Standard Class,Home Office,United States,Columbus,Georgia,South,Furniture,Tables,469.94,3,67.941,156.6466667,0.1445737754,2,FALSE
2020,June,15,25,Standard Class,Corporate,United States,Nashville,Tennessee,South,Furniture,Tables,130.96,2,-28.224,65.48,-0.2155161881,2,FALSE
2020,June,19,25,Standard Class,Home Office,United States,Dallas,Texas,Central,Furniture,Tables,471.485,3,-84.9615,157.1616667,-0.1801997943,2,FALSE
2020,June,25,26,Second Class,Consumer,United States,Seattle,Washington,West,Furniture,Tables,917.4,4,148.138,229.35,0.1614759102,2,FALSE
2020,June,29,27,First Class,Consumer,United States,Dallas,Texas,Central,Furniture,Tables,329.314,3,-39.5118,109.7713333,-0.1199821447,2,FALSE
2020,June,30,27,Same Day,Consumer,United States,New York City,New York,East,Furniture,Tables,1063.63,5,-295.9785,212.726,-0.2782720495,2,FALSE
2020,July,3,27,Second Class,Home Office,United States,Lancaster,Ohio,East,Furniture,Tables,236.148,2,-103.9882,118.074,-0.4403518133,3,FALSE
2020,July,15,29,Standard Class,Consumer,United States,Wilmington,Delaware,East,Furniture,Tables,341.443,3,-48.7839,113.8143333,-0.1428756776,3,FALSE
2020,July,15,29,First Class,Corporate,United States,Suffolk,Virginia,South,Furniture,Tables,901.94,3,157.1292,300.6466667,0.1742124753,3,FALSE
2020,July,18,29,Standard Class,Consumer,United States,Phoenix,Arizona,West,Furniture,Tables,830.6,5,-448.896,166.12,-0.540447869,3,FALSE
2020,July,21,30,Standard Class,Consumer,United States,Pharr,Texas,Central,Furniture,Tables,148.404,4,-21.3264,37.101,-0.1437050214,3,FALSE
2020,July,25,30,Second Class,Consumer,United States,Philadelphia,Pennsylvania,East,Furniture,Tables,180.588,1,-34.647,180.588,-0.1918566018,3,FALSE
2020,July,25,30,First Class,Home Office,United States,Dallas,Texas,Central,Furniture,Tables,337.116,6,-4.2588,56.186,-0.01263304026,3,FALSE
2020,August,14,33,Standard Class,Consumer,United States,Los Angeles,California,West,Furniture,Tables,450.296,3,5.2287,150.0986667,0.01161169542,3,FALSE
2020,August,21,34,First Class,Consumer,United States,Oakland,California,West,Furniture,Tables,590.728,3,28.4364,196.9093333,0.04813789087,3,FALSE
2020,August,22,34,First Class,Consumer,United States,San Francisco,California,West,Furniture,Tables,258.008,1,2.6251,258.008,0.01017449071,3,FALSE
2020,August,22,34,First Class,Home Office,United States,Philadelphia,Pennsylvania,East,Furniture,Tables,362.532,2,-83.8752,181.266,-0.2313594386,3,FALSE
2020,August,27,35,Standard Class,Corporate,United States,Franklin,Massachusetts,East,Furniture,Tables,1505.424,7,-297.6848,215.0605714,-0.1977415001,3,FALSE
2020,August,28,35,Standard Class,Home Office,United States,Seattle,Washington,West,Furniture,Tables,1176.75,5,250.305,235.35,0.2127087317,3,FALSE
2020,September,1,36,Same Day,Corporate,United States,Seattle,Washington,West,Furniture,Tables,321.56,4,45.3696,80.39,0.1410921756,3,FALSE
2020,September,2,36,Standard Class,Consumer,United States,Los Angeles,California,West,Furniture,Tables,265.528,2,-2.9566,132.764,-0.01113479558,3,FALSE
2020,September,2,36,Standard Class,Corporate,United States,New York City,New York,East,Furniture,Tables,303.526,1,-93.3262,303.526,-0.3074734949,3,FALSE
2020,September,4,36,Second Class,Corporate,United States,Los Angeles,California,West,Furniture,Tables,1334.352,3,-99.1764,444.784,-0.07432551531,3,FALSE
2020,September,4,36,Second Class,Consumer,United States,San Francisco,California,West,Furniture,Tables,1511.272,8,92.392,188.909,0.0611352556,3,FALSE
2020,September,8,37,Second Class,Consumer,United States,Chicago,Illinois,Central,Furniture,Tables,780.625,7,-566.5625,111.5178571,-0.7257806245,3,FALSE
2020,September,11,37,Standard Class,Consumer,United States,Houston,Texas,Central,Furniture,Tables,527.19,5,-65.853,105.438,-0.1249132191,3,FALSE
2020,September,15,38,Second Class,Home Office,United States,San Francisco,California,West,Furniture,Tables,335.904,1,11.2839,335.904,0.03359263361,3,FALSE
2020,September,29,40,Same Day,Home Office,United States,Mentor,Ohio,East,Furniture,Tables,372.22,2,-189.321,186.11,-0.5086266187,3,FALSE
2020,October,2,40,First Class,Home Office,United States,Knoxville,Tennessee,South,Furniture,Tables,2335.116,7,-1002.7836,333.588,-0.4294363107,4,FALSE
2020,October,3,40,Standard Class,Corporate,United States,Pasadena,California,West,Furniture,Tables,221.288,3,-6.4233,73.76266667,-0.029026879,4,FALSE
2020,October,5,41,Standard Class,Corporate,United States,Chico,California,West,Furniture,Tables,236.352,3,5.1588,78.784,0.02182676686,4,FALSE
2020,October,7,41,Standard Class,Home Office,United States,Charlotte,North Carolina,South,Furniture,Tables,200.764,3,-36.1116,66.92133333,-0.1798708932,4,FALSE
2020,October,9,41,Standard Class,Corporate,United States,Aurora,Illinois,Central,Furniture,Tables,690.45,5,-430.617,138.09,-0.6236758636,4,FALSE
2020,October,9,41,Standard Class,Corporate,United States,Aurora,Illinois,Central,Furniture,Tables,157.645,3,-42.6528,52.54833333,-0.2705623394,4,FALSE
2020,October,12,42,Same Day,Consumer,United States,Wheeling,West Virginia,East,Furniture,Tables,699.344,3,-76.9536,233.1146667,-0.1100368345,4,FALSE
2020,October,13,42,First Class,Consumer,United States,Lafayette,Louisiana,South,Furniture,Tables,1551.52,4,346.0396,387.88,0.223032639,4,FALSE
2020,October,15,42,First Class,Corporate,United States,Los Angeles,California,West,Furniture,Tables,560.24,3,6.378,186.7466667,0.01138440668,4,FALSE
2020,October,16,42,Standard Class,Corporate,United States,Columbia,Tennessee,South,Furniture,Tables,1924.258,7,-968.8833,274.894,-0.5035100802,4,FALSE
2020,October,19,43,Standard Class,Consumer,United States,Chicago,Illinois,Central,Furniture,Tables,105.275,1,-67.5435,105.275,-0.641591071,4,FALSE
2020,October,19,43,Second Class,Corporate,United States,San Francisco,California,West,Furniture,Tables,131.368,2,-3.3506,65.684,-0.02550545034,4,FALSE
2020,October,20,43,Standard Class,Corporate,United States,Akron,Ohio,East,Furniture,Tables,317.364,2,-75.8304,158.682,-0.2389382539,4,FALSE
2020,October,21,43,Same Day,Home Office,United States,Muskogee,Oklahoma,Central,Furniture,Tables,307.11,1,62.9064,307.11,0.2048334473,4,FALSE
2020,October,22,43,Standard Class,Corporate,United States,Redmond,Oregon,West,Furniture,Tables,195.225,5,-120.513,39.045,-0.6173031118,4,FALSE
2020,October,22,43,Same Day,Consumer,United States,Lawton,Oklahoma,Central,Furniture,Tables,293.98,2,54.7756,146.99,0.1863242397,4,FALSE
2020,October,23,43,First Class,Corporate,United States,Cranston,Rhode Island,East,Furniture,Tables,251.744,4,-13.7568,62.936,-0.05464598958,4,FALSE
2020,October,23,43,First Class,Corporate,United States,Cranston,Rhode Island,East,Furniture,Tables,668.896,3,-127.5792,222.9653333,-0.1907309956,4,FALSE
2020,October,24,43,First Class,Consumer,United States,Mansfield,Texas,Central,Furniture,Tables,531.405,5,-81.3065,106.281,-0.1530028886,4,FALSE
2020,October,26,44,Standard Class,Consumer,United States,Virginia Beach,Virginia,South,Furniture,Tables,382.85,5,60.6645,76.57,0.1584550085,4,FALSE
2020,October,27,44,First Class,Corporate,United States,Los Angeles,California,West,Furniture,Tables,238.576,1,9.4788,238.576,0.0397307357,4,FALSE
2020,October,30,44,Same Day,Consumer,United States,Dallas,Texas,Central,Furniture,Tables,296.006,2,-68.1302,148.003,-0.2301649291,4,FALSE
2020,November,1,45,Second Class,Consumer,United States,Bellingham,Washington,West,Furniture,Tables,2694.62,9,239.9058,299.4022222,0.08903140331,4,TRUE
2020,November,3,45,Standard Class,Consumer,United States,Bakersfield,California,West,Furniture,Tables,502.368,4,36.4776,125.592,0.07261131282,4,FALSE
2020,November,3,45,First Class,Home Office,United States,San Diego,California,West,Furniture,Tables,1716.184,12,20.9148,143.0153333,0.01218680514,4,FALSE
2020,November,4,45,First Class,Corporate,United States,Greensboro,North Carolina,South,Furniture,Tables,539.764,3,-192.0468,179.9213333,-0.355797719,4,FALSE
2020,November,5,45,Second Class,Consumer,United States,New York City,New York,East,Furniture,Tables,209.5,2,-66.6,104.75,-0.3178997613,4,FALSE
2020,November,6,45,Standard Class,Home Office,United States,Seattle,Washington,West,Furniture,Tables,2077.86,7,366.6348,296.8371429,0.1764482689,4,FALSE
2020,November,7,45,Standard Class,Consumer,United States,Philadelphia,Pennsylvania,East,Furniture,Tables,377.352,4,-140.1408,94.338,-0.3713795077,4,FALSE
2020,November,19,47,Same Day,Home Office,United States,New York City,New York,East,Furniture,Tables,127.974,3,-29.3238,42.658,-0.2291387313,4,FALSE
2020,November,19,47,Standard Class,Consumer,United States,Chicago,Illinois,Central,Furniture,Tables,249.075,3,-131.445,83.025,-0.5277326107,4,FALSE
2020,November,19,47,First Class,Corporate,United States,San Antonio,Texas,Central,Furniture,Tables,760.116,6,-71.8116,126.686,-0.09447452757,4,FALSE
2020,November,21,47,Standard Class,Consumer,United States,Spokane,Washington,West,Furniture,Tables,173.98,1,20.5842,173.98,0.1183135993,4,FALSE
2020,November,23,48,First Class,Corporate,United States,Dallas,Texas,Central,Furniture,Tables,162.785,1,-31.0335,162.785,-0.1906410296,4,FALSE
2020,November,24,48,Same Day,Consumer,United States,Los Angeles,California,West,Furniture,Tables,396.08,2,9.102,198.04,0.02298020602,4,FALSE
2020,November,24,48,Same Day,Consumer,United States,Los Angeles,California,West,Furniture,Tables,163.088,2,-1.7772,81.544,-0.01089718434,4,FALSE
2020,November,26,48,Standard Class,Home Office,United States,Richmond,Indiana,Central,Furniture,Tables,280.94,3,67.0644,93.64666667,0.2387143162,4,FALSE
2020,November,28,48,Standard Class,Home Office,United States,Philadelphia,Pennsylvania,East,Furniture,Tables,115.32,12,-619.596,9.61,-5.372840791,4,FALSE
2020,November,30,49,Standard Class,Consumer,United States,Burlington,North Carolina,South,Furniture,Tables,1805.682,7,-653.2834,257.9545714,-0.3617931618,4,FALSE
2020,December,3,49,Second Class,Home Office,United States,Seattle,Washington,West,Furniture,Tables,547.96,2,88.7332,273.98,0.1619337178,4,FALSE
2020,December,8,50,Standard Class,Consumer,United States,San Francisco,California,West,Furniture,Tables,822.024,7,-112.9527,117.432,-0.1374080319,4,FALSE
2020,December,9,50,Second Class,Home Office,United States,Los Angeles,California,West,Furniture,Tables,908.328,9,22.4082,100.9253333,0.02466972283,4,FALSE
2020,December,10,50,Second Class,Consumer,United States,North Las Vegas,Nevada,West,Furniture,Tables,904.6,4,116.872,226.15,0.1291974353,4,FALSE
2020,December,11,50,Standard Class,Corporate,United States,Jacksonville,Florida,South,Furniture,Tables,271.875,6,-420,45.3125,-1.544827586,4,FALSE
2020,December,14,51,Standard Class,Home Office,United States,Lawrence,Massachusetts,East,Furniture,Tables,239.582,2,-52.6582,119.791,-0.219791971,4,FALSE
2020,December,14,51,Standard Class,Consumer,United States,Plano,Texas,Central,Furniture,Tables,287.988,4,-97.4988,71.997,-0.3385516063,4,FALSE
2020,December,22,52,Second Class,Consumer,United States,Mesa,Arizona,West,Furniture,Tables,466.55,2,-135.087,233.275,-0.289544529,4,FALSE
2020,December,22,52,First Class,Consumer,United States,Detroit,Michigan,Central,Furniture,Tables,118.8,2,70.006,59.4,0.5892760943,4,FALSE
2020,December,22,52,Standard Class,Consumer,United States,Rochester,Minnesota,Central,Furniture,Tables,463.52,2,97.2032,231.76,0.209706593,4,FALSE
2020,December,22,52,Standard Class,Consumer,United States,Jackson,Tennessee,South,Furniture,Tables,510.956,6,-249.3216,85.15933333,-0.487951213,4,FALSE
2020,December,25,52,Standard Class,Consumer,United States,Fairfield,Ohio,East,Furniture,Tables,591.06,2,-104.673,295.53,-0.1770936961,4,FALSE
2019,January,30,5,Second Class,Consumer,United States,Seattle,Washington,West,Furniture,Chairs,435.168,4,-59.8356,108.792,-0.1375,1,FALSE
2019,March,3,10,First Class,Corporate,United States,Odessa,Texas,Central,Furniture,Chairs,563.43,5,-56.343,112.686,-0.1,1,TRUE
2019,March,9,10,First Class,Consumer,United States,Andover,Massachusetts,East,Furniture,Chairs,354.9,5,88.725,70.98,0.25,1,FALSE
2019,March,13,11,Second Class,Corporate,United States,Philadelphia,Pennsylvania,East,Furniture,Chairs,386.68,2,-5.524,193.34,-0.01428571429,1,FALSE
2019,March,14,11,First Class,Corporate,United States,Seattle,Washington,West,Furniture,Chairs,196.784,2,-22.1382,98.392,-0.1125,1,FALSE
2019,March,22,12,Same Day,Consumer,United States,Seattle,Washington,West,Furniture,Chairs,167.888,7,14.6902,23.984,0.0875,1,FALSE
2019,March,29,13,Second Class,Home Office,United States,Chicago,Illinois,Central,Furniture,Chairs,844.116,6,-36.1764,140.686,-0.04285714286,1,FALSE
2019,April,2,14,Second Class,Corporate,United States,Milwaukee,Wisconsin,Central,Furniture,Chairs,1454.9,5,378.274,290.98,0.26,2,FALSE
2019,April,14,16,Same Day,Consumer,United States,Glendale,Arizona,West,Furniture,Chairs,933.536,4,105.0228,233.384,0.1125,2,TRUE
2019,May,26,22,Same Day,Consumer,United States,Fort Worth,Texas,Central,Furniture,Chairs,388.43,5,-88.784,77.686,-0.2285714286,2,TRUE
2019,May,27,22,Second Class,Corporate,United States,Detroit,Michigan,Central,Furniture,Chairs,3504.9,5,700.98,700.98,0.2,2,FALSE
2019,June,12,24,Second Class,Home Office,United States,Houston,Texas,Central,Furniture,Chairs,379.372,2,-119.2312,189.686,-0.3142857143,2,FALSE
2019,June,17,25,First Class,Consumer,United States,Troy,New York,East,Furniture,Chairs,319.41,5,7.098,63.882,0.02222222222,2,FALSE
2019,June,17,25,First Class,Consumer,United States,Longmont,Colorado,West,Furniture,Chairs,483.136,4,54.3528,120.784,0.1125,2,FALSE
2019,June,25,26,Second Class,Consumer,United States,Houston,Texas,Central,Furniture,Chairs,85.246,2,-6.089,42.623,-0.07142857143,2,FALSE
2019,June,28,26,Second Class,Consumer,United States,Paterson,New Jersey,East,Furniture,Chairs,121.96,2,20.7332,60.98,0.17,2,FALSE
2019,July,2,27,First Class,Corporate,United States,Huntsville,Texas,Central,Furniture,Chairs,528.43,5,0,105.686,0,3,FALSE
2019,July,7,28,Second Class,Corporate,United States,Aurora,Illinois,Central,Furniture,Chairs,253.372,2,-14.4784,126.686,-0.05714285714,3,TRUE
2019,July,24,30,Second Class,Corporate,United States,New York City,New York,East,Furniture,Chairs,253.764,2,31.0156,126.882,0.1222222222,3,FALSE
2019,July,25,30,Second Class,Corporate,United States,Milwaukee,Wisconsin,Central,Furniture,Chairs,403.56,4,96.8544,100.89,0.24,3,FALSE
2019,August,15,33,Second Class,Consumer,United States,Fayetteville,North Carolina,South,Furniture,Chairs,225.296,2,22.5296,112.648,0.1,3,FALSE
2019,August,26,35,First Class,Corporate,United States,Pasadena,Texas,Central,Furniture,Chairs,1024.716,6,-29.2776,170.786,-0.02857142857,3,FALSE
2019,August,30,35,First Class,Consumer,United States,Philadelphia,Pennsylvania,East,Furniture,Chairs,786.744,4,-258.5016,196.686,-0.3285714286,3,FALSE
2019,September,2,36,Second Class,Consumer,United States,Des Moines,Washington,West,Furniture,Chairs,215.976,3,-2.6997,71.992,-0.0125,3,FALSE
2019,September,5,36,Second Class,Consumer,United States,Detroit,Michigan,Central,Furniture,Chairs,242.94,3,29.1528,80.98,0.12,3,FALSE
2019,September,12,37,Second Class,Corporate,United States,Arvada,Colorado,West,Furniture,Chairs,466.768,2,52.5114,233.384,0.1125,3,FALSE
2019,September,12,37,Same Day,Home Office,United States,Louisville,Colorado,West,Furniture,Chairs,83.136,4,5.196,20.784,0.0625,3,FALSE
2019,September,16,38,First Class,Home Office,United States,Columbus,Georgia,South,Furniture,Chairs,121.78,2,30.445,60.89,0.25,3,FALSE
2019,September,18,38,First Class,Consumer,United States,Columbus,Ohio,East,Furniture,Chairs,99.372,2,-7.098,49.686,-0.07142857143,3,FALSE
2019,September,19,38,Same Day,Home Office,United States,Aurora,Illinois,Central,Furniture,Chairs,701.372,2,-50.098,350.686,-0.07142857143,3,FALSE
2019,September,19,38,First Class,Home Office,United States,Providence,Rhode Island,East,Furniture,Chairs,872.32,4,244.2496,218.08,0.28,3,FALSE
2019,September,23,39,Second Class,Consumer,United States,Columbus,Georgia,South,Furniture,Chairs,368.97,3,81.1734,122.99,0.22,3,FALSE
2019,October,10,41,First Class,Corporate,United States,Denver,Colorado,West,Furniture,Chairs,120.784,1,13.5882,120.784,0.1125,4,FALSE
2019,October,20,43,Second Class,Consumer,United States,Houston,Texas,Central,Furniture,Chairs,56.686,1,-14.5764,56.686,-0.2571428571,4,TRUE
2019,October,27,44,Second Class,Consumer,United States,Hampton,Virginia,South,Furniture,Chairs,290.98,1,75.6548,290.98,0.26,4,TRUE
2019,November,4,45,Second Class,Corporate,United States,Eugene,Oregon,West,Furniture,Chairs,104.784,1,-14.4078,104.784,-0.1375,4,FALSE
2019,November,4,45,Second Class,Corporate,United States,Eugene,Oregon,West,Furniture,Chairs,650.352,3,-97.5528,216.784,-0.15,4,FALSE
2019,November,6,45,First Class,Corporate,United States,Jacksonville,Florida,South,Furniture,Chairs,207.984,2,-28.5978,103.992,-0.1375,4,FALSE
2019,November,8,45,Second Class,Consumer,United States,Henderson,Kentucky,South,Furniture,Chairs,731.94,3,219.582,243.98,0.3,4,FALSE
2019,November,14,46,First Class,Consumer,United States,New York City,New York,East,Furniture,Chairs,408.006,2,72.5344,204.003,0.1777777778,4,FALSE
2019,November,14,46,Second Class,Consumer,United States,Philadelphia,Pennsylvania,East,Furniture,Chairs,380.058,3,-21.7176,126.686,-0.05714285714,4,FALSE
2019,November,18,47,Second Class,Consumer,United States,Taylor,Michigan,Central,Furniture,Chairs,301.96,2,33.2156,150.98,0.11,4,FALSE
2019,November,28,48,Second Class,Corporate,United States,Marietta,Georgia,South,Furniture,Chairs,182.67,3,52.9743,60.89,0.29,4,FALSE
2019,December,1,49,Second Class,Consumer,United States,Fairfield,Connecticut,East,Furniture,Chairs,751.92,4,150.384,187.98,0.2,4,TRUE
2019,December,1,49,Second Class,Consumer,United States,San Angelo,Texas,Central,Furniture,Chairs,248.43,5,-17.745,49.686,-0.07142857143,4,TRUE
2019,December,1,49,Second Class,Consumer,United States,San Angelo,Texas,Central,Furniture,Chairs,85.246,2,-1.2178,42.623,-0.01428571429,4,TRUE
2019,December,3,49,First Class,Consumer,United States,Oceanside,New York,East,Furniture,Chairs,542.646,3,102.4998,180.882,0.1888888889,4,FALSE
2019,December,10,50,Same Day,Consumer,United States,Greenwood,Indiana,Central,Furniture,Chairs,1424.9,5,356.225,284.98,0.25,4,FALSE
2019,December,11,50,Same Day,Corporate,United States,Columbus,Ohio,East,Furniture,Chairs,458.43,5,-137.529,91.686,-0.3,4,FALSE
2019,December,11,50,First Class,Home Office,United States,Portland,Oregon,West,Furniture,Chairs,403.92,5,25.245,80.784,0.0625,4,FALSE
2019,December,18,51,First Class,Home Office,United States,Omaha,Nebraska,Central,Furniture,Chairs,563.94,3,112.788,187.98,0.2,4,FALSE
2019,December,30,53,First Class,Consumer,United States,Lancaster,Pennsylvania,East,Furniture,Chairs,170.786,1,0,170.786,0,4,FALSE
2020,January,16,3,Second Class,Consumer,United States,Jackson,Michigan,Central,Furniture,Chairs,340.67,3,72.6408,113.5566667,0.2132292248,1,FALSE
2020,January,19,4,Second Class,Consumer,United States,Philadelphia,Pennsylvania,East,Furniture,Chairs,914.271,3,-63.3765,304.757,-0.06931916248,1,TRUE
2020,January,20,4,Second Class,Corporate,United States,New York City,New York,East,Furniture,Chairs,240.846,3,2.3094,80.282,0.009588699833,1,FALSE
2020,February,11,7,Second Class,Corporate,United States,Seattle,Washington,West,Furniture,Chairs,986.136,4,108.3528,246.534,0.1098761226,1,FALSE
2020,February,17,8,First Class,Home Office,United States,Troy,Ohio,East,Furniture,Chairs,938.43,5,-12.849,187.686,-0.01369201752,1,FALSE
2020,March,13,11,Same Day,Home Office,United States,Chicago,Illinois,Central,Furniture,Chairs,139.768,1,-2.5648,139.768,-0.01835040925,1,FALSE
2020,March,24,13,First Class,Corporate,United States,New York City,New York,East,Furniture,Chairs,235.846,3,2.3094,78.61533333,0.009791982904,1,FALSE
2020,April,1,14,Second Class,Corporate,United States,Jacksonville,Florida,South,Furniture,Chairs,234.352,3,-19.1058,78.11733333,-0.08152608043,2,FALSE
2020,April,21,17,First Class,Consumer,United States,Baltimore,Maryland,East,Furniture,Chairs,938.82,9,227.205,104.3133333,0.2420112482,2,FALSE
2020,May,9,19,First Class,Corporate,United States,Jacksonville,North Carolina,South,Furniture,Chairs,240,3,25.875,80,0.1078125,2,FALSE
2020,May,14,20,First Class,Corporate,United States,Baltimore,Maryland,East,Furniture,Chairs,298.96,2,23.5764,149.48,0.07886138614,2,FALSE
2020,May,14,20,First Class,Consumer,United States,Houston,Texas,Central,Furniture,Chairs,911.43,5,-12.849,182.286,-0.01409762681,2,FALSE
2020,May,19,21,Second Class,Corporate,United States,Knoxville,Tennessee,South,Furniture,Chairs,325.352,3,-35.3646,108.4506667,-0.1086964273,2,FALSE
2020,May,28,22,Second Class,Corporate,United States,Chicago,Illinois,Central,Furniture,Chairs,117.869,3,-29.0073,39.28966667,-0.2460977865,2,FALSE
2020,May,28,22,Second Class,Consumer,United States,Columbia,South Carolina,South,Furniture,Chairs,323.96,2,33.2156,161.98,0.102529942,2,FALSE
2020,June,1,23,Second Class,Corporate,United States,Indianapolis,Indiana,Central,Furniture,Chairs,1956.88,6,539.2464,326.1466667,0.2755643678,2,FALSE
2020,June,11,24,First Class,Home Office,United States,Peoria,Arizona,West,Furniture,Chairs,308.792,1,35.099,308.792,0.1136655095,2,FALSE
2020,June,13,24,First Class,Home Office,United States,Chicago,Illinois,Central,Furniture,Chairs,520.302,7,-87.3418,74.32885714,-0.1678675077,2,FALSE
2020,June,16,25,Second Class,Consumer,United States,Florence,Kentucky,South,Furniture,Chairs,344.96,2,90.588,172.48,0.2626043599,2,FALSE
2020,June,19,25,Second Class,Corporate,United States,Newark,Ohio,East,Furniture,Chairs,783.116,6,-43.4352,130.5193333,-0.05546457996,2,FALSE
2020,June,24,26,Second Class,Consumer,United States,New York City,New York,East,Furniture,Chairs,190.764,2,32.6332,95.382,0.1710658195,2,FALSE
2020,June,30,27,Second Class,Home Office,United States,Chicago,Illinois,Central,Furniture,Chairs,579.058,3,-178.8468,193.0193333,-0.30885818,2,FALSE
2020,July,6,28,Same Day,Consumer,United States,Miami,Florida,South,Furniture,Chairs,288.24,1,23.924,288.24,0.08300027755,3,FALSE
2020,July,15,29,Second Class,Consumer,United States,New York City,New York,East,Furniture,Chairs,699.146,6,88.5528,116.5243333,0.1266585234,3,FALSE
2020,July,16,29,Second Class,Consumer,United States,Philadelphia,Pennsylvania,East,Furniture,Chairs,114.372,2,-1.0196,57.186,-0.008914769349,3,FALSE
2020,July,27,31,Second Class,Consumer,United States,Raleigh,North Carolina,South,Furniture,Chairs,224.848,4,12.178,56.212,0.05416103323,3,FALSE
2020,August,12,33,Same Day,Corporate,United States,Columbia,Maryland,East,Furniture,Chairs,1810.9,5,373.779,362.18,0.2064051024,3,FALSE
2020,August,17,34,First Class,Corporate,United States,Watertown,New York,East,Furniture,Chairs,482.564,2,97.6524,241.282,0.202361552,3,FALSE
2020,August,17,34,Second Class,Consumer,United States,Philadelphia,Pennsylvania,East,Furniture,Chairs,4439.174,9,-630.882,493.2415556,-0.1421169794,3,FALSE
2020,August,21,34,Second Class,Corporate,United States,Seattle,Washington,West,Furniture,Chairs,435.704,6,38.8704,72.61733333,0.08921286011,3,FALSE
2020,August,21,34,Second Class,Consumer,United States,Jackson,Mississippi,South,Furniture,Chairs,896.4,4,225.264,224.1,0.2512985274,3,FALSE
2020,August,31,36,Second Class,Corporate,United States,Spokane,Washington,West,Furniture,Chairs,599.568,2,7.1196,299.784,0.01187454968,3,FALSE
2020,September,1,36,Same Day,Consumer,United States,Detroit,Michigan,Central,Furniture,Chairs,519.26,7,134.5302,74.18,0.2590806147,3,FALSE
2020,September,2,36,Same Day,Home Office,United States,Seattle,Washington,West,Furniture,Chairs,236.976,3,-2.6997,78.992,-0.01139229289,3,FALSE
2020,September,3,36,Second Class,Home Office,United States,New York City,New York,East,Furniture,Chairs,105.801,1,14.1246,105.801,0.1335015737,3,FALSE
2020,September,3,36,Second Class,Home Office,United States,New York City,New York,East,Furniture,Chairs,193.764,2,-8.0784,96.882,-0.04169195516,3,FALSE
2020,September,8,37,First Class,Corporate,United States,Arlington,Texas,Central,Furniture,Chairs,224.43,5,-39.637,44.886,-0.1766118612,3,FALSE
2020,September,11,37,Same Day,Consumer,United States,Seattle,Washington,West,Furniture,Chairs,209.568,2,8.8784,104.784,0.0423652466,3,FALSE
2020,September,14,38,First Class,Consumer,United States,Philadelphia,Pennsylvania,East,Furniture,Chairs,155.372,2,-29.1528,77.686,-0.1876322632,3,FALSE
2020,September,14,38,First Class,Home Office,United States,New York City,New York,East,Furniture,Chairs,624.41,5,-6.549,124.882,-0.01048830096,3,FALSE
2020,September,17,38,Second Class,Home Office,United States,Houston,Texas,Central,Furniture,Chairs,348.43,5,-77.333,69.686,-0.2219470195,3,FALSE
2020,September,17,38,Second Class,Home Office,United States,Roswell,Georgia,South,Furniture,Chairs,771.92,4,188.2192,192.98,0.2438325215,3,FALSE
2020,September,24,39,First Class,Consumer,United States,Chicago,Illinois,Central,Furniture,Chairs,563.464,2,-14.8704,281.732,-0.02639103829,3,FALSE
2020,September,29,40,Same Day,Home Office,United States,Mentor,Ohio,East,Furniture,Chairs,100.686,1,-15.4666,100.686,-0.1536122202,3,FALSE
2020,October,9,41,Second Class,Consumer,United States,League City,Texas,Central,Furniture,Chairs,272.058,3,-32.6646,90.686,-0.1200648391,4,FALSE
2020,October,21,43,First Class,Corporate,United States,Springfield,Oregon,West,Furniture,Chairs,496.48,2,47.848,248.24,0.09637447631,4,FALSE
2020,October,22,43,Second Class,Consumer,United States,Fort Collins,Colorado,West,Furniture,Chairs,629.136,4,-28.9568,157.284,-0.04602629638,4,FALSE
2020,October,30,44,First Class,Consumer,United States,Seattle,Washington,West,Furniture,Chairs,109.568,2,-6.098,54.784,-0.05565493575,4,FALSE
2020,October,30,44,First Class,Consumer,United States,Seattle,Washington,West,Furniture,Chairs,624.272,8,-23.0352,78.034,-0.0368993003,4,FALSE
2020,October,30,44,First Class,Home Office,United States,Richmond,Kentucky,South,Furniture,Chairs,133.94,1,9.1638,133.94,0.06841720173,4,FALSE
2020,November,2,45,Second Class,Home Office,United States,Springfield,Ohio,East,Furniture,Chairs,199.372,2,-35.5136,99.686,-0.1781273198,4,FALSE
2020,November,2,45,Second Class,Corporate,United States,Henderson,Kentucky,South,Furniture,Chairs,1020.92,4,292.776,255.23,0.2867766328,4,FALSE
2020,November,5,45,Second Class,Consumer,United States,New York City,New York,East,Furniture,Chairs,166.124,2,24.2012,83.062,0.1456815391,4,FALSE
2020,November,7,45,Second Class,Corporate,United States,Clinton,Maryland,East,Furniture,Chairs,285.97,3,43.6752,95.32333333,0.1527265098,4,FALSE
2020,November,10,46,First Class,Corporate,United States,Tucson,Arizona,West,Furniture,Chairs,931.136,4,-146.1096,232.784,-0.1569154237,4,FALSE
2020,November,12,46,Same Day,Home Office,United States,Glendale,Arizona,West,Furniture,Chairs,132.888,2,9.9652,66.444,0.07498946481,4,FALSE
2020,November,19,47,First Class,Consumer,United States,Houston,Texas,Central,Furniture,Chairs,234.058,3,-46.3998,78.01933333,-0.198240607,4,FALSE
2020,November,25,48,Second Class,Corporate,United States,Louisville,Kentucky,South,Furniture,Chairs,714.96,2,168.4704,357.48,0.2356361195,4,FALSE
2020,November,30,49,First Class,Consumer,United States,Philadelphia,Pennsylvania,East,Furniture,Chairs,1129.316,6,-15.4188,188.2193333,-0.01365322018,4,FALSE
2020,November,30,49,Second Class,Home Office,United States,New York City,New York,East,Furniture,Chairs,1263.9,5,262.39,252.78,0.2076034496,4,FALSE
2020,December,2,49,First Class,Consumer,United States,Salem,Virginia,South,Furniture,Chairs,723.96,2,168.4704,361.98,0.2327067794,4,FALSE
2020,December,4,49,Same Day,Corporate,United States,Philadelphia,Pennsylvania,East,Furniture,Chairs,213.552,7,-2.6936,30.50742857,-0.01261332135,4,FALSE
2020,December,11,50,Same Day,Consumer,United States,Aurora,Illinois,Central,Furniture,Chairs,775.464,2,-14.8704,387.732,-0.01917613197,4,FALSE
2020,December,22,52,First Class,Consumer,United States,Detroit,Michigan,Central,Furniture,Chairs,155.69,7,412.5394,22.24142857,2.64974886,4,FALSE
2020,December,25,52,Second Class,Consumer,United States,Louisville,Kentucky,South,Furniture,Chairs,583.45,5,76.1125,116.69,0.1304524809,4,FALSE
2020,December,29,53,Second Class,Consumer,United States,Louisville,Kentucky,South,Furniture,Chairs,184.75,3,77.625,61.58333333,0.4201623816,4,FALSE
2020,December,29,53,Second Class,Consumer,United States,Louisville,Kentucky,South,Furniture,Chairs,351.98,1,87.2842,351.98,0.2479805671,4,FALSE
2020,December,29,53,Second Class,Consumer,United States,Louisville,Kentucky,South,Furniture,Chairs,460.84,8,314.0384,57.605,0.681447791,4,FALSE
2019,February,3,6,Standard Class,Consumer,United States,Richmond,Kentucky,South,Furniture,Chairs,866.4,4,225.264,216.6,0.26,1,TRUE
2019,February,8,6,Standard Class,Corporate,United States,Houston,Texas,Central,Furniture,Chairs,241.5,4,0,60.375,0,1,FALSE
2019,February,16,7,Standard Class,Corporate,United States,Chicago,Illinois,Central,Furniture,Chairs,62.958,3,-2.6982,20.986,-0.04285714286,1,FALSE
2019,February,16,7,Standard Class,Consumer,United States,Belleville,New Jersey,East,Furniture,Chairs,227.96,2,36.4736,113.98,0.16,1,FALSE
2019,February,16,7,Standard Class,Consumer,United States,New York City,New York,East,Furniture,Chairs,326.646,3,39.9234,108.882,0.1222222222,1,FALSE
2019,March,15,11,Standard Class,Corporate,United States,Bryan,Texas,Central,Furniture,Chairs,528.43,5,-143.431,105.686,-0.2714285714,1,FALSE
2019,March,21,12,Standard Class,Consumer,United States,Chicago,Illinois,Central,Furniture,Chairs,528.43,5,0,105.686,0,1,FALSE
2019,March,31,14,Standard Class,Consumer,United States,New York City,New York,East,Furniture,Chairs,327.996,6,54.666,54.666,0.1666666667,1,TRUE
2019,April,1,14,Standard Class,Consumer,United States,New York City,New York,East,Furniture,Chairs,1317.492,6,292.776,219.582,0.2222222222,2,FALSE
2019,April,7,15,Standard Class,Corporate,United States,New York City,New York,East,Furniture,Chairs,658.746,3,146.388,219.582,0.2222222222,2,TRUE
2019,April,8,15,Standard Class,Consumer,United States,Houston,Texas,Central,Furniture,Chairs,95.984,4,-4.1136,23.996,-0.04285714286,2,FALSE
2019,April,18,16,Standard Class,Corporate,United States,Houston,Texas,Central,Furniture,Chairs,344.372,4,-93.4724,86.093,-0.2714285714,2,FALSE
2019,April,24,17,Standard Class,Home Office,United States,Colorado Springs,Colorado,West,Furniture,Chairs,1325.76,6,149.148,220.96,0.1125,2,FALSE
2019,April,26,17,Standard Class,Home Office,United States,New York City,New York,East,Furniture,Chairs,434.646,3,62.7822,144.882,0.1444444444,2,FALSE
2019,May,2,18,Standard Class,Consumer,United States,Greensboro,North Carolina,South,Furniture,Chairs,187.056,9,11.691,20.784,0.0625,2,FALSE
2019,May,2,18,Standard Class,Consumer,United States,Amarillo,Texas,Central,Furniture,Chairs,366.744,4,-110.0232,91.686,-0.3,2,FALSE
2019,May,7,19,Standard Class,Consumer,United States,New York City,New York,East,Furniture,Chairs,442.764,4,59.0352,110.691,0.1333333333,2,FALSE
2019,May,19,21,Standard Class,Consumer,United States,Arlington,Virginia,South,Furniture,Chairs,641.96,2,179.7488,320.98,0.28,2,TRUE
2019,May,28,22,Standard Class,Corporate,United States,Tallahassee,Florida,South,Furniture,Chairs,390.272,8,-24.392,48.784,-0.0625,2,FALSE
2019,May,30,22,Standard Class,Corporate,United States,Parker,Colorado,West,Furniture,Chairs,801.568,2,50.098,400.784,0.0625,2,FALSE
2019,May,31,22,Standard Class,Consumer,United States,Decatur,Illinois,Central,Furniture,Chairs,191.079,3,-38.2158,63.693,-0.2,2,FALSE
2019,June,25,26,Standard Class,Corporate,United States,York,Pennsylvania,East,Furniture,Chairs,422.058,3,-18.0882,140.686,-0.04285714286,2,FALSE
2019,June,27,26,Standard Class,Corporate,United States,Highland Park,Illinois,Central,Furniture,Chairs,539.658,3,-7.7094,179.886,-0.01428571429,2,FALSE
2019,July,8,28,Standard Class,Consumer,United States,Broomfield,Colorado,West,Furniture,Chairs,662.88,3,74.574,220.96,0.1125,3,FALSE
2019,July,9,28,Standard Class,Corporate,United States,New York City,New York,East,Furniture,Chairs,408.006,2,72.5344,204.003,0.1777777778,3,FALSE
2019,July,15,29,Standard Class,Corporate,United States,Portland,Oregon,West,Furniture,Chairs,230.28,3,23.028,76.76,0.1,3,FALSE
2019,July,18,29,Standard Class,Corporate,United States,Denver,Colorado,West,Furniture,Chairs,544.008,3,40.8006,181.336,0.075,3,FALSE
2019,July,18,29,Standard Class,Corporate,United States,Denver,Colorado,West,Furniture,Chairs,854.352,3,10.6794,284.784,0.0125,3,FALSE
2019,July,18,29,Standard Class,Corporate,United States,Bowling Green,Kentucky,South,Furniture,Chairs,140.81,1,39.4268,140.81,0.28,3,FALSE
2019,July,21,30,Standard Class,Consumer,United States,Concord,North Carolina,South,Furniture,Chairs,363.92,5,0,72.784,0,3,TRUE
2019,August,12,33,Standard Class,Home Office,United States,New York City,New York,East,Furniture,Chairs,145.764,2,-8.098,72.882,-0.05555555556,3,FALSE
2019,August,21,34,Standard Class,Consumer,United States,New York City,New York,East,Furniture,Chairs,573.174,7,63.686,81.882,0.1111111111,3,FALSE
2019,August,23,34,Standard Class,Consumer,United States,Seattle,Washington,West,Furniture,Chairs,532.704,6,-39.9528,88.784,-0.075,3,FALSE
2019,September,5,36,Standard Class,Corporate,United States,Austin,Texas,Central,Furniture,Chairs,347.802,7,-24.843,49.686,-0.07142857143,3,FALSE
2019,September,5,36,Standard Class,Consumer,United States,Lancaster,Ohio,East,Furniture,Chairs,85.246,2,-1.2178,42.623,-0.01428571429,3,FALSE
2019,September,5,36,Standard Class,Consumer,United States,Philadelphia,Pennsylvania,East,Furniture,Chairs,71.246,2,-19.3382,35.623,-0.2714285714,3,FALSE
2019,September,5,36,Standard Class,Consumer,United States,Philadelphia,Pennsylvania,East,Furniture,Chairs,887.271,3,-63.3765,295.757,-0.07142857143,3,FALSE
2019,September,12,37,Standard Class,Corporate,United States,Springfield,Virginia,South,Furniture,Chairs,1059.12,4,307.1448,264.78,0.29,3,FALSE
2019,September,17,38,Standard Class,Home Office,United States,Seattle,Washington,West,Furniture,Chairs,113.888,2,9.9652,56.944,0.0875,3,FALSE
2019,September,18,38,Standard Class,Consumer,United States,Auburn,Alabama,South,Furniture,Chairs,350.98,1,84.2352,350.98,0.24,3,FALSE
2019,September,18,38,Standard Class,Consumer,United States,New Rochelle,New York,East,Furniture,Chairs,631.782,2,140.396,315.891,0.2222222222,3,FALSE
2019,September,20,38,Standard Class,Corporate,United States,Greensboro,North Carolina,South,Furniture,Chairs,98.392,1,-11.0691,98.392,-0.1125,3,FALSE
2019,September,23,39,Standard Class,Corporate,United States,Seattle,Washington,West,Furniture,Chairs,184.752,3,-20.7846,61.584,-0.1125,3,FALSE
2019,September,24,39,Standard Class,Consumer,United States,Columbus,Ohio,East,Furniture,Chairs,155.372,2,-13.3176,77.686,-0.08571428571,3,FALSE
2019,September,25,39,Standard Class,Corporate,United States,La Crosse,Wisconsin,Central,Furniture,Chairs,201.96,2,50.49,100.98,0.25,3,FALSE
2019,September,26,39,Standard Class,Consumer,United States,Decatur,Illinois,Central,Furniture,Chairs,747.558,3,-96.1146,249.186,-0.1285714286,3,FALSE
2019,September,26,39,Standard Class,Corporate,United States,Houston,Texas,Central,Furniture,Chairs,454.965,5,-136.4895,90.993,-0.3,3,FALSE
2019,October,3,40,Standard Class,Consumer,United States,New York City,New York,East,Furniture,Chairs,599.292,6,93.2232,99.882,0.1555555556,4,FALSE
2019,October,14,42,Standard Class,Consumer,United States,Jacksonville,North Carolina,South,Furniture,Chairs,102.592,1,10.2592,102.592,0.1,4,FALSE
2019,October,18,42,Standard Class,Consumer,United States,Tempe,Arizona,West,Furniture,Chairs,307.92,5,-34.641,61.584,-0.1125,4,FALSE
2019,October,27,44,Standard Class,Consumer,United States,New York City,New York,East,Furniture,Chairs,427.644,14,80.7772,30.546,0.1888888889,4,TRUE
2019,October,31,44,Standard Class,Consumer,United States,Philadelphia,Pennsylvania,East,Furniture,Chairs,492.835,5,-14.081,98.567,-0.02857142857,4,FALSE
2019,October,31,44,Standard Class,Corporate,United States,Tulsa,Oklahoma,Central,Furniture,Chairs,368.97,3,81.1734,122.99,0.22,4,FALSE
2019,November,3,45,Standard Class,Home Office,United States,Philadelphia,Pennsylvania,East,Furniture,Chairs,470.155,7,-13.433,67.165,-0.02857142857,4,TRUE
2019,November,7,45,Standard Class,Home Office,United States,Cheyenne,Wyoming,West,Furniture,Chairs,1603.136,4,100.196,400.784,0.0625,4,FALSE
2019,November,11,46,Standard Class,Corporate,United States,Chicago,Illinois,Central,Furniture,Chairs,47.992,2,-2.0568,23.996,-0.04285714286,4,FALSE
2019,November,11,46,Standard Class,Corporate,United States,New York City,New York,East,Furniture,Chairs,245.646,3,8.1882,81.882,0.03333333333,4,FALSE
2019,November,12,46,Standard Class,Consumer,United States,Parma,Ohio,East,Furniture,Chairs,1474.802,7,-21.0686,210.686,-0.01428571429,4,FALSE
2019,November,12,46,Standard Class,Consumer,United States,Parma,Ohio,East,Furniture,Chairs,1537.074,9,0,170.786,0,4,FALSE
2019,November,12,46,Standard Class,Consumer,United States,Parma,Ohio,East,Furniture,Chairs,449.372,2,-12.8392,224.686,-0.02857142857,4,FALSE
2019,November,18,47,Standard Class,Home Office,United States,Pasadena,Texas,Central,Furniture,Chairs,255.108,6,-18.222,42.518,-0.07142857143,4,FALSE
2019,November,20,47,Standard Class,Corporate,United States,Houston,Texas,Central,Furniture,Chairs,318.43,5,-77.333,63.686,-0.2428571429,4,FALSE
2019,November,21,47,Standard Class,Consumer,United States,Gresham,Oregon,West,Furniture,Chairs,195.136,4,-12.196,48.784,-0.0625,4,FALSE
2019,November,21,47,Standard Class,Consumer,United States,Columbus,Ohio,East,Furniture,Chairs,127.554,3,-9.111,42.518,-0.07142857143,4,FALSE
2019,November,28,48,Standard Class,Corporate,United States,Philadelphia,Pennsylvania,East,Furniture,Chairs,347.802,7,-24.843,49.686,-0.07142857143,4,FALSE
2019,November,30,48,Standard Class,Consumer,United States,Detroit,Michigan,Central,Furniture,Chairs,389.97,3,35.0973,129.99,0.09,4,FALSE
2019,December,1,49,Standard Class,Consumer,United States,Rockville,Maryland,East,Furniture,Chairs,172.5,2,51.75,86.25,0.3,4,TRUE
2019,December,3,49,Standard Class,Consumer,United States,Richmond,Indiana,Central,Furniture,Chairs,29.98,1,8.0946,29.98,0.27,4,FALSE
2019,December,5,49,Standard Class,Corporate,United States,Franklin,Wisconsin,Central,Furniture,Chairs,951.84,8,585.552,118.98,0.6151790217,4,FALSE
2019,December,8,50,Standard Class,Consumer,United States,Eau Claire,Wisconsin,Central,Furniture,Chairs,680.01,3,176.8026,226.67,0.26,4,TRUE
2019,December,25,52,Standard Class,Consumer,United States,New York City,New York,East,Furniture,Chairs,1563.056,8,313.2624,195.382,0.2004166198,4,FALSE
2019,December,25,52,Standard Class,Corporate,United States,New York City,New York,East,Furniture,Chairs,866.646,3,173.3292,288.882,0.2,4,FALSE
2019,December,25,52,Standard Class,Consumer,United States,Seattle,Washington,West,Furniture,Chairs,698.352,3,52.3764,232.784,0.075,4,FALSE
2019,December,25,52,Standard Class,Corporate,United States,Phoenix,Arizona,West,Furniture,Chairs,47.968,2,4.1972,23.984,0.0875,4,FALSE
2019,December,26,52,Standard Class,Corporate,United States,Vineland,New Jersey,East,Furniture,Chairs,212.94,3,25.5528,70.98,0.12,4,FALSE
2019,December,27,52,Standard Class,Corporate,United States,Woodstock,Illinois,Central,Furniture,Chairs,845.488,8,-12.0784,105.686,-0.01428571429,4,FALSE
2019,December,29,53,Standard Class,Consumer,United States,Milwaukee,Wisconsin,Central,Furniture,Chairs,754.45,5,60.356,150.89,0.08,4,TRUE
2020,January,1,1,Standard Class,Consumer,United States,Huntsville,Texas,Central,Furniture,Chairs,322.744,4,-26.6352,80.686,-0.08252732816,1,FALSE
2020,January,30,5,Standard Class,Consumer,United States,Miami,Florida,South,Furniture,Chairs,437.136,4,-68.1096,109.284,-0.1558087186,1,FALSE
2020,February,16,8,Standard Class,Consumer,United States,Decatur,Illinois,Central,Furniture,Chairs,631.558,3,-8.5794,210.5193333,-0.01358450055,1,TRUE
2020,February,25,9,Standard Class,Consumer,United States,Greenville,North Carolina,South,Furniture,Chairs,230.784,2,-22.1382,115.392,-0.09592606073,1,FALSE
2020,March,3,10,Standard Class,Consumer,United States,Dearborn Heights,Michigan,Central,Furniture,Chairs,227.98,1,47.0548,227.98,0.2063988069,1,FALSE
2020,March,21,12,Standard Class,Consumer,United States,Tulsa,Oklahoma,Central,Furniture,Chairs,1839.88,6,523.7052,306.6466667,0.2846409548,1,FALSE
2020,March,24,13,Standard Class,Consumer,United States,New York City,New York,East,Furniture,Chairs,305.764,2,60.392,152.882,0.1975118065,1,FALSE
2020,March,25,13,Standard Class,Corporate,United States,Milwaukee,Wisconsin,Central,Furniture,Chairs,140.99,1,14.5584,140.99,0.1032583871,1,FALSE
2020,March,25,13,Standard Class,Corporate,United States,Milwaukee,Wisconsin,Central,Furniture,Chairs,406.97,3,40.5867,135.6566667,0.09972897265,1,FALSE
2020,March,25,13,Standard Class,Corporate,United States,Milwaukee,Wisconsin,Central,Furniture,Chairs,1568.56,7,427.4368,224.08,0.2725026776,1,FALSE
2020,March,27,13,Standard Class,Consumer,United States,Houston,Texas,Central,Furniture,Chairs,233.246,2,-66.3916,116.623,-0.284641966,1,FALSE
2020,March,27,13,Standard Class,Consumer,United States,Houston,Texas,Central,Furniture,Chairs,634.558,3,-8.5794,211.5193333,-0.01352027711,1,FALSE
2020,April,20,17,Standard Class,Consumer,United States,Chicago,Illinois,Central,Furniture,Chairs,344.058,3,-18.1176,114.686,-0.05265856338,2,FALSE
2020,May,1,18,Standard Class,Consumer,United States,Jacksonville,Florida,South,Furniture,Chairs,2821.92,5,0,564.384,0,2,FALSE
2020,May,7,19,Standard Class,Corporate,United States,Detroit,Michigan,Central,Furniture,Chairs,517.8,2,119.2,258.9,0.2302047122,2,FALSE
2020,May,7,19,Standard Class,Corporate,United States,Detroit,Michigan,Central,Furniture,Chairs,1495.65,5,423.0085,299.13,0.2828258617,2,FALSE
2020,May,7,19,Standard Class,Corporate,United States,Detroit,Michigan,Central,Furniture,Chairs,131.64,1,7.4592,131.64,0.05666362808,2,FALSE
2020,May,8,19,Standard Class,Corporate,United States,Philadelphia,Pennsylvania,East,Furniture,Chairs,141.058,3,-23.7822,47.01933333,-0.1685987324,2,FALSE
2020,May,8,19,Standard Class,Consumer,United States,Columbus,Ohio,East,Furniture,Chairs,157.992,2,-2.0568,78.996,-0.01301838068,2,FALSE
2020,May,13,20,Standard Class,Home Office,United States,Philadelphia,Pennsylvania,East,Furniture,Chairs,504.43,5,-124.431,100.886,-0.2466764467,2,FALSE
2020,May,15,20,Standard Class,Consumer,United States,Seattle,Washington,West,Furniture,Chairs,265.96,1,24.858,265.96,0.09346518273,2,FALSE
2020,May,15,20,Standard Class,Consumer,United States,Seattle,Washington,West,Furniture,Chairs,152.624,2,4.2624,76.312,0.02792745571,2,FALSE
2020,May,22,21,Standard Class,Consumer,United States,Chicago,Illinois,Central,Furniture,Chairs,219.986,2,-54.5958,109.993,-0.2481785205,2,FALSE
2020,June,12,24,Standard Class,Consumer,United States,New York City,New York,East,Furniture,Chairs,882.24,4,143.04,220.56,0.162132753,2,FALSE
2020,June,13,24,Standard Class,Home Office,United States,Seattle,Washington,West,Furniture,Chairs,323.136,4,-25.4744,80.784,-0.07883491781,2,FALSE
2020,June,15,25,Standard Class,Consumer,United States,Monroe,North Carolina,South,Furniture,Chairs,746.352,3,52.3764,248.784,0.07017653868,2,FALSE
2020,June,22,26,Standard Class,Home Office,United States,Detroit,Michigan,Central,Furniture,Chairs,504.96,2,146.388,252.48,0.2899001901,2,FALSE
2020,June,26,26,Standard Class,Corporate,United States,Miami,Florida,South,Furniture,Chairs,289.552,3,-13.6776,96.51733333,-0.04723711112,2,FALSE
2020,June,27,26,Standard Class,Home Office,United States,Watertown,New York,East,Furniture,Chairs,228.646,3,31.941,76.21533333,0.1396962991,2,FALSE
2020,July,16,29,Standard Class,Consumer,United States,Charlotte,North Carolina,South,Furniture,Chairs,279.352,3,15.147,93.11733333,0.05422191357,3,FALSE
2020,July,18,29,Standard Class,Consumer,United States,Phoenix,Arizona,West,Furniture,Chairs,174.568,2,10.098,87.284,0.05784565327,3,FALSE
2020,July,18,29,Standard Class,Consumer,United States,Philadelphia,Pennsylvania,East,Furniture,Chairs,214.744,4,-14.196,53.686,-0.06610661998,3,FALSE
2020,July,18,29,Standard Class,Consumer,United States,Phoenix,Arizona,West,Furniture,Chairs,350.976,3,-42.8967,116.992,-0.1222211775,3,FALSE
2020,July,20,30,Standard Class,Corporate,United States,New York City,New York,East,Furniture,Chairs,194.764,2,25.4744,97.382,0.1307962457,3,FALSE
2020,July,20,30,Standard Class,Corporate,United States,Sioux Falls,South Dakota,Central,Furniture,Chairs,218.94,3,27.441,72.98,0.1253357084,3,FALSE
2020,July,22,30,Standard Class,Consumer,United States,Chicago,Illinois,Central,Furniture,Chairs,556.344,4,-75.192,139.086,-0.1351537897,3,FALSE
2020,July,29,31,Standard Class,Consumer,United States,Oklahoma City,Oklahoma,Central,Furniture,Chairs,319.67,3,72.6408,106.5566667,0.227236838,3,FALSE
2020,August,13,33,Standard Class,Consumer,United States,Memphis,Tennessee,South,Furniture,Chairs,460.648,2,47.6604,230.324,0.1034638162,3,FALSE
2020,August,17,34,Standard Class,Home Office,United States,Houston,Texas,Central,Furniture,Chairs,164.592,4,-2.1312,41.148,-0.01294838145,3,FALSE
2020,September,2,36,Standard Class,Corporate,United States,New York City,New York,East,Furniture,Chairs,1311.41,5,213.735,262.282,0.1629810662,3,FALSE
2020,September,4,36,Standard Class,Consumer,United States,Boynton Beach,Florida,South,Furniture,Chairs,112.184,2,6.074,56.092,0.05414319333,3,FALSE
2020,September,9,37,Standard Class,Corporate,United States,Philadelphia,Pennsylvania,East,Furniture,Chairs,167.372,2,-48.4704,83.686,-0.2895968262,3,FALSE
2020,September,15,38,Standard Class,Corporate,United States,Lakewood,New Jersey,East,Furniture,Chairs,555.96,4,143.6288,138.99,0.2583437657,3,FALSE
2020,September,20,39,Standard Class,Consumer,United States,New York City,New York,East,Furniture,Chairs,116.991,1,8.0991,116.991,0.06922840218,3,TRUE
2020,September,20,39,Standard Class,Consumer,United States,New York City,New York,East,Furniture,Chairs,318.646,3,18.1764,106.2153333,0.05704261155,3,TRUE
2020,September,20,39,Standard Class,Consumer,United States,New York City,New York,East,Furniture,Chairs,2284.41,5,375.735,456.882,0.1644779177,3,TRUE
2020,September,20,39,Standard Class,Consumer,United States,New York City,New York,East,Furniture,Chairs,2903.127,11,609.7157,263.9206364,0.2100203332,3,TRUE
2020,September,24,39,Standard Class,Corporate,United States,Saint Cloud,Minnesota,Central,Furniture,Chairs,649.92,4,181.176,162.48,0.2787666174,3,FALSE
2020,September,25,39,Standard Class,Consumer,United States,Rochester,Minnesota,Central,Furniture,Chairs,285.97,3,51.2943,95.32333333,0.1793695143,3,FALSE
2020,September,25,39,Standard Class,Consumer,United States,New York City,New York,East,Furniture,Chairs,503.646,3,86.8704,167.882,0.1724830536,3,FALSE
2020,September,26,39,Standard Class,Home Office,United States,Miramar,Florida,South,Furniture,Chairs,446.136,4,-57.6312,111.534,-0.1291785465,3,FALSE
2020,October,1,40,Standard Class,Corporate,United States,Seattle,Washington,West,Furniture,Chairs,468.152,3,0,156.0506667,0,4,FALSE
2020,October,5,41,Standard Class,Corporate,United States,New York City,New York,East,Furniture,Chairs,247.382,2,2.4598,123.691,0.009943326515,4,FALSE
2020,October,8,41,Standard Class,Consumer,United States,New York City,New York,East,Furniture,Chairs,184.764,2,3.2392,92.382,0.01753155377,4,FALSE
2020,October,10,41,Standard Class,Consumer,United States,Aurora,Illinois,Central,Furniture,Chairs,249.358,3,-47.8716,83.11933333,-0.1919794031,4,FALSE
2020,October,12,42,Standard Class,Home Office,United States,Rockford,Illinois,Central,Furniture,Chairs,271.604,14,-18.186,19.40028571,-0.06695777676,4,FALSE
2020,October,21,43,Standard Class,Home Office,United States,Lakeland,Florida,South,Furniture,Chairs,717.952,3,42.747,239.3173333,0.0595401921,4,FALSE
2020,November,3,45,Standard Class,Corporate,United States,Seattle,Washington,West,Furniture,Chairs,325.136,4,26.8744,81.284,0.08265587323,4,FALSE
2020,November,6,45,Standard Class,Consumer,United States,Philadelphia,Pennsylvania,East,Furniture,Chairs,152.372,2,-30.9332,76.186,-0.2030110519,4,FALSE
2020,November,6,45,Standard Class,Home Office,United States,Seattle,Washington,West,Furniture,Chairs,491.568,2,-73.0548,245.784,-0.1486158578,4,FALSE
2020,November,13,46,Standard Class,Consumer,United States,Seattle,Washington,West,Furniture,Chairs,2422.704,6,150.294,403.784,0.06203564282,4,FALSE
2020,November,18,47,Standard Class,Consumer,United States,Chicago,Illinois,Central,Furniture,Chairs,177.386,2,-25.4772,88.693,-0.1436257653,4,FALSE
2020,November,19,47,Standard Class,Consumer,United States,College Station,Texas,Central,Furniture,Chairs,275.058,3,-53.2704,91.686,-0.1936696988,4,FALSE
2020,November,19,47,Standard Class,Corporate,United States,San Angelo,Texas,Central,Furniture,Chairs,315.312,2,-8.7232,157.656,-0.0276652966,4,FALSE
2020,November,20,47,Standard Class,Consumer,United States,Jackson,Tennessee,South,Furniture,Chairs,244.568,2,-23.5764,122.284,-0.09640018318,4,FALSE
2020,November,24,48,Standard Class,Corporate,United States,New York City,New York,East,Furniture,Chairs,1000.292,6,173.7408,166.7153333,0.1736900825,4,FALSE
2020,November,25,48,Standard Class,Consumer,United States,Houston,Texas,Central,Furniture,Chairs,899.93,5,-24.398,179.986,-0.02711099752,4,FALSE
2020,November,26,48,Standard Class,Home Office,United States,Richmond,Indiana,Central,Furniture,Chairs,843.6,3,240.294,281.2,0.2848435277,4,FALSE
2020,November,29,49,Standard Class,Consumer,United States,Chattanooga,Tennessee,South,Furniture,Chairs,410.368,2,48.796,205.184,0.118907907,4,TRUE
2020,December,1,49,Standard Class,Consumer,United States,Grand Prairie,Texas,Central,Furniture,Chairs,354.058,3,-18.1176,118.0193333,-0.05117127702,4,FALSE
2020,December,1,49,Standard Class,Consumer,United States,Philadelphia,Pennsylvania,East,Furniture,Chairs,419.972,2,-28.498,209.986,-0.06785690475,4,FALSE
2020,December,1,49,Standard Class,Home Office,United States,Fairfield,Connecticut,East,Furniture,Chairs,928.15,3,251.202,309.3833333,0.2706480634,4,FALSE
2020,December,2,49,Standard Class,Corporate,United States,Denver,Colorado,West,Furniture,Chairs,245.68,5,68.001,49.136,0.2767868772,4,FALSE
2020,December,4,49,Standard Class,Consumer,United States,Paterson,New Jersey,East,Furniture,Chairs,216.22,3,45.555,72.07333333,0.210688188,4,FALSE
2020,December,4,49,Standard Class,Corporate,United States,Philadelphia,Pennsylvania,East,Furniture,Chairs,254.96,10,-10.284,25.496,-0.04033573894,4,FALSE
2020,December,4,49,Standard Class,Consumer,United States,Paterson,New Jersey,East,Furniture,Chairs,314.94,3,18.1764,104.98,0.05771385026,4,FALSE
2020,December,8,50,Standard Class,Consumer,United States,Philadelphia,Pennsylvania,East,Furniture,Chairs,228.544,4,-58.5048,57.136,-0.2559892187,4,FALSE
2020,December,9,50,Standard Class,Corporate,United States,Detroit,Michigan,Central,Furniture,Chairs,897.94,3,226.9644,299.3133333,0.252761209,4,FALSE
2020,December,11,50,Standard Class,Consumer,United States,Philadelphia,Pennsylvania,East,Furniture,Chairs,483.686,1,-9.098,483.686,-0.01880972366,4,FALSE
2020,December,11,50,Standard Class,Corporate,United States,Jacksonville,Florida,South,Furniture,Chairs,339.784,1,-12.147,339.784,-0.03574918183,4,FALSE
2020,December,17,51,Standard Class,Consumer,United States,Chesapeake,Virginia,South,Furniture,Chairs,699.9,5,80.784,139.98,0.1154222032,4,FALSE
2020,December,18,51,Standard Class,Consumer,United States,New York City,New York,East,Furniture,Chairs,1406.938,9,139.5702,156.3264444,0.09920138627,4,FALSE
2020,December,22,52,Standard Class,Home Office,United States,Tuscaloosa,Alabama,South,Furniture,Chairs,328.96,2,35.49,164.48,0.1078854572,4,FALSE
2020,December,24,52,Standard Class,Consumer,United States,Lafayette,Louisiana,South,Furniture,Chairs,559.88,4,60.5488,139.97,0.1081460313,4,FALSE
2020,December,24,52,Standard Class,Consumer,United States,Oceanside,New York,East,Furniture,Chairs,622.764,2,48.3136,311.382,0.07757930773,4,FALSE
2020,December,24,52,Standard Class,Home Office,United States,Chandler,Arizona,West,Furniture,Chairs,814.376,3,105.297,271.4586667,0.1292977691,4,FALSE
2020,December,28,53,Standard Class,Corporate,United States,Peoria,Illinois,Central,Furniture,Chairs,116.372,2,-3.2392,58.186,-0.02783487437,4,FALSE
2019,January,21,4,Second Class,Consumer,United States,San Diego,California,West,Furniture,Chairs,153.568,2,-5.7588,76.784,-0.0375,1,FALSE
2019,January,21,4,Second Class,Consumer,United States,San Diego,California,West,Furniture,Chairs,1013.488,7,76.0116,144.784,0.075,1,FALSE
2019,March,12,11,Second Class,Corporate,United States,San Francisco,California,West,Furniture,Chairs,770.352,3,77.0352,256.784,0.1,1,FALSE
2019,March,15,11,First Class,Corporate,United States,San Francisco,California,West,Furniture,Chairs,1352.032,4,84.502,338.008,0.0625,1,FALSE
2019,April,12,15,Standard Class,Consumer,United States,Los Angeles,California,West,Furniture,Chairs,638.288,7,-31.9144,91.184,-0.05,2,FALSE
2019,April,12,15,First Class,Consumer,United States,Los Angeles,California,West,Furniture,Chairs,194.352,3,-36.441,64.784,-0.1875,2,FALSE
2019,April,14,16,Standard Class,Consumer,United States,Los Angeles,California,West,Furniture,Chairs,383.8,5,38.38,76.76,0.1,2,TRUE
2019,April,15,16,Second Class,Consumer,United States,San Francisco,California,West,Furniture,Chairs,1121.568,2,0,560.784,0,2,FALSE
2019,April,28,18,Standard Class,Corporate,United States,Los Angeles,California,West,Furniture,Chairs,41.568,2,2.598,20.784,0.0625,2,TRUE
2019,May,26,22,Standard Class,Consumer,United States,Santa Ana,California,West,Furniture,Chairs,484.704,6,-84.8232,80.784,-0.175,2,TRUE
2019,June,9,24,Standard Class,Consumer,United States,San Francisco,California,West,Furniture,Chairs,122.352,3,13.7646,40.784,0.1125,2,TRUE
2019,June,20,25,First Class,Consumer,United States,Pasadena,California,West,Furniture,Chairs,161.568,2,-8.0784,80.784,-0.05,2,FALSE
2019,July,2,27,Second Class,Corporate,United States,Los Angeles,California,West,Furniture,Chairs,195.184,1,19.5184,195.184,0.1,3,FALSE
2019,July,7,28,Second Class,Consumer,United States,Los Angeles,California,West,Furniture,Chairs,287.968,4,-3.5996,71.992,-0.0125,3,TRUE
2019,July,25,30,Standard Class,Consumer,United States,Costa Mesa,California,West,Furniture,Chairs,241.568,2,18.1176,120.784,0.075,3,FALSE
2019,August,26,35,First Class,Corporate,United States,San Diego,California,West,Furniture,Chairs,1603.136,4,100.196,400.784,0.0625,3,FALSE
2019,September,18,38,Standard Class,Corporate,United States,San Diego,California,West,Furniture,Chairs,801.568,2,50.098,400.784,0.0625,3,FALSE
2019,September,18,38,Standard Class,Corporate,United States,San Diego,California,West,Furniture,Chairs,885.528,9,-99.6219,98.392,-0.1125,3,FALSE
2019,September,24,39,Standard Class,Corporate,United States,Los Angeles,California,West,Furniture,Chairs,563.24,5,56.324,112.648,0.1,3,FALSE
2019,September,25,39,Standard Class,Consumer,United States,Long Beach,California,West,Furniture,Chairs,483.136,4,60.392,120.784,0.125,3,FALSE
2019,October,1,40,First Class,Consumer,United States,San Francisco,California,West,Furniture,Chairs,194.848,4,12.178,48.712,0.0625,4,FALSE
2019,October,3,40,Standard Class,Home Office,United States,Lake Forest,California,West,Furniture,Chairs,915.136,4,102.9528,228.784,0.1125,4,FALSE
2019,October,20,43,Standard Class,Corporate,United States,El Cajon,California,West,Furniture,Chairs,387.136,4,4.8392,96.784,0.0125,4,TRUE
2019,October,21,43,Standard Class,Consumer,United States,Los Angeles,California,West,Furniture,Chairs,242.136,3,12.1068,80.712,0.05,4,FALSE
2019,October,31,44,Standard Class,Corporate,United States,San Francisco,California,West,Furniture,Chairs,1403.92,5,70.196,280.784,0.05,4,FALSE
2019,November,3,45,First Class,Consumer,United States,Los Angeles,California,West,Furniture,Chairs,217.584,2,-29.9178,108.792,-0.1375,4,TRUE
2019,November,5,45,Second Class,Consumer,United States,San Jose,California,West,Furniture,Chairs,113.888,2,9.9652,56.944,0.0875,4,FALSE
2019,November,6,45,Second Class,Home Office,United States,Los Angeles,California,West,Furniture,Chairs,81.424,2,-9.1602,40.712,-0.1125,4,FALSE
2019,November,11,46,Standard Class,Consumer,United States,San Francisco,California,West,Furniture,Chairs,451.152,3,0,150.384,0,4,FALSE
2019,November,24,48,Standard Class,Corporate,United States,Los Angeles,California,West,Furniture,Chairs,1684.752,6,210.594,280.792,0.125,4,TRUE
2019,November,25,48,Standard Class,Consumer,United States,Los Angeles,California,West,Furniture,Chairs,194.352,3,19.4352,64.784,0.1,4,FALSE
2019,December,10,50,Second Class,Consumer,United States,San Francisco,California,West,Furniture,Chairs,321.568,2,28.1372,160.784,0.0875,4,FALSE
2019,December,11,50,Same Day,Consumer,United States,Anaheim,California,West,Furniture,Chairs,363.92,5,-31.843,72.784,-0.0875,4,FALSE
2019,December,14,50,First Class,Corporate,United States,San Diego,California,West,Furniture,Chairs,81.424,2,-9.1602,40.712,-0.1125,4,FALSE
2019,December,16,51,Standard Class,Consumer,United States,Apple Valley,California,West,Furniture,Chairs,563.92,5,7.049,112.784,0.0125,4,FALSE
2019,December,26,52,Standard Class,Corporate,United States,Los Angeles,California,West,Furniture,Chairs,146.352,3,-5.4882,48.784,-0.0375,4,FALSE
2020,January,30,5,Standard Class,Home Office,United States,San Francisco,California,West,Furniture,Chairs,145.784,1,-13.5882,145.784,-0.09320775942,1,FALSE
2020,February,26,9,Second Class,Home Office,United States,Los Angeles,California,West,Furniture,Chairs,940.224,3,89.2224,313.408,0.09489483357,1,FALSE
2020,March,3,10,Standard Class,Consumer,United States,Los Angeles,California,West,Furniture,Chairs,185.352,3,-17.0352,61.784,-0.09190728991,1,FALSE
2020,April,13,16,Standard Class,Corporate,United States,Hesperia,California,West,Furniture,Chairs,456.704,6,-38.2116,76.11733333,-0.08366819647,2,FALSE
2020,April,17,16,Standard Class,Consumer,United States,Los Angeles,California,West,Furniture,Chairs,265.352,3,-19.1058,88.45066667,-0.07200171847,2,FALSE
2020,May,19,21,Second Class,Home Office,United States,San Francisco,California,West,Furniture,Chairs,704.408,12,42.588,58.70066667,0.06045927928,2,FALSE
2020,May,20,21,Standard Class,Home Office,United States,Lakewood,California,West,Furniture,Chairs,552.272,8,-97.176,69.034,-0.1759567749,2,FALSE
2020,June,16,25,First Class,Consumer,United States,San Francisco,California,West,Furniture,Chairs,1259.96,7,90.972,179.9942857,0.07220229214,2,FALSE
2020,July,6,28,Standard Class,Consumer,United States,Los Angeles,California,West,Furniture,Chairs,168.136,3,-13.7403,56.04533333,-0.08172134463,3,FALSE
2020,July,21,30,Standard Class,Consumer,United States,San Diego,California,West,Furniture,Chairs,256.296,2,22.5296,128.148,0.08790461029,3,FALSE
2020,July,26,31,Standard Class,Corporate,United States,Los Angeles,California,West,Furniture,Chairs,403.352,3,45.294,134.4506667,0.1122939765,3,TRUE
2020,August,7,32,Standard Class,Consumer,United States,Westminster,California,West,Furniture,Chairs,257.184,1,25.898,257.184,0.1006983327,3,FALSE
2020,August,27,35,Second Class,Corporate,United States,Inglewood,California,West,Furniture,Chairs,261.28,3,23.028,87.09333333,0.08813533374,3,FALSE
2020,September,7,37,Standard Class,Consumer,United States,Modesto,California,West,Furniture,Chairs,192.568,2,-28.2744,96.284,-0.1468281334,3,FALSE
2020,September,9,37,Second Class,Consumer,United States,Los Angeles,California,West,Furniture,Chairs,286.92,5,-15.245,57.384,-0.05313327757,3,FALSE
2020,September,10,37,Same Day,Corporate,United States,Los Angeles,California,West,Furniture,Chairs,382.352,3,27.1764,127.4506667,0.07107691342,3,FALSE
2020,September,11,37,Same Day,Home Office,United States,Long Beach,California,West,Furniture,Chairs,2101.272,8,256.784,262.659,0.1222040745,3,FALSE
2020,September,15,38,Standard Class,Consumer,United States,Los Angeles,California,West,Furniture,Chairs,227.752,3,-20.7846,75.91733333,-0.09125979135,3,FALSE
2020,September,15,38,Standard Class,Consumer,United States,San Francisco,California,West,Furniture,Chairs,241.352,3,0,80.45066667,0,3,FALSE
2020,September,23,39,Standard Class,Consumer,United States,Los Angeles,California,West,Furniture,Chairs,628.816,2,59.4816,314.408,0.0945930129,3,FALSE
2020,September,29,40,First Class,Consumer,United States,Bakersfield,California,West,Furniture,Chairs,187.784,1,0,187.784,0,3,FALSE
2020,October,1,40,First Class,Consumer,United States,San Jose,California,West,Furniture,Chairs,133.608,4,9.5032,33.402,0.0711274774,4,FALSE
2020,October,5,41,Standard Class,Corporate,United States,Chico,California,West,Furniture,Chairs,460.168,4,-59.8356,115.042,-0.1300299021,4,FALSE
2020,October,30,44,Standard Class,Consumer,United States,San Francisco,California,West,Furniture,Chairs,172.992,1,-0.8999,172.992,-0.005201974658,4,FALSE
2020,November,9,46,First Class,Corporate,United States,Sunnyvale,California,West,Furniture,Chairs,229.976,3,-2.6997,76.65866667,-0.01173905103,4,FALSE
2020,November,9,46,Standard Class,Corporate,United States,San Diego,California,West,Furniture,Chairs,541.392,3,52.3392,180.464,0.09667523717,4,FALSE
2020,November,10,46,Standard Class,Home Office,United States,Los Angeles,California,West,Furniture,Chairs,273.424,2,-36.2136,136.712,-0.1324448476,4,FALSE
2020,November,14,46,Standard Class,Corporate,United States,San Francisco,California,West,Furniture,Chairs,334.568,2,28.1372,167.284,0.08410009325,4,FALSE
2020,November,20,47,Standard Class,Consumer,United States,Ontario,California,West,Furniture,Chairs,326.92,5,-46.137,65.384,-0.1411262694,4,FALSE
2020,December,2,49,Standard Class,Corporate,United States,Oakland,California,West,Furniture,Chairs,182.056,9,43.4646,20.22844444,0.2387430241,4,FALSE
2020,December,8,50,Standard Class,Consumer,United States,San Francisco,California,West,Furniture,Chairs,142.568,2,-18.4548,71.284,-0.1294455979,4,FALSE
2020,December,16,51,Second Class,Corporate,United States,Oceanside,California,West,Furniture,Chairs,386.184,2,6.074,193.092,0.01572825389,4,FALSE
2020,December,16,51,Second Class,Corporate,United States,Oceanside,California,West,Furniture,Chairs,348.568,2,9.1764,174.284,0.02632599665,4,FALSE
2020,December,28,53,First Class,Corporate,United States,Long Beach,California,West,Furniture,Chairs,331.704,6,-34.0704,55.284,-0.1027132624,4,FALSE
2020,December,29,53,Standard Class,Consumer,United States,Los Angeles,California,West,Furniture,Chairs,119.568,4,-44.2764,29.892,-0.3703030911,4,FALSE
2019,January,5,1,Second Class,Corporate,United States,Jacksonville,Florida,South,Technology,Accessories,191.472,6,40.6878,31.912,0.2125,1,FALSE
2019,January,16,3,Second Class,Consumer,United States,Los Angeles,California,West,Technology,Accessories,90.57,3,11.7741,30.19,0.13,1,FALSE
2019,February,7,6,Same Day,Consumer,United States,Springfield,Virginia,South,Technology,Accessories,100,4,21,25,0.21,1,FALSE
2019,February,21,8,Second Class,Corporate,United States,Los Angeles,California,West,Technology,Accessories,12.99,1,0.7794,12.99,0.06,1,FALSE
2019,March,10,11,First Class,Home Office,United States,Los Angeles,California,West,Technology,Accessories,26.85,3,5.1015,8.95,0.19,1,TRUE
2019,March,11,11,First Class,Corporate,United States,Eagan,Minnesota,Central,Technology,Accessories,45.98,2,19.7714,22.99,0.43,1,FALSE
2019,March,13,11,Second Class,Corporate,United States,Philadelphia,Pennsylvania,East,Technology,Accessories,379.96,5,47.495,75.992,0.125,1,FALSE
2019,March,22,12,First Class,Corporate,United States,North Las Vegas,Nevada,West,Technology,Accessories,58.58,2,19.3314,29.29,0.33,1,FALSE
2019,March,25,13,Same Day,Consumer,United States,Norman,Oklahoma,Central,Technology,Accessories,1287.45,5,244.6155,257.49,0.19,1,FALSE
2019,March,26,13,First Class,Consumer,United States,Jacksonville,North Carolina,South,Technology,Accessories,119.976,3,-17.9964,39.992,-0.15,1,FALSE
2019,March,31,14,Second Class,Consumer,United States,Philadelphia,Pennsylvania,East,Technology,Accessories,31.984,2,1.1994,15.992,0.0375,1,TRUE
2019,April,4,14,Second Class,Home Office,United States,Troy,New York,East,Technology,Accessories,89.97,3,37.7874,29.99,0.42,2,FALSE
2019,April,24,17,Second Class,Home Office,United States,Houston,Texas,Central,Technology,Accessories,258.696,3,64.674,86.232,0.25,2,FALSE
2019,May,3,18,First Class,Consumer,United States,Newark,Ohio,East,Technology,Accessories,132.52,5,34.7865,26.504,0.2625,2,FALSE
2019,May,3,18,First Class,Consumer,United States,Newark,Ohio,East,Technology,Accessories,431.976,3,-75.5958,143.992,-0.175,2,FALSE
2019,May,8,19,Same Day,Consumer,United States,Cleveland,Ohio,East,Technology,Accessories,58.112,2,7.264,29.056,0.125,2,FALSE
2019,May,14,20,Same Day,Corporate,United States,Yuma,Arizona,West,Technology,Accessories,185.528,7,48.7011,26.504,0.2625,2,FALSE
2019,May,21,21,First Class,Consumer,United States,Los Angeles,California,West,Technology,Accessories,66.26,2,27.1666,33.13,0.41,2,FALSE
2019,May,26,22,Same Day,Consumer,United States,Fort Worth,Texas,Central,Technology,Accessories,63.992,1,-7.1991,63.992,-0.1125,2,TRUE
2019,May,26,22,Second Class,Corporate,United States,Delray Beach,Florida,South,Technology,Accessories,47.92,2,11.98,23.96,0.25,2,TRUE
2019,May,30,22,Same Day,Consumer,United States,Houston,Texas,Central,Technology,Accessories,223.96,5,11.198,44.792,0.05,2,FALSE
2019,June,6,23,First Class,Consumer,United States,Little Rock,Arkansas,South,Technology,Accessories,179.94,6,75.5748,29.99,0.42,2,FALSE
2019,June,6,23,First Class,Consumer,United States,Little Rock,Arkansas,South,Technology,Accessories,26.85,3,5.1015,8.95,0.19,2,FALSE
2019,June,6,23,First Class,Consumer,United States,Little Rock,Arkansas,South,Technology,Accessories,323.37,3,129.348,107.79,0.4,2,FALSE
2019,June,11,24,Second Class,Consumer,United States,New York City,New York,East,Technology,Accessories,239.97,3,71.991,79.99,0.3,2,FALSE
2019,June,14,24,First Class,Home Office,United States,San Francisco,California,West,Technology,Accessories,29.29,1,9.6657,29.29,0.33,2,FALSE
2019,June,14,24,First Class,Consumer,United States,Boca Raton,Florida,South,Technology,Accessories,18.464,2,2.308,9.232,0.125,2,FALSE
2019,June,17,25,First Class,Consumer,United States,Troy,New York,East,Technology,Accessories,30,2,3.3,15,0.11,2,FALSE
2019,June,26,26,Second Class,Home Office,United States,Plano,Texas,Central,Technology,Accessories,13.616,2,3.5742,6.808,0.2625,2,FALSE
2019,June,30,27,Second Class,Home Office,United States,Aurora,Illinois,Central,Technology,Accessories,50.12,7,-0.6265,7.16,-0.0125,2,TRUE
2019,July,1,27,Same Day,Home Office,United States,New York City,New York,East,Technology,Accessories,30.84,3,6.168,10.28,0.2,3,FALSE
2019,July,14,29,Same Day,Consumer,United States,Huntsville,Alabama,South,Technology,Accessories,29,2,7.25,14.5,0.25,3,TRUE
2019,July,16,29,Second Class,Corporate,United States,Columbia,South Carolina,South,Technology,Accessories,75.98,2,18.2352,37.99,0.24,3,FALSE
2019,July,17,29,Second Class,Consumer,United States,Seattle,Washington,West,Technology,Accessories,428.4,3,89.964,142.8,0.21,3,FALSE
2019,July,18,29,Second Class,Consumer,United States,Dallas,Texas,Central,Technology,Accessories,15.576,3,3.3099,5.192,0.2125,3,FALSE
2019,July,19,29,First Class,Home Office,United States,San Francisco,California,West,Technology,Accessories,389.97,3,132.5898,129.99,0.34,3,FALSE
2019,July,25,30,Second Class,Corporate,United States,Milwaukee,Wisconsin,Central,Technology,Accessories,124.25,7,48.4575,17.75,0.39,3,FALSE
2019,August,3,31,Second Class,Consumer,United States,Tulsa,Oklahoma,Central,Technology,Accessories,167.28,12,23.4192,13.94,0.14,3,FALSE
2019,August,12,33,Second Class,Consumer,United States,Carrollton,Texas,Central,Technology,Accessories,1399.944,7,52.4979,199.992,0.0375,3,FALSE
2019,August,13,33,Same Day,Consumer,United States,Kenner,Louisiana,South,Technology,Accessories,71.98,2,15.1158,35.99,0.21,3,FALSE
2019,August,26,35,First Class,Corporate,United States,Pasadena,Texas,Central,Technology,Accessories,159.984,2,43.9956,79.992,0.275,3,FALSE
2019,September,1,36,First Class,Home Office,United States,New York City,New York,East,Technology,Accessories,6.79,1,2.3086,6.79,0.34,3,TRUE
2019,September,2,36,Second Class,Home Office,United States,Houston,Texas,Central,Technology,Accessories,159.56,5,33.9065,31.912,0.2125,3,FALSE
2019,September,6,36,Second Class,Consumer,United States,New York City,New York,East,Technology,Accessories,31.86,2,11.151,15.93,0.35,3,FALSE
2019,September,8,37,Second Class,Consumer,United States,Houston,Texas,Central,Technology,Accessories,57.584,2,0.7198,28.792,0.0125,3,TRUE
2019,October,1,40,Same Day,Consumer,United States,Amarillo,Texas,Central,Technology,Accessories,79.512,3,20.8719,26.504,0.2625,4,FALSE
2019,October,6,41,First Class,Home Office,United States,Pueblo,Colorado,West,Technology,Accessories,67.96,5,0.8495,13.592,0.0125,4,TRUE
2019,October,21,43,First Class,Consumer,United States,Baltimore,Maryland,East,Technology,Accessories,98.16,6,9.816,16.36,0.1,4,FALSE
2019,October,24,43,Second Class,Corporate,United States,Los Angeles,California,West,Technology,Accessories,100,4,21,25,0.21,4,FALSE
2019,October,24,43,Second Class,Corporate,United States,Los Angeles,California,West,Technology,Accessories,359.98,2,21.5988,179.99,0.06,4,FALSE
2019,October,24,43,Same Day,Consumer,United States,San Francisco,California,West,Technology,Accessories,199.99,1,85.9957,199.99,0.43,4,FALSE
2019,November,3,45,First Class,Consumer,United States,Los Angeles,California,West,Technology,Accessories,82.95,5,29.0325,16.59,0.35,4,TRUE
2019,November,5,45,Second Class,Consumer,United States,San Jose,California,West,Technology,Accessories,72,4,12.96,18,0.18,4,FALSE
2019,November,5,45,First Class,Consumer,United States,Virginia Beach,Virginia,South,Technology,Accessories,89.97,3,18.8937,29.99,0.21,4,FALSE
2019,November,14,46,Second Class,Consumer,United States,Atlanta,Georgia,South,Technology,Accessories,499.98,2,114.9954,249.99,0.23,4,FALSE
2019,November,18,47,Second Class,Corporate,United States,Huntsville,Alabama,South,Technology,Accessories,1319.96,4,527.984,329.99,0.4,4,FALSE
2019,November,20,47,Second Class,Home Office,United States,Columbus,Ohio,East,Technology,Accessories,255.984,2,54.3966,127.992,0.2125,4,FALSE
2019,November,24,48,First Class,Consumer,United States,New York City,New York,East,Technology,Accessories,88.4,4,11.492,22.1,0.13,4,TRUE
2019,November,24,48,Second Class,Consumer,United States,Dallas,Texas,Central,Technology,Accessories,297.576,3,-7.4394,99.192,-0.025,4,TRUE
2019,November,24,48,Second Class,Consumer,United States,Dallas,Texas,Central,Technology,Accessories,94.992,2,-2.3748,47.496,-0.025,4,TRUE
2019,November,24,48,First Class,Home Office,United States,Cleveland,Ohio,East,Technology,Accessories,139.96,5,-22.7435,27.992,-0.1625,4,TRUE
2019,November,26,48,First Class,Home Office,United States,Shelton,Connecticut,East,Technology,Accessories,59.97,3,14.9925,19.99,0.25,4,FALSE
2019,November,27,48,Second Class,Corporate,United States,Chicago,Illinois,Central,Technology,Accessories,62.4,6,19.5,10.4,0.3125,4,FALSE
2019,November,27,48,First Class,Corporate,United States,Overland Park,Kansas,Central,Technology,Accessories,34.95,5,15.378,6.99,0.44,4,FALSE
2019,November,28,48,Second Class,Corporate,United States,Marietta,Georgia,South,Technology,Accessories,101.7,6,6.102,16.95,0.06,4,FALSE
2019,November,29,48,Second Class,Corporate,United States,Dallas,Texas,Central,Technology,Accessories,58.416,2,16.7946,29.208,0.2875,4,FALSE
2019,December,3,49,First Class,Consumer,United States,Los Angeles,California,West,Technology,Accessories,1649.95,5,659.98,329.99,0.4,4,FALSE
2019,December,4,49,First Class,Consumer,United States,New York City,New York,East,Technology,Accessories,78.15,1,34.386,78.15,0.44,4,FALSE
2019,December,9,50,Second Class,Corporate,United States,Chicago,Illinois,Central,Technology,Accessories,19.04,4,-1.428,4.76,-0.075,4,FALSE
2019,December,11,50,Second Class,Corporate,United States,Vancouver,Washington,West,Technology,Accessories,316,4,31.6,79,0.1,4,FALSE
2019,December,11,50,Same Day,Consumer,United States,Anaheim,California,West,Technology,Accessories,119.96,4,25.1916,29.99,0.21,4,FALSE
2019,December,11,50,Second Class,Consumer,United States,Aurora,Colorado,West,Technology,Accessories,119.8,5,29.95,23.96,0.25,4,FALSE
2019,December,12,50,Same Day,Corporate,United States,Lorain,Ohio,East,Technology,Accessories,383.952,6,76.7904,63.992,0.2,4,FALSE
2019,December,18,51,First Class,Home Office,United States,Salem,Oregon,West,Technology,Accessories,112.776,3,-8.4582,37.592,-0.075,4,FALSE
2019,December,24,52,Second Class,Home Office,United States,Charlotte,North Carolina,South,Technology,Accessories,255.68,8,76.704,31.96,0.3,4,FALSE
2019,December,25,52,First Class,Corporate,United States,Los Angeles,California,West,Technology,Accessories,254.24,7,76.272,36.32,0.3,4,FALSE
2019,December,27,52,Second Class,Consumer,United States,Lancaster,Ohio,East,Technology,Accessories,40,2,0.5,20,0.0125,4,FALSE
2020,January,2,1,Second Class,Corporate,United States,Los Angeles,California,West,Technology,Accessories,115.59,1,5.8065,115.59,0.05023358422,1,FALSE
2020,January,14,3,First Class,Corporate,United States,Aurora,Colorado,West,Technology,Accessories,194.064,7,-14.7931,27.72342857,-0.07622794542,1,FALSE
2020,January,15,3,First Class,Consumer,United States,Austin,Texas,Central,Technology,Accessories,102.592,8,13.3008,12.824,0.1296475359,1,FALSE
2020,January,15,3,First Class,Consumer,United States,Austin,Texas,Central,Technology,Accessories,160.984,2,14.3952,80.492,0.08942006659,1,FALSE
2020,January,27,5,Second Class,Consumer,United States,Kent,Ohio,East,Technology,Accessories,117.976,3,-8.997,39.32533333,-0.07626127348,1,FALSE
2020,January,28,5,Second Class,Home Office,United States,Costa Mesa,California,West,Technology,Accessories,284.97,3,26.3967,94.99,0.0926297505,1,FALSE
2020,February,18,8,Second Class,Corporate,United States,Los Angeles,California,West,Technology,Accessories,146.53,3,47.0979,48.84333333,0.3214215519,1,FALSE
2020,March,5,10,Same Day,Corporate,United States,Southaven,Mississippi,South,Technology,Accessories,339.97,3,125.9874,113.3233333,0.370583875,1,FALSE
2020,March,10,11,Second Class,Corporate,United States,San Francisco,California,West,Technology,Accessories,123.96,4,21.2724,30.99,0.17160697,1,FALSE
2020,March,13,11,Second Class,Home Office,United States,Albuquerque,New Mexico,West,Technology,Accessories,232.95,5,88.1295,46.59,0.3783193818,1,FALSE
2020,March,16,12,Same Day,Consumer,United States,Columbus,Ohio,East,Technology,Accessories,197.984,2,43.9956,98.992,0.222217957,1,FALSE
2020,March,17,12,Second Class,Consumer,United States,New York City,New York,East,Technology,Accessories,104.06,3,18.2592,34.68666667,0.1754679992,1,FALSE
2020,March,17,12,Second Class,Consumer,United States,New York City,New York,East,Technology,Accessories,134.6,8,13.604,16.825,0.1010698366,1,FALSE
2020,March,19,12,First Class,Consumer,United States,San Francisco,California,West,Technology,Accessories,147.54,2,10.9494,73.77,0.07421309475,1,FALSE
2020,March,19,12,First Class,Consumer,United States,San Francisco,California,West,Technology,Accessories,238.96,4,85.9828,59.74,0.3598208905,1,FALSE
2020,March,24,13,Second Class,Corporate,United States,New York City,New York,East,Technology,Accessories,106,2,11.7,53,0.1103773585,1,FALSE
2020,April,2,14,First Class,Home Office,United States,Columbus,Georgia,South,Technology,Accessories,404,4,129.6,101,0.3207920792,2,FALSE
2020,April,10,15,Same Day,Consumer,United States,Austin,Texas,Central,Technology,Accessories,126.736,3,20.3439,42.24533333,0.1605218722,2,FALSE
2020,April,16,16,First Class,Corporate,United States,Hoover,Alabama,South,Technology,Accessories,109.98,2,1.5588,54.99,0.01417348609,2,FALSE
2020,April,21,17,First Class,Consumer,United States,Seattle,Washington,West,Technology,Accessories,118.54,1,3.462,118.54,0.02920533153,2,FALSE
2020,April,21,17,First Class,Corporate,United States,Houston,Texas,Central,Technology,Accessories,116.976,3,8.3958,38.992,0.07177369717,2,FALSE
2020,April,23,17,Second Class,Consumer,United States,Lawrence,Indiana,Central,Technology,Accessories,178.34,6,55.9224,29.72333333,0.3135718291,2,FALSE
2020,April,24,17,First Class,Corporate,United States,Providence,Rhode Island,East,Technology,Accessories,100.98,2,4.8986,50.49,0.04851059616,2,FALSE
2020,April,25,17,Second Class,Consumer,United States,San Francisco,California,West,Technology,Accessories,133.97,3,22.6737,44.65666667,0.169244607,2,FALSE
2020,May,2,18,Second Class,Corporate,United States,Los Angeles,California,West,Technology,Accessories,193.56,4,59.0372,48.39,0.3050072329,2,FALSE
2020,May,9,19,First Class,Home Office,United States,Seattle,Washington,West,Technology,Accessories,217.98,2,87.9912,108.99,0.4036663914,2,FALSE
2020,May,12,20,Second Class,Consumer,United States,Vineland,New Jersey,East,Technology,Accessories,137.4,5,34.96,27.48,0.2544395924,2,FALSE
2020,May,14,20,First Class,Corporate,United States,Baltimore,Maryland,East,Technology,Accessories,111.97,3,18.8937,37.32333333,0.1687389479,2,FALSE
2020,May,14,20,Same Day,Consumer,United States,Santa Ana,California,West,Technology,Accessories,1433.93,7,601.9699,204.8471429,0.4198042443,2,FALSE
2020,May,19,21,Second Class,Home Office,United States,San Francisco,California,West,Technology,Accessories,117.32,1,10.896,117.32,0.09287419025,2,FALSE
2020,May,22,21,Second Class,Consumer,United States,Los Angeles,California,West,Technology,Accessories,113.46,7,25.3302,16.20857143,0.2232522475,2,FALSE
2020,May,25,22,Same Day,Consumer,United States,New York City,New York,East,Technology,Accessories,139,8,13.2,17.375,0.09496402878,2,FALSE
2020,June,1,23,Second Class,Corporate,United States,Indianapolis,Indiana,Central,Technology,Accessories,118.97,3,15.9543,39.65666667,0.1341035555,2,FALSE
2020,June,1,23,Second Class,Corporate,United States,Indianapolis,Indiana,Central,Technology,Accessories,143.89,1,14.7593,143.89,0.1025734936,2,FALSE
2020,June,16,25,Second Class,Consumer,United States,Dublin,Ohio,East,Technology,Accessories,492.952,6,107.9892,82.15866667,0.2190663594,2,FALSE
2020,June,19,25,Second Class,Corporate,United States,Newark,Ohio,East,Technology,Accessories,161.328,9,1.5291,17.92533333,0.009478205891,2,FALSE
2020,June,27,26,Second Class,Corporate,United States,Seattle,Washington,West,Technology,Accessories,1297.45,5,244.6155,259.49,0.188535589,2,FALSE
2020,June,29,27,First Class,Consumer,United States,Los Angeles,California,West,Technology,Accessories,164.31,3,22.4316,54.77,0.1365199927,2,FALSE
2020,July,3,27,Same Day,Home Office,United States,Seattle,Washington,West,Technology,Accessories,1729.8,4,742.632,432.45,0.429316684,3,FALSE
2020,July,3,27,Same Day,Home Office,United States,Seattle,Washington,West,Technology,Accessories,144.98,2,26.3912,72.49,0.1820333839,3,FALSE
2020,July,7,28,Second Class,Corporate,United States,Warwick,Rhode Island,East,Technology,Accessories,262,4,93.24,65.5,0.3558778626,3,FALSE
2020,July,7,28,First Class,Consumer,United States,Philadelphia,Pennsylvania,East,Technology,Accessories,557.92,2,85.787,278.96,0.1537621881,3,FALSE
2020,July,7,28,First Class,Consumer,United States,Philadelphia,Pennsylvania,East,Technology,Accessories,114.776,3,4.8231,38.25866667,0.04202185126,3,FALSE
2020,July,11,28,Second Class,Consumer,United States,New York City,New York,East,Technology,Accessories,172.6,6,17.238,28.76666667,0.09987253766,3,FALSE
2020,July,15,29,Second Class,Consumer,United States,New York City,New York,East,Technology,Accessories,160.9,2,8.799,80.45,0.05468614046,3,FALSE
2020,July,23,30,Second Class,Consumer,United States,Elkhart,Indiana,Central,Technology,Accessories,191.75,5,11.1825,38.35,0.05831812256,3,FALSE
2020,July,23,30,First Class,Home Office,United States,Kenosha,Wisconsin,Central,Technology,Accessories,410.95,5,143.982,82.19,0.3503637912,3,FALSE
2020,July,27,31,Second Class,Consumer,United States,Seattle,Washington,West,Technology,Accessories,274.95,5,32.893,54.99,0.1196326605,3,FALSE
2020,August,7,32,Second Class,Consumer,United States,Jacksonville,North Carolina,South,Technology,Accessories,100.992,1,21.9978,100.992,0.2178172529,3,FALSE
2020,August,7,32,First Class,Consumer,United States,Dallas,Texas,Central,Technology,Accessories,160.448,3,-13.4379,53.48266667,-0.08375236837,3,FALSE
2020,August,21,34,Second Class,Corporate,United States,Seattle,Washington,West,Technology,Accessories,135.18,2,11.613,67.59,0.08590767865,3,FALSE
2020,August,27,35,Same Day,Corporate,United States,Philadelphia,Pennsylvania,East,Technology,Accessories,1131.888,14,209.979,80.84914286,0.1855121708,3,FALSE
2020,September,7,37,Same Day,Consumer,United States,Saint Charles,Missouri,Central,Technology,Accessories,125.52,4,46.5432,31.38,0.3708030593,3,FALSE
2020,September,8,37,Second Class,Corporate,United States,Marion,Ohio,East,Technology,Accessories,133.832,4,33.5892,33.458,0.2509803336,3,FALSE
2020,September,8,37,Second Class,Corporate,United States,Houston,Texas,Central,Technology,Accessories,153.2,6,20.235,25.53333333,0.1320822454,3,FALSE
2020,September,10,37,Second Class,Consumer,United States,Springfield,Missouri,Central,Technology,Accessories,138.8,6,6.768,23.13333333,0.04876080692,3,FALSE
2020,September,10,37,Second Class,Consumer,United States,Springfield,Missouri,Central,Technology,Accessories,324.85,5,53.433,64.97,0.164485147,3,FALSE
2020,September,16,38,First Class,Consumer,United States,Philadelphia,Pennsylvania,East,Technology,Accessories,109.976,3,19.7934,36.65866667,0.1799792682,3,FALSE
2020,September,16,38,Second Class,Home Office,United States,Florence,Kentucky,South,Technology,Accessories,99,1,3.24,99,0.03272727273,3,FALSE
2020,September,16,38,First Class,Consumer,United States,Philadelphia,Pennsylvania,East,Technology,Accessories,125.984,2,14.3952,62.992,0.1142621285,3,FALSE
2020,September,17,38,First Class,Consumer,United States,Boise,Idaho,West,Technology,Accessories,120.97,3,37.7874,40.32333333,0.3123700091,3,FALSE
2020,September,21,39,First Class,Consumer,United States,Seattle,Washington,West,Technology,Accessories,122.98,2,26.3934,61.49,0.2146153846,3,FALSE
2020,September,21,39,First Class,Consumer,United States,Seattle,Washington,West,Technology,Accessories,172.98,2,15.1158,86.49,0.08738466875,3,FALSE
2020,September,22,39,Second Class,Consumer,United States,Philadelphia,Pennsylvania,East,Technology,Accessories,110.984,2,22.9954,55.492,0.2071956318,3,FALSE
2020,September,22,39,Second Class,Consumer,United States,New York City,New York,East,Technology,Accessories,1106,9,171.36,122.8888889,0.1549367089,3,FALSE
2020,September,22,39,First Class,Consumer,United States,Fayetteville,Arkansas,South,Technology,Accessories,131.95,5,15.378,26.39,0.1165441455,3,FALSE
2020,September,23,39,Second Class,Consumer,United States,Pine Bluff,Arkansas,South,Technology,Accessories,238.95,5,63.984,47.79,0.2677715003,3,FALSE
2020,September,24,39,Second Class,Consumer,United States,Miami,Florida,South,Technology,Accessories,114.88,3,2.4585,38.29333333,0.02140059192,3,FALSE
2020,September,25,39,Second Class,Consumer,United States,Cincinnati,Ohio,East,Technology,Accessories,161.96,5,35.988,32.392,0.2222030131,3,FALSE
2020,September,28,40,First Class,Home Office,United States,Aurora,Colorado,West,Technology,Accessories,142.384,2,1.3596,71.192,0.009548825711,3,FALSE
2020,September,29,40,Same Day,Home Office,United States,Mentor,Ohio,East,Technology,Accessories,278.976,3,65.9934,92.992,0.2365558328,3,FALSE
2020,September,30,40,Second Class,Home Office,United States,Los Angeles,California,West,Technology,Accessories,206.98,2,47.994,103.49,0.2318774761,3,FALSE
2020,October,3,40,Second Class,Home Office,United States,New York City,New York,East,Technology,Accessories,403.97,3,66.9546,134.6566667,0.1657415155,4,FALSE
2020,October,5,41,First Class,Home Office,United States,Denver,Colorado,West,Technology,Accessories,164.824,2,13.5626,82.412,0.08228534679,4,FALSE
2020,October,12,42,Second Class,Consumer,United States,Los Angeles,California,West,Technology,Accessories,461.84,12,130.752,38.48666667,0.2831110341,4,FALSE
2020,October,12,42,First Class,Home Office,United States,San Francisco,California,West,Technology,Accessories,110.99,1,0.4356,110.99,0.003924677899,4,FALSE
2020,October,12,42,First Class,Corporate,United States,Dallas,Texas,Central,Technology,Accessories,157.984,2,-1.4994,78.992,-0.009490834515,4,FALSE
2020,October,21,43,First Class,Corporate,United States,Springfield,Oregon,West,Technology,Accessories,134.4,2,6.745,67.2,0.0501860119,4,FALSE
2020,October,28,44,Second Class,Consumer,United States,Houston,Texas,Central,Technology,Accessories,109.176,2,-3.272,54.588,-0.02996995677,4,FALSE
2020,October,28,44,Second Class,Consumer,United States,Houston,Texas,Central,Technology,Accessories,138,2,-2.7,69,-0.01956521739,4,FALSE
2020,November,2,45,Second Class,Corporate,United States,Henderson,Kentucky,South,Technology,Accessories,2295.91,9,517.4793,255.1011111,0.2253918054,4,FALSE
2020,November,3,45,First Class,Home Office,United States,San Diego,California,West,Technology,Accessories,220.75,5,87.89,44.15,0.3981426954,4,FALSE
2020,November,3,45,Second Class,Consumer,United States,Seattle,Washington,West,Technology,Accessories,127.5,3,10.875,42.5,0.08529411765,4,FALSE
2020,November,5,45,First Class,Corporate,United States,Farmington,New Mexico,West,Technology,Accessories,184.99,1,54.3966,184.99,0.2940515704,4,FALSE
2020,November,6,45,Same Day,Home Office,United States,San Francisco,California,West,Technology,Accessories,140.95,1,1.017,140.95,0.007215324583,4,FALSE
2020,November,7,45,Second Class,Home Office,United States,Brentwood,California,West,Technology,Accessories,176.97,3,13.7931,58.99,0.07794032887,4,FALSE
2020,November,9,46,Second Class,Corporate,United States,Columbia,Maryland,East,Technology,Accessories,55.62,3,355.4466,18.54,6.390625674,4,FALSE
2020,November,10,46,First Class,Corporate,United States,Tucson,Arizona,West,Technology,Accessories,257.952,6,-35.9928,42.992,-0.1395329364,4,FALSE
2020,November,12,46,Same Day,Home Office,United States,Glendale,Arizona,West,Technology,Accessories,131.6,4,13,32.9,0.09878419453,4,FALSE
2020,November,13,46,Second Class,Home Office,United States,Yonkers,New York,East,Technology,Accessories,199.96,4,70.5028,49.99,0.3525845169,4,FALSE
2020,November,13,46,First Class,Corporate,United States,Springfield,Ohio,East,Technology,Accessories,151.864,4,9.1296,37.966,0.06011694674,4,FALSE
2020,November,13,46,Second Class,Consumer,United States,Oxnard,California,West,Technology,Accessories,151.95,5,29.0325,30.39,0.1910661402,4,FALSE
2020,November,17,47,Second Class,Consumer,United States,Naperville,Illinois,Central,Technology,Accessories,269.96,5,83.986,53.992,0.3111053489,4,FALSE
2020,November,18,47,First Class,Consumer,United States,Seattle,Washington,West,Technology,Accessories,159.52,4,54.3332,39.88,0.3406043129,4,FALSE
2020,November,20,47,Second Class,Corporate,United States,New York City,New York,East,Technology,Accessories,85.97,3,1.3365,28.65666667,0.01554612074,4,FALSE
2020,November,26,48,First Class,Consumer,United States,Gladstone,Missouri,Central,Technology,Accessories,136.04,2,12.1728,68.02,0.08947956483,4,FALSE
2020,November,27,48,First Class,Corporate,United States,Milwaukee,Wisconsin,Central,Technology,Accessories,166.73,9,56.0547,18.52555556,0.3362004438,4,FALSE
2020,November,30,49,Second Class,Corporate,United States,El Paso,Texas,Central,Technology,Accessories,115.976,3,-10.7973,38.65866667,-0.09309943437,4,FALSE
2020,December,1,49,Second Class,Consumer,United States,New York City,New York,East,Technology,Accessories,127.37,3,6.9258,42.45666667,0.05437544163,4,FALSE
2020,December,3,49,Second Class,Consumer,United States,Thornton,Colorado,West,Technology,Accessories,122.752,6,10.5534,20.45866667,0.08597334463,4,FALSE
2020,December,3,49,Second Class,Consumer,United States,Thornton,Colorado,West,Technology,Accessories,150.336,8,14.0712,18.792,0.09359833972,4,FALSE
2020,December,3,49,Second Class,Consumer,United States,Jacksonville,Florida,South,Technology,Accessories,137.992,1,7.1988,137.992,0.05216824164,4,FALSE
2020,December,5,49,First Class,Consumer,United States,Columbus,Indiana,Central,Technology,Accessories,140.39,3,40.7499,46.79666667,0.2902621269,4,FALSE
2020,December,7,50,First Class,Consumer,United States,Toledo,Ohio,East,Technology,Accessories,142.984,2,25.5968,71.492,0.1790186315,4,FALSE
2020,December,9,50,Second Class,Consumer,United States,Detroit,Michigan,Central,Technology,Accessories,123.88,6,41.952,20.64666667,0.3386503067,4,FALSE
2020,December,9,50,Second Class,Consumer,United States,Richmond,Kentucky,South,Technology,Accessories,166.45,5,48.3285,33.29,0.290348453,4,FALSE
2020,December,10,50,Second Class,Home Office,United States,Jackson,Mississippi,South,Technology,Accessories,106.97,3,257.9871,35.65666667,2.41177059,4,FALSE
2020,December,10,50,Second Class,Corporate,United States,Seattle,Washington,West,Technology,Accessories,447.08,3,4.908,149.0266667,0.01097790105,4,FALSE
2020,December,11,50,First Class,Corporate,United States,Palatine,Illinois,Central,Technology,Accessories,440.312,7,23.2624,62.90171429,0.05283162848,4,FALSE
2020,December,14,51,Same Day,Consumer,United States,Skokie,Illinois,Central,Technology,Accessories,274.264,3,-4.908,91.42133333,-0.0178951667,4,FALSE
2020,December,16,51,Second Class,Corporate,United States,Sunnyvale,California,West,Technology,Accessories,378.95,5,31.4895,75.79,0.08309671461,4,FALSE
2020,December,16,51,Second Class,Corporate,United States,Sunnyvale,California,West,Technology,Accessories,522.95,5,45.588,104.59,0.08717468209,4,FALSE
2020,December,18,51,Second Class,Consumer,United States,Encinitas,California,West,Technology,Accessories,395.98,2,57.5904,197.99,0.1454376484,4,FALSE
2020,December,21,52,First Class,Consumer,United States,Bowling Green,Kentucky,South,Technology,Accessories,315,4,27.69,78.75,0.0879047619,4,FALSE
2020,December,22,52,First Class,Consumer,United States,Detroit,Michigan,Central,Technology,Accessories,469.99,1,30.5964,469.99,0.06510010851,4,FALSE
2020,December,22,52,First Class,Consumer,United States,Detroit,Michigan,Central,Technology,Accessories,317.95,5,63.984,63.59,0.2012391886,4,FALSE
2020,December,22,52,First Class,Consumer,United States,Los Angeles,California,West,Technology,Accessories,263.95,5,142.485,52.79,0.5398181474,4,FALSE
2019,January,3,1,Standard Class,Corporate,United States,San Antonio,Texas,Central,Technology,Accessories,30.08,2,-5.264,15.04,-0.175,1,FALSE
2019,January,3,1,Standard Class,Corporate,United States,San Antonio,Texas,Central,Technology,Accessories,165.6,3,-6.21,55.2,-0.0375,1,FALSE
2019,January,9,2,Standard Class,Corporate,United States,Fresno,California,West,Technology,Accessories,349.95,5,118.983,69.99,0.34,1,FALSE
2019,January,10,2,Standard Class,Corporate,United States,Seattle,Washington,West,Technology,Accessories,69.98,2,13.2962,34.99,0.19,1,FALSE
2019,January,15,3,Standard Class,Home Office,United States,Westfield,New Jersey,East,Technology,Accessories,254.97,3,91.7892,84.99,0.36,1,FALSE
2019,January,17,3,Standard Class,Home Office,United States,Concord,New Hampshire,East,Technology,Accessories,29.99,1,13.1956,29.99,0.44,1,FALSE
2019,January,17,3,Standard Class,Home Office,United States,Concord,New Hampshire,East,Technology,Accessories,371.97,3,66.9546,123.99,0.18,1,FALSE
2019,January,17,3,Standard Class,Corporate,United States,Columbus,Georgia,South,Technology,Accessories,316,4,31.6,79,0.1,1,FALSE
2019,January,22,4,Standard Class,Home Office,United States,Cleveland,Ohio,East,Technology,Accessories,55.176,3,15.8631,18.392,0.2875,1,FALSE
2019,January,23,4,Standard Class,Corporate,United States,Burlington,Vermont,East,Technology,Accessories,99.98,2,42.9914,49.99,0.43,1,FALSE
2019,February,9,6,Standard Class,Corporate,United States,San Francisco,California,West,Technology,Accessories,89.97,3,39.5868,29.99,0.44,1,FALSE
2019,February,9,6,Standard Class,Corporate,United States,San Francisco,California,West,Technology,Accessories,31.86,2,11.151,15.93,0.35,1,FALSE
2019,February,16,7,Standard Class,Consumer,United States,New York City,New York,East,Technology,Accessories,89.97,3,39.5868,29.99,0.44,1,FALSE
2019,February,22,8,Standard Class,Consumer,United States,Los Angeles,California,West,Technology,Accessories,36.24,1,15.2208,36.24,0.42,1,FALSE
2019,March,3,10,Standard Class,Consumer,United States,Round Rock,Texas,Central,Technology,Accessories,41.72,7,5.7365,5.96,0.1375,1,TRUE
2019,March,4,10,Standard Class,Corporate,United States,Dover,New Hampshire,East,Technology,Accessories,159.98,2,57.5928,79.99,0.36,1,FALSE
2019,March,8,10,Standard Class,Home Office,United States,Dallas,Texas,Central,Technology,Accessories,27.96,5,8.388,5.592,0.3,1,FALSE
2019,March,9,10,Standard Class,Home Office,United States,Milford,Connecticut,East,Technology,Accessories,199.75,5,87.89,39.95,0.44,1,FALSE
2019,March,10,11,Standard Class,Consumer,United States,Philadelphia,Pennsylvania,East,Technology,Accessories,39.992,1,7.4985,39.992,0.1875,1,TRUE
2019,March,15,11,Standard Class,Home Office,United States,Philadelphia,Pennsylvania,East,Technology,Accessories,83.976,3,-13.6461,27.992,-0.1625,1,FALSE
2019,April,8,15,Standard Class,Consumer,United States,Houston,Texas,Central,Technology,Accessories,431.928,9,64.7892,47.992,0.15,2,FALSE
2019,April,15,16,Standard Class,Home Office,United States,Gastonia,North Carolina,South,Technology,Accessories,408.744,7,76.6395,58.392,0.1875,2,FALSE
2019,April,15,16,Standard Class,Home Office,United States,Gastonia,North Carolina,South,Technology,Accessories,291.96,5,54.7425,58.392,0.1875,2,FALSE
2019,April,16,16,Standard Class,Consumer,United States,Nashville,Tennessee,South,Technology,Accessories,35.168,4,8.3524,8.792,0.2375,2,FALSE
2019,April,23,17,Standard Class,Corporate,United States,Hesperia,California,West,Technology,Accessories,99.99,1,34.9965,99.99,0.35,2,FALSE
2019,May,6,19,Standard Class,Consumer,United States,Chicago,Illinois,Central,Technology,Accessories,26.176,2,-3.272,13.088,-0.125,2,FALSE
2019,May,7,19,Standard Class,Consumer,United States,New York City,New York,East,Technology,Accessories,199.95,5,21.9945,39.99,0.11,2,FALSE
2019,May,9,19,Standard Class,Consumer,United States,Seattle,Washington,West,Technology,Accessories,93.98,2,13.1572,46.99,0.14,2,FALSE
2019,May,12,20,Standard Class,Consumer,United States,Mission Viejo,California,West,Technology,Accessories,120,6,46.8,20,0.39,2,TRUE
2019,May,22,21,Standard Class,Consumer,United States,Passaic,New Jersey,East,Technology,Accessories,95.1,5,30.432,19.02,0.32,2,FALSE
2019,May,28,22,Standard Class,Consumer,United States,Los Angeles,California,West,Technology,Accessories,131.6,7,7.896,18.8,0.06,2,FALSE
2019,May,30,22,Standard Class,Corporate,United States,Springfield,Virginia,South,Technology,Accessories,1979.7,6,653.301,329.95,0.33,2,FALSE
2019,May,30,22,Standard Class,Corporate,United States,Arlington,Virginia,South,Technology,Accessories,111.98,2,26.8752,55.99,0.24,2,FALSE
2019,June,6,23,Standard Class,Home Office,United States,Santa Barbara,California,West,Technology,Accessories,26.96,2,3.7744,13.48,0.14,2,FALSE
2019,June,11,24,Standard Class,Consumer,United States,Seattle,Washington,West,Technology,Accessories,389.97,3,132.5898,129.99,0.34,2,FALSE
2019,June,20,25,Standard Class,Consumer,United States,Dover,Delaware,East,Technology,Accessories,45,3,4.95,15,0.11,2,FALSE
2019,June,20,25,Standard Class,Corporate,United States,Carrollton,Texas,Central,Technology,Accessories,95.968,4,26.3912,23.992,0.275,2,FALSE
2019,June,20,25,Standard Class,Corporate,United States,Oklahoma City,Oklahoma,Central,Technology,Accessories,6.9,1,0.552,6.9,0.08,2,FALSE
2019,June,26,26,Standard Class,Corporate,United States,New York City,New York,East,Technology,Accessories,20.97,3,9.0171,6.99,0.43,2,FALSE
2019,June,26,26,Standard Class,Corporate,United States,New York City,New York,East,Technology,Accessories,139.96,4,9.7972,34.99,0.07,2,FALSE
2019,July,22,30,Standard Class,Consumer,United States,Westland,Michigan,Central,Technology,Accessories,109.95,1,36.2835,109.95,0.33,3,FALSE
2019,August,7,32,Standard Class,Corporate,United States,Edmonds,Washington,West,Technology,Accessories,179.97,3,86.3856,59.99,0.48,3,FALSE
2019,August,14,33,Standard Class,Corporate,United States,Akron,Ohio,East,Technology,Accessories,279.96,5,48.993,55.992,0.175,3,FALSE
2019,August,21,34,Standard Class,Corporate,United States,Los Angeles,California,West,Technology,Accessories,254.97,3,91.7892,84.99,0.36,3,FALSE
2019,August,23,34,Standard Class,Home Office,United States,Pharr,Texas,Central,Technology,Accessories,666.4,7,-33.32,95.2,-0.05,3,FALSE
2019,August,23,34,Standard Class,Home Office,United States,Sheboygan,Wisconsin,Central,Technology,Accessories,1.98,2,0.891,0.99,0.45,3,FALSE
2019,August,26,35,Standard Class,Corporate,United States,Philadelphia,Pennsylvania,East,Technology,Accessories,47.984,2,13.1956,23.992,0.275,3,FALSE
2019,August,26,35,Standard Class,Corporate,United States,New York City,New York,East,Technology,Accessories,249.95,5,87.4825,49.99,0.35,3,FALSE
2019,August,26,35,Standard Class,Home Office,United States,Franklin,Wisconsin,Central,Technology,Accessories,47.97,3,14.8707,15.99,0.31,3,FALSE
2019,August,26,35,Standard Class,Consumer,United States,Detroit,Michigan,Central,Technology,Accessories,479.97,3,163.1898,159.99,0.34,3,FALSE
2019,August,29,35,Standard Class,Home Office,United States,Chicago,Illinois,Central,Technology,Accessories,95.976,3,-10.7973,31.992,-0.1125,3,FALSE
2019,September,1,36,Standard Class,Consumer,United States,New York City,New York,East,Technology,Accessories,468.9,6,206.316,78.15,0.44,3,TRUE
2019,September,1,36,Standard Class,Consumer,United States,New York City,New York,East,Technology,Accessories,72.48,2,30.4416,36.24,0.42,3,TRUE
2019,September,2,36,Standard Class,Consumer,United States,Charlotte,North Carolina,South,Technology,Accessories,1012.68,3,303.804,337.56,0.3,3,FALSE
2019,September,4,36,Standard Class,Consumer,United States,Springfield,Missouri,Central,Technology,Accessories,279.95,5,67.188,55.99,0.24,3,FALSE
2019,September,5,36,Standard Class,Corporate,United States,San Diego,California,West,Technology,Accessories,116,8,29,14.5,0.25,3,FALSE
2019,September,8,37,Standard Class,Consumer,United States,Monroe,North Carolina,South,Technology,Accessories,35.168,4,8.3524,8.792,0.2375,3,TRUE
2019,September,11,37,Standard Class,Consumer,United States,San Diego,California,West,Technology,Accessories,3347.37,13,636.0003,257.49,0.19,3,FALSE
2019,September,12,37,Standard Class,Corporate,United States,Springfield,Virginia,South,Technology,Accessories,20.7,3,1.656,6.9,0.08,3,FALSE
2019,September,19,38,Standard Class,Consumer,United States,Columbus,Georgia,South,Technology,Accessories,249.95,5,107.4785,49.99,0.43,3,FALSE
2019,September,25,39,Standard Class,Corporate,United States,La Crosse,Wisconsin,Central,Technology,Accessories,499.95,5,174.9825,99.99,0.35,3,FALSE
2019,September,26,39,Standard Class,Home Office,United States,Covington,Washington,West,Technology,Accessories,100,4,21,25,0.21,3,FALSE
2019,September,26,39,Standard Class,Home Office,United States,Tallahassee,Florida,South,Technology,Accessories,431.976,3,-75.5958,143.992,-0.175,3,FALSE
2019,September,29,40,Standard Class,Consumer,United States,Mobile,Alabama,South,Technology,Accessories,209.97,3,71.3898,69.99,0.34,3,TRUE
2019,September,29,40,Standard Class,Consumer,United States,Los Angeles,California,West,Technology,Accessories,36.24,1,15.2208,36.24,0.42,3,TRUE
2019,October,13,42,Standard Class,Consumer,United States,Laredo,Texas,Central,Technology,Accessories,191.976,3,23.997,63.992,0.125,4,TRUE
2019,October,14,42,Standard Class,Corporate,United States,Seattle,Washington,West,Technology,Accessories,177,3,30.09,59,0.17,4,FALSE
2019,October,14,42,Standard Class,Consumer,United States,Jacksonville,North Carolina,South,Technology,Accessories,22.704,1,5.9598,22.704,0.2625,4,FALSE
2019,October,14,42,Standard Class,Consumer,United States,Appleton,Wisconsin,Central,Technology,Accessories,1649.75,5,544.4175,329.95,0.33,4,FALSE
2019,October,21,43,Standard Class,Consumer,United States,San Antonio,Texas,Central,Technology,Accessories,106.08,6,-9.282,17.68,-0.0875,4,FALSE
2019,October,24,43,Standard Class,Home Office,United States,San Francisco,California,West,Technology,Accessories,450,5,162,90,0.36,4,FALSE
2019,November,1,44,Standard Class,Consumer,United States,Chicago,Illinois,Central,Technology,Accessories,68.112,3,17.8794,22.704,0.2625,4,FALSE
2019,November,3,45,Standard Class,Home Office,United States,Philadelphia,Pennsylvania,East,Technology,Accessories,72,1,14.4,72,0.2,4,TRUE
2019,November,5,45,Standard Class,Consumer,United States,Houston,Texas,Central,Technology,Accessories,171.96,5,45.1395,34.392,0.2625,4,FALSE
2019,November,5,45,Standard Class,Consumer,United States,Seattle,Washington,West,Technology,Accessories,479.72,4,52.7692,119.93,0.11,4,FALSE
2019,November,7,45,Standard Class,Corporate,United States,Newark,Ohio,East,Technology,Accessories,119.976,3,22.4955,39.992,0.1875,4,FALSE
2019,November,7,45,Standard Class,Corporate,United States,San Francisco,California,West,Technology,Accessories,479.97,3,163.1898,159.99,0.34,4,FALSE
2019,November,9,45,Standard Class,Consumer,United States,Oakland,California,West,Technology,Accessories,479.97,3,177.5889,159.99,0.37,4,FALSE
2019,November,10,46,Standard Class,Home Office,United States,Springfield,Ohio,East,Technology,Accessories,178.92,7,-29.0745,25.56,-0.1625,4,TRUE
2019,November,10,46,Standard Class,Consumer,United States,Houston,Texas,Central,Technology,Accessories,279.944,7,48.9902,39.992,0.175,4,TRUE
2019,November,11,46,Standard Class,Consumer,United States,New York City,New York,East,Technology,Accessories,59.97,3,14.9925,19.99,0.25,4,FALSE
2019,November,11,46,Standard Class,Corporate,United States,Chicago,Illinois,Central,Technology,Accessories,95.968,4,1.1996,23.992,0.0125,4,FALSE
2019,November,11,46,Standard Class,Corporate,United States,New York City,New York,East,Technology,Accessories,36,2,6.48,18,0.18,4,FALSE
2019,November,12,46,Standard Class,Consumer,United States,Mesa,Arizona,West,Technology,Accessories,31.984,2,1.999,15.992,0.0625,4,FALSE
2019,November,15,46,Standard Class,Corporate,United States,Los Angeles,California,West,Technology,Accessories,99.39,3,40.7499,33.13,0.41,4,FALSE
2019,November,18,47,Standard Class,Consumer,United States,San Diego,California,West,Technology,Accessories,595,5,95.2,119,0.16,4,FALSE
2019,November,20,47,Standard Class,Corporate,United States,Montebello,California,West,Technology,Accessories,27.88,2,3.9032,13.94,0.14,4,FALSE
2019,November,21,47,Standard Class,Consumer,United States,Chicago,Illinois,Central,Technology,Accessories,81.576,3,2.0394,27.192,0.025,4,FALSE
2019,November,22,47,Standard Class,Consumer,United States,Houston,Texas,Central,Technology,Accessories,24.032,2,-0.6008,12.016,-0.025,4,FALSE
2019,November,24,48,Standard Class,Corporate,United States,Los Angeles,California,West,Technology,Accessories,659.9,2,217.767,329.95,0.33,4,TRUE
2019,November,24,48,Standard Class,Corporate,United States,Los Angeles,California,West,Technology,Accessories,559.92,8,190.3728,69.99,0.34,4,TRUE
2019,November,25,48,Standard Class,Corporate,United States,Jackson,Michigan,Central,Technology,Accessories,160,8,62.4,20,0.39,4,FALSE
2019,November,25,48,Standard Class,Consumer,United States,Lancaster,Ohio,East,Technology,Accessories,59.976,3,11.9952,19.992,0.2,4,FALSE
2019,December,2,49,Standard Class,Corporate,United States,Longmont,Colorado,West,Technology,Accessories,165.6,3,-6.21,55.2,-0.0375,4,FALSE
2019,December,8,50,Standard Class,Consumer,United States,Greenville,North Carolina,South,Technology,Accessories,68.112,3,17.8794,22.704,0.2625,4,TRUE
2019,December,8,50,Standard Class,Consumer,United States,Greenville,North Carolina,South,Technology,Accessories,16.56,3,-2.484,5.52,-0.15,4,TRUE
2019,December,9,50,Standard Class,Consumer,United States,Jackson,Michigan,Central,Technology,Accessories,59.98,2,25.1916,29.99,0.42,4,FALSE
2019,December,10,50,Standard Class,Consumer,United States,Seattle,Washington,West,Technology,Accessories,44.75,5,8.5025,8.95,0.19,4,FALSE
2019,December,12,50,Standard Class,Consumer,United States,Columbus,Georgia,South,Technology,Accessories,249.95,5,19.996,49.99,0.08,4,FALSE
2019,December,13,50,Standard Class,Corporate,United States,Norman,Oklahoma,Central,Technology,Accessories,63.88,4,24.9132,15.97,0.39,4,FALSE
2019,December,16,51,Standard Class,Home Office,United States,San Diego,California,West,Technology,Accessories,21.21,7,4.4541,3.03,0.21,4,FALSE
2019,December,17,51,Standard Class,Corporate,United States,Arlington,Texas,Central,Technology,Accessories,165.6,3,-6.21,55.2,-0.0375,4,FALSE
2019,December,18,51,Standard Class,Consumer,United States,San Diego,California,West,Technology,Accessories,772.47,3,146.7693,257.49,0.19,4,FALSE
2019,December,18,51,Standard Class,Consumer,United States,San Diego,California,West,Technology,Accessories,72.64,2,21.792,36.32,0.3,4,FALSE
2019,December,20,51,Standard Class,Consumer,United States,Jackson,Mississippi,South,Technology,Accessories,66.3,3,8.619,22.1,0.13,4,FALSE
2019,December,25,52,Standard Class,Consumer,United States,Fayetteville,Arkansas,South,Technology,Accessories,399.98,2,171.9914,199.99,0.43,4,FALSE
2019,December,25,52,Standard Class,Corporate,United States,Phoenix,Arizona,West,Technology,Accessories,100.8,2,21.42,50.4,0.2125,4,FALSE
2019,December,25,52,Standard Class,Corporate,United States,Phoenix,Arizona,West,Technology,Accessories,45.12,3,-7.896,15.04,-0.175,4,FALSE
2019,December,26,52,Standard Class,Consumer,United States,New York City,New York,East,Technology,Accessories,89.97,3,18.8937,29.99,0.21,4,FALSE
2020,January,14,3,Standard Class,Home Office,United States,Richmond,Indiana,Central,Technology,Accessories,188.8,4,70.312,47.2,0.3724152542,1,FALSE
2020,January,14,3,Standard Class,Home Office,United States,Richmond,Indiana,Central,Technology,Accessories,102.12,4,2.5452,25.53,0.02492361927,1,FALSE
2020,January,21,4,Standard Class,Home Office,United States,Seattle,Washington,West,Technology,Accessories,207.97,3,86.3856,69.32333333,0.4153752945,1,FALSE
2020,January,21,4,Standard Class,Home Office,United States,Jackson,Michigan,Central,Technology,Accessories,669.95,5,111.591,133.99,0.1665661617,1,FALSE
2020,January,23,4,Standard Class,Home Office,United States,Tucson,Arizona,West,Technology,Accessories,132.984,2,11.998,66.492,0.09022138002,1,FALSE
2020,January,28,5,Standard Class,Home Office,United States,New York City,New York,East,Technology,Accessories,470.91,9,157.4685,52.32333333,0.334391922,1,FALSE
2020,February,9,7,Standard Class,Consumer,United States,Houston,Texas,Central,Technology,Accessories,2154.984,2,15.998,1077.492,0.007423721011,1,TRUE
2020,February,13,7,Standard Class,Consumer,United States,Seattle,Washington,West,Technology,Accessories,835.96,4,343.9828,208.99,0.4114823676,1,FALSE
2020,February,20,8,Standard Class,Home Office,United States,Gilbert,Arizona,West,Technology,Accessories,131.992,1,4.7988,131.992,0.03635674889,1,FALSE
2020,February,21,8,Standard Class,Consumer,United States,Carrollton,Texas,Central,Technology,Accessories,973.904,1,-2.994,973.904,-0.003074224975,1,FALSE
2020,February,24,9,Standard Class,Corporate,United States,Philadelphia,Pennsylvania,East,Technology,Accessories,1333.8,5,214.4675,266.76,0.160794347,1,FALSE
2020,March,2,10,Standard Class,Corporate,United States,Los Angeles,California,West,Technology,Accessories,493.94,6,52.7934,82.32333333,0.1068822124,1,FALSE
2020,March,3,10,Standard Class,Consumer,United States,Dearborn Heights,Michigan,Central,Technology,Accessories,125.98,2,42.9914,62.99,0.3412557549,1,FALSE
2020,March,3,10,Standard Class,Consumer,United States,Los Angeles,California,West,Technology,Accessories,1099.44,8,440.7648,137.43,0.400899367,1,FALSE
2020,March,7,10,Standard Class,Home Office,United States,Clinton,Maryland,East,Technology,Accessories,134.08,3,4.908,44.69333333,0.03660501193,1,FALSE
2020,March,9,11,Standard Class,Corporate,United States,San Francisco,California,West,Technology,Accessories,234.98,2,69.993,117.49,0.2978679037,1,FALSE
2020,March,11,11,Standard Class,Home Office,United States,Cambridge,Massachusetts,East,Technology,Accessories,108.88,4,24.9132,27.22,0.2288133725,1,FALSE
2020,March,18,12,Standard Class,Consumer,United States,Tyler,Texas,Central,Technology,Accessories,153.816,3,4.5201,51.272,0.02938640974,1,FALSE
2020,March,20,12,Standard Class,Consumer,United States,Middletown,Connecticut,East,Technology,Accessories,252,2,38.08,126,0.1511111111,1,FALSE
2020,March,20,12,Standard Class,Corporate,United States,Seattle,Washington,West,Technology,Accessories,302.93,7,63.8232,43.27571429,0.2106862972,1,FALSE
2020,March,26,13,Standard Class,Corporate,United States,Houston,Texas,Central,Technology,Accessories,168.96,5,1.7995,33.792,0.01065044981,1,FALSE
2020,March,26,13,Standard Class,Home Office,United States,Virginia Beach,Virginia,South,Technology,Accessories,120.25,3,20.7675,40.08333333,0.1727027027,1,FALSE
2020,March,27,13,Standard Class,Consumer,United States,Houston,Texas,Central,Technology,Accessories,139.992,1,6.9986,139.992,0.04999285673,1,FALSE
2020,April,7,15,Standard Class,Home Office,United States,Tampa,Florida,South,Technology,Accessories,654.976,3,-7.7247,218.3253333,-0.01179386726,2,FALSE
2020,April,10,15,Standard Class,Home Office,United States,Waterbury,Connecticut,East,Technology,Accessories,120.99,1,41.9958,120.99,0.3471014133,2,FALSE
2020,April,11,15,Standard Class,Consumer,United States,Pasadena,California,West,Technology,Accessories,225.95,5,21.9945,45.19,0.09734233237,2,FALSE
2020,April,11,15,Standard Class,Consumer,United States,Lancaster,Ohio,East,Technology,Accessories,115.12,2,-4.746,57.56,-0.04122654621,2,FALSE
2020,April,17,16,Standard Class,Consumer,United States,Los Angeles,California,West,Technology,Accessories,290.89,11,46.7313,26.44454545,0.1606493864,2,FALSE
2020,April,23,17,Standard Class,Home Office,United States,Clarksville,Tennessee,South,Technology,Accessories,132.408,2,11.9196,66.204,0.09002175095,2,FALSE
2020,April,30,18,Standard Class,Corporate,United States,Pompano Beach,Florida,South,Technology,Accessories,124.376,3,0.7425,41.45866667,0.005969801248,2,FALSE
2020,May,1,18,Standard Class,Home Office,United States,Texarkana,Arkansas,South,Technology,Accessories,997.9,5,18.093,199.58,0.01813107526,2,FALSE
2020,May,6,19,Standard Class,Consumer,United States,Chicago,Illinois,Central,Technology,Accessories,231.968,4,28.7952,57.992,0.1241343634,2,FALSE
2020,May,6,19,Standard Class,Home Office,United States,Chicago,Illinois,Central,Technology,Accessories,454.744,7,76.6395,64.96342857,0.1685332847,2,FALSE
2020,May,7,19,Standard Class,Home Office,United States,Los Angeles,California,West,Technology,Accessories,171.99,1,28.7964,171.99,0.1674306646,2,FALSE
2020,May,18,21,Standard Class,Consumer,United States,Philadelphia,Pennsylvania,East,Technology,Accessories,133.048,3,-0.9012,44.34933333,-0.00677349528,2,FALSE
2020,May,19,21,Standard Class,Corporate,United States,Mount Vernon,New York,East,Technology,Accessories,311.97,3,113.9886,103.99,0.3653832099,2,FALSE
2020,May,19,21,Standard Class,Consumer,United States,Atlanta,Georgia,South,Technology,Accessories,179.8,4,4.068,44.95,0.02262513904,2,FALSE
2020,May,26,22,Standard Class,Consumer,United States,Harrisonburg,Virginia,South,Technology,Accessories,130.08,2,6.924,65.04,0.05322878229,2,FALSE
2020,May,27,22,Standard Class,Corporate,United States,Seattle,Washington,West,Technology,Accessories,125.16,6,9.816,20.86,0.07842761266,2,FALSE
2020,May,27,22,Standard Class,Corporate,United States,Greensboro,North Carolina,South,Technology,Accessories,103.192,3,0.3399,34.39733333,0.003293859989,2,FALSE
2020,May,28,22,Standard Class,Corporate,United States,Phoenix,Arizona,West,Technology,Accessories,291.968,4,54.3936,72.992,0.1862998685,2,FALSE
2020,May,30,22,Standard Class,Home Office,United States,Tigard,Oregon,West,Technology,Accessories,144.36,2,-3.094,72.18,-0.02143252979,2,FALSE
2020,June,3,23,Standard Class,Consumer,United States,Pembroke Pines,Florida,South,Technology,Accessories,153.4,2,-4.14,76.7,-0.02698826597,2,FALSE
2020,June,3,23,Standard Class,Consumer,United States,Pembroke Pines,Florida,South,Technology,Accessories,222.992,1,-2.5749,222.992,-0.01154705102,2,FALSE
2020,June,3,23,Standard Class,Corporate,United States,Bellingham,Washington,West,Technology,Accessories,1147.5,10,362.835,114.75,0.3161960784,2,FALSE
2020,June,3,23,Standard Class,Corporate,United States,Los Angeles,California,West,Technology,Accessories,156.75,5,8.5025,31.35,0.05424242424,2,FALSE
2020,June,8,24,Standard Class,Consumer,United States,Glendale,Arizona,West,Technology,Accessories,127.544,7,12.3123,18.22057143,0.09653374522,2,FALSE
2020,June,10,24,Standard Class,Consumer,United States,Rochester Hills,Michigan,Central,Technology,Accessories,149.52,4,54.3332,37.38,0.3633841627,2,FALSE
2020,June,12,24,Standard Class,Consumer,United States,Marion,Ohio,East,Technology,Accessories,159.92,2,19.176,79.96,0.119909955,2,FALSE
2020,June,17,25,Standard Class,Home Office,United States,New York City,New York,East,Technology,Accessories,114.34,3,8.1072,38.11333333,0.07090432045,2,FALSE
2020,June,19,25,Standard Class,Corporate,United States,New York City,New York,East,Technology,Accessories,121.12,8,10.312,15.14,0.08513870542,2,FALSE
2020,June,20,25,Standard Class,Consumer,United States,New Rochelle,New York,East,Technology,Accessories,163.95,5,14.995,32.79,0.09146081122,2,FALSE
2020,June,20,25,Standard Class,Consumer,United States,Belleville,New Jersey,East,Technology,Accessories,271.97,3,71.991,90.65666667,0.2647019892,2,FALSE
2020,June,26,26,Standard Class,Consumer,United States,Denver,Colorado,West,Technology,Accessories,444.928,9,64.7892,49.43644444,0.1456172684,2,FALSE
2020,July,3,27,Standard Class,Home Office,United States,Quincy,Massachusetts,East,Technology,Accessories,308.9,10,93.204,30.89,0.3017287148,3,FALSE
2020,July,3,27,Standard Class,Consumer,United States,Jacksonville,North Carolina,South,Technology,Accessories,152,2,-2.7,76,-0.01776315789,3,FALSE
2020,July,8,28,Standard Class,Corporate,United States,Newark,Delaware,East,Technology,Accessories,189.9,5,58.179,37.98,0.3063665087,3,FALSE
2020,July,8,28,Standard Class,Consumer,United States,Kent,Washington,West,Technology,Accessories,167,2,10.5,83.5,0.0628742515,3,FALSE
2020,July,11,28,Standard Class,Corporate,United States,Los Angeles,California,West,Technology,Accessories,1300.45,5,244.6155,260.09,0.1881006575,3,FALSE
2020,July,14,29,Standard Class,Consumer,United States,Westminster,California,West,Technology,Accessories,150.97,3,19.7358,50.32333333,0.1307266344,3,FALSE
2020,July,20,30,Standard Class,Corporate,United States,Sioux Falls,South Dakota,Central,Technology,Accessories,400.97,3,132.5898,133.6566667,0.3306726189,3,FALSE
2020,July,26,31,Standard Class,Corporate,United States,Los Angeles,California,West,Technology,Accessories,1687.95,5,659.98,337.59,0.3909949939,3,TRUE
2020,July,29,31,Standard Class,Consumer,United States,Seattle,Washington,West,Technology,Accessories,133.57,3,11.7741,44.52333333,0.08814928502,3,FALSE
2020,July,31,31,Standard Class,Home Office,United States,Fort Lauderdale,Florida,South,Technology,Accessories,134.424,2,8.2848,67.212,0.06163185146,3,FALSE
2020,August,3,32,Standard Class,Consumer,United States,Bloomington,Illinois,Central,Technology,Accessories,141.816,3,7.4655,47.272,0.05264215603,3,FALSE
2020,August,5,32,Standard Class,Consumer,United States,Indianapolis,Indiana,Central,Technology,Accessories,122.78,2,29.5186,61.39,0.240418635,3,FALSE
2020,August,7,32,Standard Class,Consumer,United States,Moorhead,Minnesota,Central,Technology,Accessories,104.96,4,19.8276,26.24,0.18890625,3,FALSE
2020,August,7,32,Standard Class,Consumer,United States,Westminster,California,West,Technology,Accessories,150.76,4,7.8064,37.69,0.05178031308,3,FALSE
2020,August,12,33,Standard Class,Consumer,United States,Seattle,Washington,West,Technology,Accessories,224.95,5,12.2465,44.99,0.05444098689,3,FALSE
2020,August,13,33,Standard Class,Consumer,United States,Memphis,Tennessee,South,Technology,Accessories,125.584,2,0.4752,62.792,0.003783921519,3,FALSE
2020,August,17,34,Standard Class,Home Office,United States,Louisville,Kentucky,South,Technology,Accessories,109.16,6,9.816,18.19333333,0.08992304874,3,FALSE
2020,August,18,34,Standard Class,Corporate,United States,Seattle,Washington,West,Technology,Accessories,886.9,2,371.316,443.45,0.418667268,3,FALSE
2020,August,18,34,Standard Class,Corporate,United States,Seattle,Washington,West,Technology,Accessories,1539.16,9,224.424,171.0177778,0.1458094025,3,FALSE
2020,August,18,34,Standard Class,Consumer,United States,New Bedford,Massachusetts,East,Technology,Accessories,142.18,2,7.6494,71.09,0.05380081587,3,FALSE
2020,August,26,35,Standard Class,Home Office,United States,Columbus,Georgia,South,Technology,Accessories,149.98,2,15.1158,74.99,0.1007854381,3,FALSE
2020,August,31,36,Standard Class,Consumer,United States,Monroe,Louisiana,South,Technology,Accessories,680.9,2,217.767,340.45,0.319822294,3,FALSE
2020,September,1,36,Standard Class,Consumer,United States,Redmond,Washington,West,Technology,Accessories,89.99,1,6.7966,89.99,0.07552616957,3,FALSE
2020,September,2,36,Standard Class,Corporate,United States,New York City,New York,East,Technology,Accessories,177.97,3,40.3128,59.32333333,0.2265145811,3,FALSE
2020,September,2,36,Standard Class,Corporate,United States,New York City,New York,East,Technology,Accessories,284,2,38.08,142,0.134084507,3,FALSE
2020,September,2,36,Standard Class,Home Office,United States,Jackson,Michigan,Central,Technology,Accessories,1976.78,7,829.3754,282.3971429,0.4195587774,3,FALSE
2020,September,2,36,Standard Class,Consumer,United States,Chicago,Illinois,Central,Technology,Accessories,142.68,3,-7.119,47.56,-0.04989486964,3,FALSE
2020,September,3,36,Standard Class,Corporate,United States,Chicago,Illinois,Central,Technology,Accessories,135.8,2,21.42,67.9,0.1577319588,3,FALSE
2020,September,3,36,Standard Class,Home Office,United States,La Mesa,California,West,Technology,Accessories,313.97,3,85.491,104.6566667,0.2722903462,3,FALSE
2020,September,4,36,Standard Class,Consumer,United States,Long Beach,New York,East,Technology,Accessories,140.96,4,39.5428,35.24,0.2805249716,3,FALSE
2020,September,4,36,Standard Class,Consumer,United States,Philadelphia,Pennsylvania,East,Technology,Accessories,94.04,4,-1.428,23.51,-0.01518502765,3,FALSE
2020,September,5,36,Standard Class,Consumer,United States,Knoxville,Tennessee,South,Technology,Accessories,133.568,4,-1.1196,33.392,-0.008382247245,3,FALSE
2020,September,7,37,Standard Class,Consumer,United States,Portland,Oregon,West,Technology,Accessories,311.944,7,80.4839,44.56342857,0.258007527,3,FALSE
2020,September,7,37,Standard Class,Consumer,United States,Milwaukee,Wisconsin,Central,Technology,Accessories,81.48,1,1.8872,81.48,0.02316151203,3,FALSE
2020,September,8,37,Standard Class,Corporate,United States,Dublin,Ohio,East,Technology,Accessories,105.096,1,1.7055,105.096,0.0162280201,3,FALSE
2020,September,9,37,Standard Class,Corporate,United States,Philadelphia,Pennsylvania,East,Technology,Accessories,136.88,3,28.764,45.62666667,0.2101402688,3,FALSE
2020,September,9,37,Standard Class,Corporate,United States,Los Angeles,California,West,Technology,Accessories,180.96,4,51.1872,45.24,0.2828647215,3,FALSE
2020,September,9,37,Standard Class,Corporate,United States,Philadelphia,Pennsylvania,East,Technology,Accessories,292.696,3,64.674,97.56533333,0.2209596305,3,FALSE
2020,September,10,37,Standard Class,Consumer,United States,Springfield,Ohio,East,Technology,Accessories,158.056,4,8.8008,39.514,0.0556815306,3,FALSE
2020,September,14,38,Standard Class,Corporate,United States,Springfield,Ohio,East,Technology,Accessories,943.944,7,190.3881,134.8491429,0.2016942742,3,FALSE
2020,September,15,38,Standard Class,Home Office,United States,Waterbury,Connecticut,East,Technology,Accessories,156.98,2,10.7964,78.49,0.06877564021,3,FALSE
2020,September,18,38,Standard Class,Consumer,United States,Clovis,New Mexico,West,Technology,Accessories,111.34,3,8.1072,37.11333333,0.07281480151,3,FALSE
2020,September,19,38,Standard Class,Consumer,United States,Phoenix,Arizona,West,Technology,Accessories,113.584,2,4.4792,56.792,0.03943513171,3,FALSE
2020,September,19,38,Standard Class,Corporate,United States,Los Angeles,California,West,Technology,Accessories,177.95,5,31.4895,35.59,0.1769570104,3,FALSE
2020,September,20,39,Standard Class,Consumer,United States,New York City,New York,East,Technology,Accessories,113.64,2,21.792,56.82,0.1917634636,3,TRUE
2020,September,20,39,Standard Class,Consumer,United States,New York City,New York,East,Technology,Accessories,237.8,2,95.76,118.9,0.4026913373,3,TRUE
2020,September,20,39,Standard Class,Consumer,United States,New York City,New York,East,Technology,Accessories,170.97,3,20.3898,56.99,0.1192595192,3,TRUE
2020,September,22,39,Standard Class,Corporate,United States,Milwaukee,Wisconsin,Central,Technology,Accessories,142.16,6,9.816,23.69333333,0.06904895892,3,FALSE
2020,September,23,39,Standard Class,Consumer,United States,Tulsa,Oklahoma,Central,Technology,Accessories,316.96,4,102.186,79.24,0.3223939929,3,FALSE
2020,September,23,39,Standard Class,Consumer,United States,Fort Collins,Colorado,West,Technology,Accessories,132.984,2,0.5998,66.492,0.004510317031,3,FALSE
2020,September,24,39,Standard Class,Corporate,United States,Saint Cloud,Minnesota,Central,Technology,Accessories,112,4,12.96,28,0.1157142857,3,FALSE
2020,September,24,39,Standard Class,Corporate,United States,Saint Cloud,Minnesota,Central,Technology,Accessories,666.9,5,275.478,133.38,0.4130724247,3,FALSE
2020,October,1,40,Standard Class,Home Office,United States,San Francisco,California,West,Technology,Accessories,146.75,5,21.9975,29.35,0.1498977853,4,FALSE
2020,October,6,41,Standard Class,Home Office,United States,New York City,New York,East,Technology,Accessories,331.96,4,115.1856,82.99,0.3469863839,4,FALSE
2020,October,7,41,Standard Class,Consumer,United States,Los Angeles,California,West,Technology,Accessories,1157.91,9,200.8638,128.6566667,0.1734709952,4,FALSE
2020,October,8,41,Standard Class,Corporate,United States,San Diego,California,West,Technology,Accessories,269.96,4,115.1808,67.49,0.4266587643,4,FALSE
2020,October,8,41,Standard Class,Corporate,United States,San Diego,California,West,Technology,Accessories,126,2,6.48,63,0.05142857143,4,FALSE
2020,October,12,42,Standard Class,Corporate,United States,Albuquerque,New Mexico,West,Technology,Accessories,645,5,95.2,129,0.1475968992,4,FALSE
2020,October,12,42,Standard Class,Home Office,United States,Dallas,Texas,Central,Technology,Accessories,802.88,3,128.6805,267.6266667,0.1602736399,4,FALSE
2020,October,12,42,Standard Class,Consumer,United States,Lakewood,New Jersey,East,Technology,Accessories,147,3,4.95,49,0.03367346939,4,FALSE
2020,October,13,42,Standard Class,Corporate,United States,Sacramento,California,West,Technology,Accessories,239.94,6,39.8886,39.99,0.166244061,4,FALSE
2020,October,14,42,Standard Class,Consumer,United States,San Francisco,California,West,Technology,Accessories,154.36,4,15.2988,38.59,0.0991111687,4,FALSE
2020,October,16,42,Standard Class,Corporate,United States,Columbia,Tennessee,South,Technology,Accessories,124.528,2,4.4004,62.264,0.03533663112,4,FALSE
2020,October,23,43,Standard Class,Consumer,United States,Austin,Texas,Central,Technology,Accessories,148.2,1,-2.07,148.2,-0.01396761134,4,FALSE
2020,October,26,44,Standard Class,Consumer,United States,Rochester,Minnesota,Central,Technology,Accessories,95.99,1,6.7966,95.99,0.07080529222,4,FALSE
2020,October,30,44,Standard Class,Consumer,United States,Philadelphia,Pennsylvania,East,Technology,Accessories,455.4,7,-55.3,65.05714286,-0.1214317084,4,FALSE
2020,November,3,45,Standard Class,Consumer,United States,Philadelphia,Pennsylvania,East,Technology,Accessories,140.776,3,0.5097,46.92533333,0.003620645565,4,FALSE
2020,November,4,45,Standard Class,Consumer,United States,Chattanooga,Tennessee,South,Technology,Accessories,111.976,3,15.5961,37.32533333,0.1392807387,4,FALSE
2020,November,4,45,Standard Class,Corporate,United States,Lancaster,Ohio,East,Technology,Accessories,141.72,4,-6.188,35.43,-0.04366356195,4,FALSE
2020,November,5,45,Standard Class,Consumer,United States,New York City,New York,East,Technology,Accessories,427.75,5,171.93,85.55,0.4019403857,4,FALSE
2020,November,6,45,Standard Class,Home Office,United States,Seattle,Washington,West,Technology,Accessories,135.96,3,32.688,45.32,0.240423654,4,FALSE
2020,November,7,45,Standard Class,Consumer,United States,San Francisco,California,West,Technology,Accessories,449.8,4,145.134,112.45,0.322663406,4,FALSE
2020,November,7,45,Standard Class,Consumer,United States,New York City,New York,East,Technology,Accessories,86.88,4,2.5216,21.72,0.02902394107,4,FALSE
2020,November,9,46,Standard Class,Corporate,United States,Coachella,California,West,Technology,Accessories,130.99,1,43.9956,130.99,0.3358699137,4,FALSE
2020,November,9,46,Standard Class,Home Office,United States,Jacksonville,Florida,South,Technology,Accessories,201.976,3,38.3952,67.32533333,0.1900978334,4,FALSE
2020,November,10,46,Standard Class,Consumer,United States,Modesto,California,West,Technology,Accessories,129.79,7,43.5981,18.54142857,0.3359126281,4,FALSE
2020,November,12,46,Standard Class,Corporate,United States,Tempe,Arizona,West,Technology,Accessories,103.352,6,-10.9116,17.22533333,-0.105577057,4,FALSE
2020,November,12,46,Standard Class,Corporate,United States,Columbus,Ohio,East,Technology,Accessories,100.544,2,3.0134,50.272,0.02997095799,4,FALSE
2020,November,12,46,Standard Class,Home Office,United States,Dallas,Texas,Central,Technology,Accessories,160.784,2,-0.5598,80.392,-0.00348168972,4,FALSE
2020,November,13,46,Standard Class,Consumer,United States,Decatur,Alabama,South,Technology,Accessories,253.92,8,23.992,31.74,0.09448645243,4,FALSE
2020,November,14,46,Standard Class,Consumer,United States,Pasadena,Texas,Central,Technology,Accessories,209.952,6,-27.2922,34.992,-0.1299925697,4,FALSE
2020,November,16,47,Standard Class,Corporate,United States,Bowling Green,Ohio,East,Technology,Accessories,178.96,5,-1.7495,35.792,-0.009775927582,4,FALSE
2020,November,17,47,Standard Class,Consumer,United States,Charlotte,North Carolina,South,Technology,Accessories,479.16,5,107.79,95.832,0.2249561733,4,FALSE
2020,November,17,47,Standard Class,Corporate,United States,Athens,Georgia,South,Technology,Accessories,145.99,1,28.7964,145.99,0.1972491267,4,FALSE
2020,November,23,48,Standard Class,Consumer,United States,Charlotte,North Carolina,South,Technology,Accessories,114.112,8,17.6016,14.264,0.1542484577,4,FALSE
2020,November,24,48,Standard Class,Consumer,United States,San Francisco,California,West,Technology,Accessories,249.58,14,87.1962,17.82714286,0.3493717445,4,FALSE
2020,November,27,48,Standard Class,Corporate,United States,San Francisco,California,West,Technology,Accessories,179.16,8,59.8176,22.395,0.3338780978,4,FALSE
2020,November,30,49,Standard Class,Consumer,United States,Burlington,North Carolina,South,Technology,Accessories,408.976,3,81.5949,136.3253333,0.1995102402,4,FALSE
2020,December,4,49,Standard Class,Consumer,United States,Rochester,Minnesota,Central,Technology,Accessories,161.8,1,29.988,161.8,0.1853399258,4,FALSE
2020,December,4,49,Standard Class,Corporate,United States,Philadelphia,Pennsylvania,East,Technology,Accessories,279.968,4,-28.7964,69.992,-0.1028560407,4,FALSE
2020,December,4,49,Standard Class,Consumer,United States,Rochester,Minnesota,Central,Technology,Accessories,438.95,5,143.982,87.79,0.3280145802,4,FALSE
2020,December,5,49,Standard Class,Corporate,United States,Burlington,Vermont,East,Technology,Accessories,223.03,7,67.6599,31.86142857,0.3033668116,4,FALSE
2020,December,7,50,Standard Class,Consumer,United States,Hattiesburg,Mississippi,South,Technology,Accessories,126,4,23.4,31.5,0.1857142857,4,FALSE
2020,December,8,50,Standard Class,Consumer,United States,San Francisco,California,West,Technology,Accessories,190.95,5,37.7895,38.19,0.1979025923,4,FALSE
2020,December,8,50,Standard Class,Consumer,United States,Madison,Wisconsin,Central,Technology,Accessories,201.11,3,32.0598,67.03666667,0.1594142509,4,FALSE
2020,December,10,50,Standard Class,Consumer,United States,Philadelphia,Pennsylvania,East,Technology,Accessories,302.2,1,3.3725,302.2,0.01115982793,4,FALSE
2020,December,11,50,Standard Class,Consumer,United States,New York City,New York,East,Technology,Accessories,430.98,2,13.5932,215.49,0.03154021068,4,FALSE
2020,December,14,51,Standard Class,Corporate,United States,Fayetteville,Arkansas,South,Technology,Accessories,447.8,4,70.312,111.95,0.1570165252,4,FALSE
2020,December,14,51,Standard Class,Home Office,United States,Chicago,Illinois,Central,Technology,Accessories,197.976,3,28.497,65.992,0.1439416899,4,FALSE
2020,December,14,51,Standard Class,Corporate,United States,Fayetteville,Arkansas,South,Technology,Accessories,367.75,5,8.5025,73.55,0.02312032631,4,FALSE
2020,December,18,51,Standard Class,Corporate,United States,Milwaukee,Wisconsin,Central,Technology,Accessories,577.34,3,10.8558,192.4466667,0.0188031316,4,FALSE
2020,December,22,52,Standard Class,Consumer,United States,Jackson,Tennessee,South,Technology,Accessories,159.864,2,7.6154,79.932,0.04763674123,4,FALSE
2020,December,25,52,Standard Class,Consumer,United States,Fairfield,Ohio,East,Technology,Accessories,349.928,7,41.7186,49.98971429,0.1192205254,4,FALSE
2020,December,25,52,Standard Class,Consumer,United States,East Orange,New Jersey,East,Technology,Accessories,379.8,3,13.674,126.6,0.03600315956,4,FALSE
2019,January,5,1,Second Class,Corporate,United States,Jacksonville,Florida,South,Technology,Phones,59.184,2,5.1786,29.592,0.0875,1,FALSE
2019,January,11,2,Second Class,Home Office,United States,Springfield,Ohio,East,Technology,Phones,15.588,2,-9.8724,7.794,-0.6333333333,1,FALSE
2019,February,5,6,Same Day,Home Office,United States,Smyrna,Georgia,South,Technology,Phones,104.85,3,28.3095,34.95,0.27,1,FALSE
2019,February,5,6,Same Day,Home Office,United States,Smyrna,Georgia,South,Technology,Phones,484.83,3,126.0558,161.61,0.26,1,FALSE
2019,February,7,6,Second Class,Corporate,United States,Los Angeles,California,West,Technology,Phones,623.96,5,38.9975,124.792,0.0625,1,FALSE
2019,February,8,6,Second Class,Home Office,United States,Raleigh,North Carolina,South,Technology,Phones,1127.976,3,126.8973,375.992,0.1125,1,FALSE
2019,February,11,7,First Class,Corporate,United States,Tulsa,Oklahoma,Central,Technology,Phones,69.93,7,0.6993,9.99,0.01,1,FALSE
2019,March,3,10,Second Class,Consumer,United States,Bloomington,Indiana,Central,Technology,Phones,134.85,3,37.758,44.95,0.28,1,TRUE
2019,March,10,11,First Class,Home Office,United States,Los Angeles,California,West,Technology,Phones,4158.912,8,363.9048,519.864,0.0875,1,TRUE
2019,March,13,11,First Class,Home Office,United States,Scottsdale,Arizona,West,Technology,Phones,203.184,2,15.2388,101.592,0.075,1,FALSE
2019,March,13,11,Second Class,Corporate,United States,Philadelphia,Pennsylvania,East,Technology,Phones,539.91,3,-116.9805,179.97,-0.2166666667,1,FALSE
2019,March,17,12,Same Day,Consumer,United States,Newark,Delaware,East,Technology,Phones,129.98,2,62.3904,64.99,0.48,1,TRUE
2019,March,17,12,Second Class,Consumer,United States,San Francisco,California,West,Technology,Phones,84.784,2,-20.1362,42.392,-0.2375,1,TRUE
2019,March,20,12,Second Class,Consumer,United States,Evanston,Illinois,Central,Technology,Phones,11.992,1,0.8994,11.992,0.075,1,FALSE
2019,March,29,13,Second Class,Home Office,United States,Chicago,Illinois,Central,Technology,Phones,812.736,8,60.9552,101.592,0.075,1,FALSE
2019,March,31,14,Second Class,Consumer,United States,Philadelphia,Pennsylvania,East,Technology,Phones,280.782,3,-60.8361,93.594,-0.2166666667,1,TRUE
2019,April,1,14,Second Class,Consumer,United States,Auburn,New York,East,Technology,Phones,35.12,4,9.1312,8.78,0.26,2,FALSE
2019,April,4,14,First Class,Home Office,United States,Springfield,Virginia,South,Technology,Phones,149.97,3,5.9988,49.99,0.04,2,FALSE
2019,April,9,15,Second Class,Home Office,United States,Detroit,Michigan,Central,Technology,Phones,517.9,2,134.654,258.95,0.26,2,FALSE
2019,April,17,16,Second Class,Home Office,United States,Raleigh,North Carolina,South,Technology,Phones,36.792,1,4.1391,36.792,0.1125,2,FALSE
2019,April,19,16,Second Class,Consumer,United States,Los Angeles,California,West,Technology,Phones,39.96,5,12.987,7.992,0.325,2,FALSE
2019,April,25,17,Second Class,Consumer,United States,Philadelphia,Pennsylvania,East,Technology,Phones,82.8,2,-20.7,41.4,-0.25,2,FALSE
2019,April,28,18,First Class,Corporate,United States,Dallas,Texas,Central,Technology,Phones,369.576,3,41.5773,123.192,0.1125,2,TRUE
2019,May,10,19,Second Class,Home Office,United States,Philadelphia,Pennsylvania,East,Technology,Phones,743.988,2,-123.998,371.994,-0.1666666667,2,FALSE
2019,May,20,21,Same Day,Consumer,United States,Asheville,North Carolina,South,Technology,Phones,1363.96,5,85.2475,272.792,0.0625,2,FALSE
2019,May,21,21,First Class,Consumer,United States,Los Angeles,California,West,Technology,Phones,55.176,3,-12.4146,18.392,-0.225,2,FALSE
2019,May,29,22,Second Class,Consumer,United States,Montgomery,Alabama,South,Technology,Phones,979.95,5,274.386,195.99,0.28,2,FALSE
2019,May,30,22,Same Day,Consumer,United States,Houston,Texas,Central,Technology,Phones,79.96,5,7.996,15.992,0.1,2,FALSE
2019,June,4,23,Second Class,Consumer,United States,Chicago,Illinois,Central,Technology,Phones,31.984,2,11.1944,15.992,0.35,2,FALSE
2019,June,12,24,First Class,Consumer,United States,Wilmington,Delaware,East,Technology,Phones,68.04,7,19.7316,9.72,0.29,2,FALSE
2019,June,13,24,Second Class,Home Office,United States,Jackson,Michigan,Central,Technology,Phones,377.97,3,94.4925,125.99,0.25,2,FALSE
2019,June,23,26,Second Class,Consumer,United States,San Francisco,California,West,Technology,Phones,862.344,7,97.0137,123.192,0.1125,2,TRUE
2019,June,27,26,Second Class,Consumer,United States,San Francisco,California,West,Technology,Phones,201.584,2,12.599,100.792,0.0625,2,FALSE
2019,June,28,26,Second Class,Consumer,United States,Chicago,Illinois,Central,Technology,Phones,359.976,3,35.9976,119.992,0.1,2,FALSE
2019,July,4,27,Same Day,Home Office,United States,Seattle,Washington,West,Technology,Phones,177.48,3,19.9665,59.16,0.1125,3,FALSE
2019,July,4,27,Same Day,Home Office,United States,Seattle,Washington,West,Technology,Phones,71.976,3,8.997,23.992,0.125,3,FALSE
2019,July,8,28,Second Class,Corporate,United States,Arlington,Texas,Central,Technology,Phones,863.64,9,107.955,95.96,0.125,3,FALSE
2019,July,8,28,Same Day,Consumer,United States,Jacksonville,Florida,South,Technology,Phones,823.96,5,51.4975,164.792,0.0625,3,FALSE
2019,July,14,29,First Class,Corporate,United States,Tucson,Arizona,West,Technology,Phones,380.864,8,38.0864,47.608,0.1,3,TRUE
2019,July,14,29,Second Class,Consumer,United States,Houston,Texas,Central,Technology,Phones,419.944,7,52.493,59.992,0.125,3,TRUE
2019,July,17,29,Second Class,Consumer,United States,Seattle,Washington,West,Technology,Phones,20.784,2,-4.6764,10.392,-0.225,3,FALSE
2019,July,19,29,First Class,Home Office,United States,San Francisco,California,West,Technology,Phones,35.984,2,4.498,17.992,0.125,3,FALSE
2019,July,20,29,Second Class,Consumer,United States,Long Beach,New York,East,Technology,Phones,89.95,5,43.176,17.99,0.48,3,FALSE
2019,July,23,30,First Class,Consumer,United States,Houston,Texas,Central,Technology,Phones,115.136,8,11.5136,14.392,0.1,3,FALSE
2019,July,25,30,Second Class,Corporate,United States,Milwaukee,Wisconsin,Central,Technology,Phones,297.55,5,83.314,59.51,0.28,3,FALSE
2019,August,1,31,Same Day,Corporate,United States,Riverside,California,West,Technology,Phones,1039.728,2,90.9762,519.864,0.0875,3,FALSE
2019,August,2,31,Second Class,Corporate,United States,Los Angeles,California,West,Technology,Phones,333.576,3,33.3576,111.192,0.1,3,FALSE
2019,August,4,32,Second Class,Corporate,United States,Sacramento,California,West,Technology,Phones,302.384,2,30.2384,151.192,0.1,3,TRUE
2019,August,9,32,First Class,Consumer,United States,Fayetteville,North Carolina,South,Technology,Phones,44.784,2,4.4784,22.392,0.1,3,FALSE
2019,August,15,33,Second Class,Corporate,United States,Oakland,California,West,Technology,Phones,71.976,3,7.1976,23.992,0.1,3,FALSE
2019,August,20,34,First Class,Home Office,United States,Detroit,Michigan,Central,Technology,Phones,14.78,2,3.9906,7.39,0.27,3,FALSE
2019,August,27,35,Second Class,Consumer,United States,Quincy,Massachusetts,East,Technology,Phones,59.97,3,28.7856,19.99,0.48,3,FALSE
2019,August,30,35,First Class,Consumer,United States,Philadelphia,Pennsylvania,East,Technology,Phones,290.898,3,-67.8762,96.966,-0.2333333333,3,FALSE
2019,September,3,36,First Class,Home Office,United States,Philadelphia,Pennsylvania,East,Technology,Phones,280.782,3,-46.797,93.594,-0.1666666667,3,FALSE
2019,September,5,36,First Class,Consumer,United States,Cedar Rapids,Iowa,Central,Technology,Phones,278.4,3,80.736,92.8,0.29,3,FALSE
2019,September,5,36,Second Class,Consumer,United States,Johnson City,Tennessee,South,Technology,Phones,108.784,2,6.799,54.392,0.0625,3,FALSE
2019,September,5,36,First Class,Corporate,United States,New York City,New York,East,Technology,Phones,43.6,4,12.208,10.9,0.28,3,FALSE
2019,September,10,37,Second Class,Consumer,United States,Houston,Texas,Central,Technology,Phones,719.96,5,53.997,143.992,0.075,3,FALSE
2019,September,11,37,Second Class,Corporate,United States,Philadelphia,Pennsylvania,East,Technology,Phones,728.946,9,-157.9383,80.994,-0.2166666667,3,FALSE
2019,September,11,37,First Class,Consumer,United States,Wichita,Kansas,Central,Technology,Phones,224.75,5,62.93,44.95,0.28,3,FALSE
2019,September,12,37,Same Day,Home Office,United States,Louisville,Colorado,West,Technology,Phones,146.952,3,9.1845,48.984,0.0625,3,FALSE
2019,October,1,40,First Class,Consumer,United States,La Porte,Indiana,Central,Technology,Phones,69.9,2,18.873,34.95,0.27,4,FALSE
2019,October,10,41,First Class,Corporate,United States,Denver,Colorado,West,Technology,Phones,15.992,1,-2.9985,15.992,-0.1875,4,FALSE
2019,October,17,42,Second Class,Home Office,United States,Columbia,Missouri,Central,Technology,Phones,449.97,3,220.4853,149.99,0.49,4,FALSE
2019,October,25,43,First Class,Corporate,United States,Miami,Florida,South,Technology,Phones,783.96,5,78.396,156.792,0.1,4,FALSE
2019,November,7,45,First Class,Consumer,United States,Rochester,New York,East,Technology,Phones,263.96,4,71.2692,65.99,0.27,4,FALSE
2019,November,7,45,First Class,Consumer,United States,Rochester,New York,East,Technology,Phones,359.97,3,100.7916,119.99,0.28,4,FALSE
2019,November,10,46,First Class,Consumer,United States,Oklahoma City,Oklahoma,Central,Technology,Phones,221.98,2,62.1544,110.99,0.28,4,TRUE
2019,November,12,46,First Class,Home Office,United States,San Diego,California,West,Technology,Phones,203.976,3,25.497,67.992,0.125,4,FALSE
2019,November,17,47,First Class,Consumer,United States,The Colony,Texas,Central,Technology,Phones,67.176,3,6.7176,22.392,0.1,4,TRUE
2019,November,21,47,Second Class,Corporate,United States,Des Moines,Iowa,Central,Technology,Phones,404.94,3,109.3338,134.98,0.27,4,FALSE
2019,November,25,48,First Class,Consumer,United States,Jonesboro,Arkansas,South,Technology,Phones,59.98,2,17.994,29.99,0.3,4,FALSE
2019,November,27,48,Second Class,Consumer,United States,Scottsdale,Arizona,West,Technology,Phones,271.992,1,23.7993,271.992,0.0875,4,FALSE
2019,November,30,48,Same Day,Consumer,United States,Hickory,North Carolina,South,Technology,Phones,36.192,1,2.7144,36.192,0.075,4,FALSE
2019,December,1,49,Same Day,Consumer,United States,Raleigh,North Carolina,South,Technology,Phones,863.928,9,86.3928,95.992,0.1,4,TRUE
2019,December,1,49,Second Class,Consumer,United States,Franklin,Massachusetts,East,Technology,Phones,137.94,3,35.8644,45.98,0.26,4,TRUE
2019,December,5,49,Second Class,Consumer,United States,Georgetown,Kentucky,South,Technology,Phones,699.98,2,195.9944,349.99,0.28,4,FALSE
2019,December,8,50,First Class,Corporate,United States,Richardson,Texas,Central,Technology,Phones,97.544,7,123.4737,13.93485714,1.265825679,4,TRUE
2019,December,8,50,Second Class,Corporate,United States,Saint Paul,Minnesota,Central,Technology,Phones,114.95,5,2.299,22.99,0.02,4,TRUE
2019,December,11,50,Second Class,Corporate,United States,Vancouver,Washington,West,Technology,Phones,302.376,3,22.6782,100.792,0.075,4,FALSE
2019,December,11,50,Second Class,Consumer,United States,Aurora,Colorado,West,Technology,Phones,300.768,4,30.0768,75.192,0.1,4,FALSE
2019,December,18,51,First Class,Corporate,United States,San Francisco,California,West,Technology,Phones,66.976,7,6.6976,9.568,0.1,4,FALSE
2019,December,18,51,First Class,Home Office,United States,Salem,Oregon,West,Technology,Phones,28.68,3,-7.17,9.56,-0.25,4,FALSE
2019,December,23,52,Second Class,Corporate,United States,Houston,Texas,Central,Technology,Phones,453.576,3,39.6879,151.192,0.0875,4,FALSE
2019,December,23,52,Second Class,Corporate,United States,Houston,Texas,Central,Technology,Phones,287.88,3,35.985,95.96,0.125,4,FALSE
2019,December,23,52,Second Class,Corporate,United States,Houston,Texas,Central,Technology,Phones,131.88,3,14.8365,43.96,0.1125,4,FALSE
2019,December,24,52,Second Class,Corporate,United States,New York City,New York,East,Technology,Phones,197.97,3,53.4519,65.99,0.27,4,FALSE
2019,December,25,52,First Class,Corporate,United States,Los Angeles,California,West,Technology,Phones,575.944,7,257.5944,82.27771429,0.4472559832,4,FALSE
2020,January,14,3,First Class,Consumer,United States,Jacksonville,North Carolina,South,Technology,Phones,89.92,5,0.693,17.984,0.007706850534,1,FALSE
2020,January,19,4,Second Class,Consumer,United States,Philadelphia,Pennsylvania,East,Technology,Phones,455.6,2,-93.08,227.8,-0.2043020193,1,TRUE
2020,January,27,5,Second Class,Consumer,United States,Kent,Ohio,East,Technology,Phones,154.982,3,-26.9955,51.66066667,-0.174184744,1,FALSE
2020,January,30,5,First Class,Home Office,United States,Seattle,Washington,West,Technology,Phones,618.768,4,60.4768,154.692,0.09773743956,1,FALSE
2020,February,2,6,First Class,Corporate,United States,Columbus,Ohio,East,Technology,Phones,100.97,5,-11.994,20.194,-0.1187877587,1,TRUE
2020,February,11,7,Second Class,Corporate,United States,Seattle,Washington,West,Technology,Phones,126.776,3,7.7679,42.25866667,0.06127263835,1,FALSE
2020,February,17,8,First Class,Home Office,United States,Troy,Ohio,East,Technology,Phones,104.594,1,-11.5188,104.594,-0.1101286881,1,FALSE
2020,February,17,8,First Class,Home Office,United States,Houston,Texas,Central,Technology,Phones,479.336,4,-87.6672,119.834,-0.182893002,1,FALSE
2020,February,17,8,Second Class,Consumer,United States,Lafayette,Louisiana,South,Technology,Phones,125.16,3,8.4564,41.72,0.06756471716,1,FALSE
2020,February,18,8,Second Class,Corporate,United States,Los Angeles,California,West,Technology,Phones,197.976,3,10.4985,65.992,0.05302915505,1,FALSE
2020,February,20,8,First Class,Corporate,United States,San Diego,California,West,Technology,Phones,261.968,2,18.8972,130.984,0.072135528,1,FALSE
2020,February,26,9,Second Class,Home Office,United States,Los Angeles,California,West,Technology,Phones,911.536,8,66.7152,113.942,0.07318986853,1,FALSE
2020,March,13,11,Second Class,Home Office,United States,Albuquerque,New Mexico,West,Technology,Phones,190.736,8,49.2576,23.842,0.2582501468,1,FALSE
2020,March,13,11,First Class,Corporate,United States,Aurora,Illinois,Central,Technology,Phones,116.992,1,2.5974,116.992,0.02220151805,1,FALSE
2020,March,13,11,Same Day,Home Office,United States,Chicago,Illinois,Central,Technology,Phones,130.36,1,-7.3015,130.36,-0.05601027923,1,FALSE
2020,March,14,11,Second Class,Corporate,United States,Chicago,Illinois,Central,Technology,Phones,121.616,2,4.9616,60.808,0.04079726352,1,FALSE
2020,March,16,12,Second Class,Home Office,United States,Lakewood,Ohio,East,Technology,Phones,475.44,8,-81.664,59.43,-0.1717651018,1,FALSE
2020,March,16,12,Second Class,Home Office,United States,Seattle,Washington,West,Technology,Phones,673.976,3,49.4982,224.6586667,0.07344208102,1,FALSE
2020,March,16,12,Same Day,Consumer,United States,Columbus,Ohio,East,Technology,Phones,128.376,2,-7.396,64.188,-0.05761201471,1,FALSE
2020,March,17,12,Second Class,Consumer,United States,New York City,New York,East,Technology,Phones,144.7,6,31.122,24.11666667,0.2150794748,1,FALSE
2020,March,19,12,First Class,Consumer,United States,San Francisco,California,West,Technology,Phones,696.504,6,-131.5008,116.084,-0.1888012129,1,FALSE
2020,March,24,13,First Class,Corporate,United States,New York City,New York,East,Technology,Phones,479.99,1,136.2971,479.99,0.2839582075,1,FALSE
2020,March,25,13,First Class,Consumer,United States,Fresno,California,West,Technology,Phones,234.168,4,15.8376,58.542,0.0676334939,1,FALSE
2020,March,26,13,First Class,Consumer,United States,New York City,New York,East,Technology,Phones,167.96,4,33.5888,41.99,0.1999809478,1,FALSE
2020,March,27,13,Second Class,Consumer,United States,Richmond,Virginia,South,Technology,Phones,227.1,5,55.647,45.42,0.2450330251,1,FALSE
2020,March,30,14,Same Day,Consumer,United States,Los Angeles,California,West,Technology,Phones,188.792,1,18.5391,188.792,0.09819854655,1,FALSE
2020,March,31,14,Second Class,Home Office,United States,Henderson,Kentucky,South,Technology,Phones,706.93,7,188.1404,100.99,0.2661372413,1,FALSE
2020,March,31,14,Second Class,Consumer,United States,New York City,New York,East,Technology,Phones,720.58,3,176.1708,240.1933333,0.2444847206,1,FALSE
2020,April,1,14,Second Class,Corporate,United States,Jacksonville,Florida,South,Technology,Phones,111.976,3,-5.6943,37.32533333,-0.05085286133,2,FALSE
2020,April,4,14,First Class,Home Office,United States,New York City,New York,East,Technology,Phones,145.02,2,33.3256,72.51,0.2298000276,2,FALSE
2020,April,4,14,First Class,Home Office,United States,New York City,New York,East,Technology,Phones,133.22,1,11.1294,133.22,0.08354151028,2,FALSE
2020,April,20,17,First Class,Home Office,United States,Cleveland,Ohio,East,Technology,Phones,152.382,3,-24.4764,50.794,-0.1606252707,2,FALSE
2020,April,24,17,First Class,Consumer,United States,Mesa,Arizona,West,Technology,Phones,601,10,34.5,60.1,0.05740432612,2,FALSE
2020,May,6,19,Same Day,Consumer,United States,Charlotte,North Carolina,South,Technology,Phones,672.168,4,70.5564,168.042,0.1049684008,2,FALSE
2020,May,14,20,First Class,Consumer,United States,Houston,Texas,Central,Technology,Phones,128.992,1,0.6993,128.992,0.005421266435,2,FALSE
2020,May,15,20,Second Class,Consumer,United States,Phoenix,Arizona,West,Technology,Phones,117.592,1,2.5893,117.592,0.02201935506,2,FALSE
2020,May,18,21,Second Class,Home Office,United States,Springfield,Missouri,Central,Technology,Phones,156.95,5,2.299,31.39,0.01464797706,2,FALSE
2020,May,18,21,First Class,Consumer,United States,Portland,Oregon,West,Technology,Phones,364.704,2,38.7792,182.352,0.1063306133,2,FALSE
2020,May,18,21,First Class,Corporate,United States,Sandy Springs,Georgia,South,Technology,Phones,149.98,2,15.6744,74.99,0.1045099347,2,FALSE
2020,May,18,21,First Class,Corporate,United States,Sandy Springs,Georgia,South,Technology,Phones,129.75,5,15.6375,25.95,0.1205202312,2,FALSE
2020,May,27,22,First Class,Consumer,United States,Pocatello,Idaho,West,Technology,Phones,342.376,3,22.6782,114.1253333,0.06623770358,2,FALSE
2020,June,1,23,First Class,Consumer,United States,Dublin,Ohio,East,Technology,Phones,192.376,4,-34.3148,48.094,-0.1783736017,2,FALSE
2020,June,5,23,First Class,Consumer,United States,Pearland,Texas,Central,Technology,Phones,520.376,3,52.9173,173.4586667,0.1016905084,2,FALSE
2020,June,8,24,Second Class,Corporate,United States,Dallas,Texas,Central,Technology,Phones,413.576,3,28.6182,137.8586667,0.06919695534,2,FALSE
2020,June,8,24,First Class,Home Office,United States,Los Angeles,California,West,Technology,Phones,146.52,2,-3.504,73.26,-0.02391482391,2,FALSE
2020,June,10,24,First Class,Home Office,United States,Los Angeles,California,West,Technology,Phones,318.96,5,17.4975,63.792,0.05485797592,2,FALSE
2020,June,12,24,Second Class,Consumer,United States,Kent,Washington,West,Technology,Phones,115.976,3,8.997,38.65866667,0.07757639512,2,FALSE
2020,June,13,24,First Class,Home Office,United States,Chicago,Illinois,Central,Technology,Phones,142.984,2,5.998,71.492,0.04194874951,2,FALSE
2020,June,15,25,Second Class,Corporate,United States,Los Angeles,California,West,Technology,Phones,143.96,1,7.4975,143.96,0.05208043901,2,FALSE
2020,June,16,25,Second Class,Consumer,United States,Florence,Kentucky,South,Technology,Phones,241.98,2,51.8346,120.99,0.2142102653,2,FALSE
2020,June,16,25,Second Class,Consumer,United States,Florence,Kentucky,South,Technology,Phones,153.99,1,17.1574,153.99,0.1114189233,2,FALSE
2020,June,26,26,First Class,Home Office,United States,Detroit,Michigan,Central,Technology,Phones,592.92,8,135.98,74.115,0.2293395399,2,FALSE
2020,June,30,27,Second Class,Home Office,United States,Chicago,Illinois,Central,Technology,Phones,1033.584,2,125.198,516.792,0.1211299711,2,FALSE
2020,July,3,27,Same Day,Home Office,United States,Seattle,Washington,West,Technology,Phones,111.992,1,2.6973,111.992,0.02408475605,3,FALSE
2020,July,5,28,First Class,Corporate,United States,Fremont,Nebraska,Central,Technology,Phones,156.96,4,22.3888,39.24,0.1426401631,3,TRUE
2020,July,7,28,First Class,Consumer,United States,Philadelphia,Pennsylvania,East,Technology,Phones,725.988,2,-113.998,362.994,-0.157024634,3,FALSE
2020,July,13,29,Second Class,Consumer,United States,Philadelphia,Pennsylvania,East,Technology,Phones,133.594,1,-7.2589,133.594,-0.05433552405,3,FALSE
2020,July,21,30,Same Day,Consumer,United States,Murray,Utah,West,Technology,Phones,114.928,9,6.2937,12.76977778,0.05476211193,3,FALSE
2020,July,21,30,Second Class,Corporate,United States,Concord,California,West,Technology,Phones,1652.192,9,121.9644,183.5768889,0.07381974976,3,FALSE
2020,July,29,31,Second Class,Consumer,United States,Jacksonville,North Carolina,South,Technology,Phones,93,5,1.375,18.6,0.01478494624,3,FALSE
2020,July,31,31,Same Day,Consumer,United States,Chicago,Illinois,Central,Technology,Phones,159.792,1,4.1391,159.792,0.02590304896,3,FALSE
2020,August,1,31,First Class,Consumer,United States,Chicago,Illinois,Central,Technology,Phones,113.984,2,5.999,56.992,0.05263019371,3,FALSE
2020,August,1,31,First Class,Consumer,United States,Charlotte,North Carolina,South,Technology,Phones,317.96,5,16.9975,63.592,0.05345798214,3,FALSE
2020,August,11,33,First Class,Corporate,United States,Bedford,Texas,Central,Technology,Phones,201.584,2,13.4386,100.792,0.0666650131,3,FALSE
2020,August,18,34,Second Class,Corporate,United States,New York City,New York,East,Technology,Phones,111.91,1,10.9939,111.91,0.09823876329,3,FALSE
2020,August,21,34,First Class,Consumer,United States,Oakland,California,West,Technology,Phones,450.968,4,37.7972,112.742,0.08381348566,3,FALSE
2020,August,23,35,Second Class,Consumer,United States,Tallahassee,Florida,South,Technology,Phones,4395.896,13,327.5922,338.1458462,0.07452228169,3,TRUE
2020,August,27,35,First Class,Home Office,United States,New York City,New York,East,Technology,Phones,367.97,3,100.9113,122.6566667,0.2742378455,3,FALSE
2020,September,4,36,First Class,Home Office,United States,Apple Valley,California,West,Technology,Phones,123.176,3,15.1116,41.05866667,0.1226829902,3,FALSE
2020,September,7,37,First Class,Consumer,United States,Draper,Utah,West,Technology,Phones,166.56,4,47.46,41.64,0.2849423631,3,FALSE
2020,September,7,37,First Class,Consumer,United States,Edmonds,Washington,West,Technology,Phones,485.712,2,34.1784,242.856,0.07036762526,3,FALSE
2020,September,8,37,First Class,Home Office,United States,Hialeah,Florida,South,Technology,Phones,168.376,3,13.8579,56.12533333,0.08230329738,3,FALSE
2020,September,11,37,Second Class,Corporate,United States,Santa Ana,California,West,Technology,Phones,175.952,6,17.994,29.32533333,0.1022665272,3,FALSE
2020,September,11,37,Same Day,Consumer,United States,Seattle,Washington,West,Technology,Phones,163.96,5,-17.991,32.792,-0.1097279824,3,FALSE
2020,September,14,38,First Class,Home Office,United States,New York City,New York,East,Technology,Phones,1125.85,3,323.955,375.2833333,0.2877425945,3,FALSE
2020,September,15,38,First Class,Consumer,United States,Chicago,Illinois,Central,Technology,Phones,368.976,3,20.2485,122.992,0.05487755301,3,FALSE
2020,September,15,38,Second Class,Consumer,United States,Everett,Massachusetts,East,Technology,Phones,146.99,1,11.5971,146.99,0.07889720389,3,FALSE
2020,September,17,38,Second Class,Home Office,United States,Houston,Texas,Central,Technology,Phones,1448.76,6,88.485,241.46,0.06107636876,3,FALSE
2020,September,22,39,First Class,Consumer,United States,Wilmington,Delaware,East,Technology,Phones,429.98,2,113.6742,214.99,0.264370901,3,FALSE
2020,September,24,39,Same Day,Corporate,United States,Lawrence,Massachusetts,East,Technology,Phones,432.98,2,109.7544,216.49,0.2534860733,3,FALSE
2020,September,24,39,Same Day,Corporate,United States,Lawrence,Massachusetts,East,Technology,Phones,474.85,3,131.355,158.2833333,0.2766241971,3,FALSE
2020,October,5,41,Second Class,Home Office,United States,New York City,New York,East,Technology,Phones,198.93,7,3.2186,28.41857143,0.01617956065,4,FALSE
2020,October,17,42,Second Class,Corporate,United States,Modesto,California,West,Technology,Phones,158.792,1,4.6193,158.792,0.02909025644,4,FALSE
2020,October,21,43,Same Day,Home Office,United States,Muskogee,Oklahoma,Central,Technology,Phones,1460.92,8,374.3792,182.615,0.256262629,4,FALSE
2020,October,22,43,First Class,Home Office,United States,New York City,New York,East,Technology,Phones,1037.6,8,647.892,129.7,0.6244140324,4,FALSE
2020,October,22,43,First Class,Home Office,United States,New York City,New York,East,Technology,Phones,134.99,1,0.5299,134.99,0.003925475961,4,FALSE
2020,October,23,43,Second Class,Consumer,United States,San Antonio,Texas,Central,Technology,Phones,852.96,5,51.4975,170.592,0.0603750469,4,FALSE
2020,October,27,44,First Class,Corporate,United States,San Francisco,California,West,Technology,Phones,118.84,4,34.742,29.71,0.2923426456,4,FALSE
2020,October,27,44,Second Class,Home Office,United States,Chicago,Illinois,Central,Technology,Phones,107.184,2,2.0388,53.592,0.01902149575,4,FALSE
2020,October,27,44,First Class,Corporate,United States,Los Angeles,California,West,Technology,Phones,155.96,5,7.196,31.192,0.04614003591,4,FALSE
2020,November,4,45,First Class,Corporate,United States,Greensboro,North Carolina,South,Technology,Phones,1376.96,5,118.9965,275.392,0.08641972171,4,FALSE
2020,November,5,45,Second Class,Consumer,United States,New York City,New York,East,Technology,Phones,124.98,2,3.9992,62.49,0.0319987198,4,FALSE
2020,November,5,45,Second Class,Corporate,United States,Dallas,Texas,Central,Technology,Phones,529.768,4,55.4364,132.442,0.104642787,4,FALSE
2020,November,7,45,Second Class,Home Office,United States,Brentwood,California,West,Technology,Phones,786.544,7,66.6351,112.3634286,0.08471884599,4,FALSE
2020,November,10,46,First Class,Corporate,United States,Tucson,Arizona,West,Technology,Phones,216.584,2,15.1188,108.292,0.06980571049,4,FALSE
2020,November,11,46,First Class,Consumer,United States,Dallas,Texas,Central,Technology,Phones,143.184,2,12.3144,71.592,0.0860040228,4,FALSE
2020,November,12,46,Same Day,Corporate,United States,Newark,Ohio,East,Technology,Phones,417.782,3,-92.6955,139.2606667,-0.2218752842,4,FALSE
2020,November,12,46,Same Day,Home Office,United States,Glendale,Arizona,West,Technology,Phones,692.984,2,50.3988,346.492,0.07272722025,4,FALSE
2020,November,12,46,Same Day,Home Office,United States,Glendale,Arizona,West,Technology,Phones,112.92,2,0.693,56.46,0.006137088204,4,FALSE
2020,November,13,46,First Class,Corporate,United States,New York City,New York,East,Technology,Phones,674.95,5,163.787,134.99,0.2426653826,4,FALSE
2020,November,13,46,Second Class,Corporate,United States,Buffalo,New York,East,Technology,Phones,149.6,4,12.208,37.4,0.08160427807,4,FALSE
2020,November,14,46,Second Class,Consumer,United States,Grove City,Ohio,East,Technology,Phones,154.94,10,15.992,15.494,0.1032141474,4,FALSE
2020,November,16,47,First Class,Consumer,United States,Seattle,Washington,West,Technology,Phones,133.88,3,10.788,44.62666667,0.08057962354,4,FALSE
2020,November,16,47,Same Day,Consumer,United States,Utica,New York,East,Technology,Phones,160.94,6,5.997,26.82333333,0.03726233379,4,FALSE
2020,November,19,47,First Class,Consumer,United States,Westminster,California,West,Technology,Phones,149.968,4,2.3976,37.492,0.01598741065,4,FALSE
2020,November,20,47,Second Class,Corporate,United States,New York City,New York,East,Technology,Phones,606.99,1,170.997,606.99,0.281713043,4,FALSE
2020,November,20,47,First Class,Consumer,United States,New York City,New York,East,Technology,Phones,1289.97,3,327.5922,429.99,0.2539533478,4,FALSE
2020,November,21,47,Same Day,Consumer,United States,Houston,Texas,Central,Technology,Phones,124.176,3,-12.4146,41.392,-0.09997584074,4,FALSE
2020,November,24,48,Second Class,Corporate,United States,Summerville,South Carolina,South,Technology,Phones,114.1,2,39.55,57.05,0.3466257669,4,FALSE
2020,November,25,48,Second Class,Corporate,United States,Laguna Niguel,California,West,Technology,Phones,146.96,5,3.4965,29.392,0.02379218835,4,FALSE
2020,November,26,48,Second Class,Consumer,United States,New York City,New York,East,Technology,Phones,996.95,5,264.5865,199.39,0.2653959577,4,FALSE
2020,November,30,49,Second Class,Home Office,United States,Miami,Florida,South,Technology,Phones,175.976,3,8.997,58.65866667,0.05112628995,4,FALSE
2020,December,2,49,First Class,Consumer,United States,Lowell,Massachusetts,East,Technology,Phones,289.95,5,284.1855,57.99,0.980118986,4,FALSE
2020,December,5,49,First Class,Home Office,United States,Seattle,Washington,West,Technology,Phones,109.176,3,-7.0146,36.392,-0.0642503847,4,FALSE
2020,December,7,50,First Class,Consumer,United States,Los Angeles,California,West,Technology,Phones,400.376,3,46.797,133.4586667,0.1168826303,4,FALSE
2020,December,8,50,First Class,Consumer,United States,Philadelphia,Pennsylvania,East,Technology,Phones,132.988,2,-20.997,66.494,-0.1578864258,4,FALSE
2020,December,10,50,Second Class,Consumer,United States,Stockton,California,West,Technology,Phones,440.84,4,34.742,110.21,0.07880863805,4,FALSE
2020,December,10,50,Second Class,Home Office,United States,Jackson,Mississippi,South,Technology,Phones,161.97,3,0.7794,53.99,0.004812002223,4,FALSE
2020,December,22,52,First Class,Consumer,United States,Toledo,Ohio,East,Technology,Phones,212.958,7,94.4937,30.42257143,0.4437198884,4,FALSE
2020,December,23,52,Second Class,Corporate,United States,Little Rock,Arkansas,South,Technology,Phones,678.97,3,148.491,226.3233333,0.2187003844,4,FALSE
2020,December,25,52,Second Class,Home Office,United States,Huntsville,Alabama,South,Technology,Phones,352.48,2,23.5248,176.24,0.06674080799,4,FALSE
2020,December,27,53,Same Day,Corporate,United States,Newark,Ohio,East,Technology,Phones,928.388,2,-35.6174,464.194,-0.03836477852,4,TRUE
2019,January,22,4,Standard Class,Home Office,United States,Cleveland,Ohio,East,Technology,Phones,110.376,4,-20.2356,27.594,-0.1833333333,1,FALSE
2019,March,6,10,Standard Class,Home Office,United States,Philadelphia,Pennsylvania,East,Technology,Phones,431.94,2,-71.99,215.97,-0.1666666667,1,FALSE
2019,March,6,10,Standard Class,Home Office,United States,Philadelphia,Pennsylvania,East,Technology,Phones,68.238,3,-12.5103,22.746,-0.1833333333,1,FALSE
2019,April,6,14,Standard Class,Home Office,United States,Burlington,Vermont,East,Technology,Phones,1294.75,5,336.635,258.95,0.26,2,FALSE
2019,May,5,19,Standard Class,Home Office,United States,Tallahassee,Florida,South,Technology,Phones,177.48,3,19.9665,59.16,0.1125,2,TRUE
2019,May,28,22,Standard Class,Home Office,United States,Park Ridge,Illinois,Central,Technology,Phones,286.4,1,25.06,286.4,0.0875,2,FALSE
2019,May,30,22,Standard Class,Home Office,United States,Superior,Wisconsin,Central,Technology,Phones,125.99,1,35.2772,125.99,0.28,2,FALSE
2019,July,7,28,Standard Class,Home Office,United States,Philadelphia,Pennsylvania,East,Technology,Phones,59.994,1,-12.9987,59.994,-0.2166666667,3,TRUE
2019,August,29,35,Standard Class,Home Office,United States,New York City,New York,East,Technology,Phones,22,4,5.5,5.5,0.25,3,FALSE
2019,September,17,38,Standard Class,Home Office,United States,Seattle,Washington,West,Technology,Phones,105.584,2,7.9188,52.792,0.075,3,FALSE
2019,October,15,42,Standard Class,Home Office,United States,Oklahoma City,Oklahoma,Central,Technology,Phones,5.5,1,1.375,5.5,0.25,4,FALSE
2019,October,24,43,Standard Class,Home Office,United States,Lebanon,Tennessee,South,Technology,Phones,239.976,3,17.9982,79.992,0.075,4,FALSE
2019,November,1,44,Standard Class,Home Office,United States,Salem,Virginia,South,Technology,Phones,21.8,2,6.104,10.9,0.28,4,FALSE
2019,November,10,46,Standard Class,Home Office,United States,Springfield,Ohio,East,Technology,Phones,41.958,7,-9.7902,5.994,-0.2333333333,4,TRUE
2019,November,13,46,Standard Class,Home Office,United States,New York City,New York,East,Technology,Phones,2279.96,4,592.7896,569.99,0.26,4,FALSE
2019,December,2,49,Standard Class,Home Office,United States,Providence,Rhode Island,East,Technology,Phones,629.95,5,176.386,125.99,0.28,4,FALSE
2019,December,12,50,Standard Class,Home Office,United States,Jackson,Michigan,Central,Technology,Phones,657.93,7,184.2204,93.99,0.28,4,FALSE
2019,December,23,52,Standard Class,Home Office,United States,Philadelphia,Pennsylvania,East,Technology,Phones,1499.97,5,-374.9925,299.994,-0.25,4,FALSE
2020,January,14,3,Standard Class,Home Office,United States,Richmond,Indiana,Central,Technology,Phones,168.8,4,1.356,42.2,0.008033175355,1,FALSE
2020,January,21,4,Standard Class,Home Office,United States,Jackson,Michigan,Central,Technology,Phones,195.99,1,49.497,195.99,0.2525485994,1,FALSE
2020,February,17,8,Standard Class,Home Office,United States,Chicago,Illinois,Central,Technology,Phones,165.792,1,10.9193,165.792,0.06586144084,1,FALSE
2020,February,20,8,Standard Class,Home Office,United States,Gilbert,Arizona,West,Technology,Phones,358.576,3,25.0182,119.5253333,0.069770983,1,FALSE
2020,March,10,11,Standard Class,Home Office,United States,Chester,Pennsylvania,East,Technology,Phones,128.91,3,-8.379,42.97,-0.0649988364,1,FALSE
2020,March,11,11,Standard Class,Home Office,United States,Philadelphia,Pennsylvania,East,Technology,Phones,799.85,5,-181.265,159.97,-0.226623742,1,FALSE
2020,April,7,15,Standard Class,Home Office,United States,Jacksonville,Florida,South,Technology,Phones,247.184,2,19.1786,123.592,0.07758835523,2,FALSE
2020,May,27,22,Standard Class,Home Office,United States,Louisville,Kentucky,South,Technology,Phones,560.97,3,134.9925,186.99,0.2406412108,2,FALSE
2020,May,30,22,Standard Class,Home Office,United States,Tigard,Oregon,West,Technology,Phones,180.792,1,17.6391,180.792,0.09756571087,2,FALSE
2020,June,2,23,Standard Class,Home Office,United States,Lorain,Ohio,East,Technology,Phones,95.97,1,-0.6435,95.97,-0.006705220381,2,FALSE
2020,July,17,29,Standard Class,Home Office,United States,Rome,New York,East,Technology,Phones,296.98,2,67.495,148.49,0.2272711967,3,FALSE
2020,July,21,30,Standard Class,Home Office,United States,Cleveland,Ohio,East,Technology,Phones,227.564,6,-52.641,37.92733333,-0.2313239352,3,FALSE
2020,August,6,32,Standard Class,Home Office,United States,Concord,New Hampshire,East,Technology,Phones,851.95,5,247.485,170.39,0.2904923998,3,FALSE
2020,August,20,34,Standard Class,Home Office,United States,Charlotte,North Carolina,South,Technology,Phones,144.96,1,3.596,144.96,0.02480684327,3,FALSE
2020,August,28,35,Standard Class,Home Office,United States,Seattle,Washington,West,Technology,Phones,150.168,4,11.4296,37.542,0.0761120878,3,FALSE
2020,September,2,36,Standard Class,Home Office,United States,Jackson,Michigan,Central,Technology,Phones,1240.8,4,323.946,310.2,0.2610783366,3,FALSE
2020,September,24,39,Standard Class,Home Office,United States,Sandy Springs,Georgia,South,Technology,Phones,106.9,2,25.172,53.45,0.2354724041,3,FALSE
2020,September,24,39,Standard Class,Home Office,United States,Hollywood,Florida,South,Technology,Phones,433.96,5,38.396,86.792,0.08847820076,3,FALSE
2020,September,24,39,Standard Class,Home Office,United States,Lancaster,Ohio,East,Technology,Phones,1191.694,3,-253.4337,397.2313333,-0.2126667584,3,FALSE
2020,October,2,40,Standard Class,Home Office,United States,Seattle,Washington,West,Technology,Phones,123.784,2,-20.1362,61.892,-0.1626720739,4,FALSE
2020,October,7,41,Standard Class,Home Office,United States,Charlotte,North Carolina,South,Technology,Phones,235.384,2,16.6788,117.692,0.07085783231,4,FALSE
2020,October,12,42,Standard Class,Home Office,United States,Dallas,Texas,Central,Technology,Phones,403.544,7,27.7158,57.64914286,0.06868098646,4,FALSE
2020,November,9,46,Standard Class,Home Office,United States,Jacksonville,Florida,South,Technology,Phones,36.168,4,31.198,9.042,0.8625857111,4,FALSE
2020,November,12,46,Standard Class,Home Office,United States,Dallas,Texas,Central,Technology,Phones,102.992,1,8.499,102.992,0.0825209725,4,FALSE
2020,November,26,48,Standard Class,Home Office,United States,Richmond,Indiana,Central,Technology,Phones,116.98,2,43.1904,58.49,0.3692118311,4,FALSE
2020,November,26,48,Standard Class,Home Office,United States,Richmond,Indiana,Central,Technology,Phones,1906.96,4,545.1884,476.74,0.2858939883,4,FALSE
2020,November,30,49,Standard Class,Home Office,United States,New York City,New York,East,Technology,Phones,590.06,3,163.818,196.6866667,0.2776293936,4,FALSE
2020,December,1,49,Standard Class,Home Office,United States,Philadelphia,Pennsylvania,East,Technology,Phones,138.958,7,9.4437,19.85114286,0.06796082269,4,FALSE
2020,December,14,51,Standard Class,Home Office,United States,Chicago,Illinois,Central,Technology,Phones,500.68,3,19.755,166.8933333,0.03945633938,4,FALSE
2019,January,2,1,Standard Class,Corporate,United States,Gaithersburg,Maryland,East,Technology,Phones,231.98,2,67.2742,115.99,0.29,1,FALSE
2019,January,3,1,Standard Class,Corporate,United States,San Antonio,Texas,Central,Technology,Phones,180.96,5,13.572,36.192,0.075,1,FALSE
2019,February,21,8,Standard Class,Corporate,United States,Oceanside,New York,East,Technology,Phones,39.98,2,1.999,19.99,0.05,1,FALSE
2019,March,1,9,Standard Class,Corporate,United States,Denver,Colorado,West,Technology,Phones,159.984,2,13.9986,79.992,0.0875,1,FALSE
2019,March,7,10,Standard Class,Corporate,United States,Fort Worth,Texas,Central,Technology,Phones,21.072,3,1.5804,7.024,0.075,1,FALSE
2019,March,24,13,Standard Class,Corporate,United States,Gresham,Oregon,West,Technology,Phones,403.168,4,25.198,100.792,0.0625,1,TRUE
2019,April,1,14,Standard Class,Corporate,United States,Milwaukee,Wisconsin,Central,Technology,Phones,12.99,1,0.2598,12.99,0.02,2,FALSE
2019,May,12,20,Standard Class,Corporate,United States,New York City,New York,East,Technology,Phones,631.96,4,303.3408,157.99,0.48,2,TRUE
2019,May,14,20,Standard Class,Corporate,United States,Jacksonville,Florida,South,Technology,Phones,43.6,5,4.36,8.72,0.1,2,FALSE
2019,June,17,25,Standard Class,Corporate,United States,Waterbury,Connecticut,East,Technology,Phones,566.97,3,153.0819,188.99,0.27,2,FALSE
2019,July,17,29,Standard Class,Corporate,United States,Perth Amboy,New Jersey,East,Technology,Phones,597,3,280.59,199,0.47,3,FALSE
2019,August,14,33,Standard Class,Corporate,United States,Akron,Ohio,East,Technology,Phones,259.896,2,-56.3108,129.948,-0.2166666667,3,FALSE
2019,August,14,33,Standard Class,Corporate,United States,Akron,Ohio,East,Technology,Phones,247.188,2,-49.4376,123.594,-0.2,3,FALSE
2019,August,18,34,Standard Class,Corporate,United States,New York City,New York,East,Technology,Phones,39.99,1,11.5971,39.99,0.29,3,TRUE
2019,August,26,35,Standard Class,Corporate,United States,New York City,New York,East,Technology,Phones,33,6,8.25,5.5,0.25,3,FALSE
2019,September,1,36,Standard Class,Corporate,United States,Philadelphia,Pennsylvania,East,Technology,Phones,23.988,2,-4.7976,11.994,-0.2,3,TRUE
2019,September,6,36,Standard Class,Corporate,United States,Dallas,Texas,Central,Technology,Phones,329.584,2,37.0782,164.792,0.1125,3,FALSE
2019,September,8,37,Standard Class,Corporate,United States,Dallas,Texas,Central,Technology,Phones,59.96,5,21.7355,11.992,0.3625,3,TRUE
2019,September,10,37,Standard Class,Corporate,United States,Fort Lauderdale,Florida,South,Technology,Phones,519.68,7,58.464,74.24,0.1125,3,FALSE
2019,September,17,38,Standard Class,Corporate,United States,Bangor,Maine,East,Technology,Phones,437.85,3,131.355,145.95,0.3,3,FALSE
2019,September,22,39,Standard Class,Corporate,United States,Smyrna,Tennessee,South,Technology,Phones,63.936,8,5.5944,7.992,0.0875,3,TRUE
2019,September,29,40,Standard Class,Corporate,United States,Springfield,Oregon,West,Technology,Phones,859.2,3,75.18,286.4,0.0875,3,TRUE
2019,October,4,40,Standard Class,Corporate,United States,Coral Gables,Florida,South,Technology,Phones,52.68,3,19.755,17.56,0.375,4,FALSE
2019,October,9,41,Standard Class,Corporate,United States,Troy,Ohio,East,Technology,Phones,23.976,4,-15.5844,5.994,-0.65,4,FALSE
2019,October,14,42,Standard Class,Corporate,United States,New York City,New York,East,Technology,Phones,1091.93,7,272.9825,155.99,0.25,4,FALSE
2019,November,5,45,Standard Class,Corporate,United States,Philadelphia,Pennsylvania,East,Technology,Phones,23.988,2,-15.992,11.994,-0.6666666667,4,FALSE
2019,November,20,47,Standard Class,Corporate,United States,Houston,Texas,Central,Technology,Phones,122.92,7,46.095,17.56,0.375,4,FALSE
2019,November,20,47,Standard Class,Corporate,United States,Orlando,Florida,South,Technology,Phones,244.768,4,24.4768,61.192,0.1,4,FALSE
2019,November,28,48,Standard Class,Corporate,United States,Philadelphia,Pennsylvania,East,Technology,Phones,340.182,3,-73.7061,113.394,-0.2166666667,4,FALSE
2019,December,5,49,Standard Class,Corporate,United States,Franklin,Wisconsin,Central,Technology,Phones,384.45,11,103.8015,34.95,0.27,4,FALSE
2019,December,5,49,Standard Class,Corporate,United States,Franklin,Wisconsin,Central,Technology,Phones,149.97,3,5.9988,49.99,0.04,4,FALSE
2019,December,11,50,Standard Class,Corporate,United States,New York City,New York,East,Technology,Phones,1029.95,5,298.6855,205.99,0.29,4,FALSE
2020,January,23,4,Standard Class,Corporate,United States,Seattle,Washington,West,Technology,Phones,136.352,6,8.6352,22.72533333,0.06333020418,1,FALSE
2020,January,30,5,Standard Class,Corporate,United States,Des Moines,Iowa,Central,Technology,Phones,224,3,51.75,74.66666667,0.2310267857,1,FALSE
2020,February,6,6,Standard Class,Corporate,United States,New York City,New York,East,Technology,Phones,256.46,6,65.9634,42.74333333,0.2572073618,1,FALSE
2020,February,16,8,Standard Class,Corporate,United States,Fairfield,Connecticut,East,Technology,Phones,850.99,1,7.3451,850.99,0.00863124126,1,TRUE
2020,February,23,9,Standard Class,Corporate,United States,Seattle,Washington,West,Technology,Phones,884.96,5,25.186,176.992,0.02846004339,1,TRUE
2020,March,12,11,Standard Class,Corporate,United States,Lowell,Massachusetts,East,Technology,Phones,102.93,7,32.1678,14.70428571,0.3125211309,1,FALSE
2020,April,30,18,Standard Class,Corporate,United States,Philadelphia,Pennsylvania,East,Technology,Phones,719.58,5,-158.102,143.916,-0.2197142778,2,FALSE
2020,May,13,20,Standard Class,Corporate,United States,Columbus,Indiana,Central,Technology,Phones,611.97,3,158.7519,203.99,0.2594112456,2,FALSE
2020,May,19,21,Standard Class,Corporate,United States,Mount Vernon,New York,East,Technology,Phones,326.98,2,89.3142,163.49,0.2731488164,2,FALSE
2020,May,28,22,Standard Class,Corporate,United States,Phoenix,Arizona,West,Technology,Phones,219.96,5,19.596,43.992,0.08908892526,2,FALSE
2020,June,4,23,Standard Class,Corporate,United States,Monroe,North Carolina,South,Technology,Phones,161.984,2,25.1944,80.992,0.1555363493,2,FALSE
2020,June,15,25,Standard Class,Corporate,United States,Nashville,Tennessee,South,Technology,Phones,249.976,3,26.9973,83.32533333,0.107999568,2,FALSE
2020,June,15,25,Standard Class,Corporate,United States,Nashville,Tennessee,South,Technology,Phones,2261.936,8,223.9936,282.742,0.09902738185,2,FALSE
2020,July,22,30,Standard Class,Corporate,United States,New York City,New York,East,Technology,Phones,117.97,3,14.0859,39.32333333,0.1194023904,3,FALSE
2020,July,29,31,Standard Class,Corporate,United States,Austin,Texas,Central,Technology,Phones,151.792,1,15.599,151.792,0.1027656266,3,FALSE
2020,September,2,36,Standard Class,Corporate,United States,New York City,New York,East,Technology,Phones,244.97,3,57.4113,81.65666667,0.2343605339,3,FALSE
2020,September,9,37,Standard Class,Corporate,United States,Philadelphia,Pennsylvania,East,Technology,Phones,1981.958,7,-386.3916,283.1368571,-0.1949544844,3,FALSE
2020,September,10,37,Standard Class,Corporate,United States,Naperville,Illinois,Central,Technology,Phones,183.168,4,16.5564,45.792,0.09038915094,3,FALSE
2020,September,15,38,Standard Class,Corporate,United States,Lakewood,New Jersey,East,Technology,Phones,429.94,6,102.9444,71.65666667,0.2394389915,3,FALSE
2020,September,18,38,Standard Class,Corporate,United States,Columbus,Georgia,South,Technology,Phones,136.68,8,26.7904,17.085,0.1960081943,3,FALSE
2020,September,18,38,Standard Class,Corporate,United States,Columbus,Georgia,South,Technology,Phones,429.98,2,119.4742,214.99,0.2778599005,3,FALSE
2020,September,19,38,Standard Class,Corporate,United States,Springfield,Oregon,West,Technology,Phones,216.976,3,19.1976,72.32533333,0.08847798835,3,FALSE
2020,September,22,39,Standard Class,Corporate,United States,Milwaukee,Wisconsin,Central,Technology,Phones,136.97,3,25.2213,45.65666667,0.1841374024,3,FALSE
2020,October,2,40,Standard Class,Corporate,United States,New York City,New York,East,Technology,Phones,110.99,1,17.1574,110.99,0.1545850978,4,FALSE
2020,October,5,41,Standard Class,Corporate,United States,New York City,New York,East,Technology,Phones,111.8,4,43.9,27.95,0.3926654741,4,FALSE
2020,October,19,43,Standard Class,Corporate,United States,Philadelphia,Pennsylvania,East,Technology,Phones,350.576,4,-56.7556,87.644,-0.1618924285,4,FALSE
2020,October,20,43,Standard Class,Corporate,United States,Durham,North Carolina,South,Technology,Phones,100.984,2,1.3986,50.492,0.01384971877,4,FALSE
2020,October,22,43,Standard Class,Corporate,United States,Philadelphia,Pennsylvania,East,Technology,Phones,145.7,5,-6.54,29.14,-0.0448867536,4,FALSE
2020,October,23,43,Standard Class,Corporate,United States,Rochester,New York,East,Technology,Phones,143.88,3,10.0464,47.96,0.06982485405,4,FALSE
2020,October,26,44,Standard Class,Corporate,United States,Lancaster,Pennsylvania,East,Technology,Phones,140.542,1,-13.3341,140.542,-0.09487626475,4,FALSE
2020,October,31,44,Standard Class,Corporate,United States,Chicago,Illinois,Central,Technology,Phones,522.768,4,38.1576,130.692,0.07299146084,4,FALSE
2020,November,2,45,Standard Class,Corporate,United States,Philadelphia,Pennsylvania,East,Technology,Phones,879.2,4,-186.16,219.8,-0.2117379436,4,FALSE
2020,November,3,45,Standard Class,Corporate,United States,Miami,Florida,South,Technology,Phones,377.376,2,27.1032,188.688,0.07182014755,4,FALSE
2020,November,10,46,Standard Class,Corporate,United States,New York City,New York,East,Technology,Phones,469.88,2,124.9552,234.94,0.2659300247,4,FALSE
2020,November,17,47,Standard Class,Corporate,United States,Athens,Georgia,South,Technology,Phones,224.1,5,55.647,44.82,0.248313253,4,FALSE
2020,November,24,48,Standard Class,Corporate,United States,Lancaster,Pennsylvania,East,Technology,Phones,126.988,2,-14.998,63.494,-0.1181056478,4,FALSE
2020,November,28,48,Standard Class,Corporate,United States,New York City,New York,East,Technology,Phones,524.89,11,494.9725,47.71727273,0.9430023433,4,FALSE
2020,December,2,49,Standard Class,Corporate,United States,Lakewood,Ohio,East,Technology,Phones,199.188,2,-25.198,99.594,-0.1265036046,4,FALSE
2020,December,2,49,Standard Class,Corporate,United States,Denver,Colorado,West,Technology,Phones,135.36,6,-14.34,22.56,-0.1059397163,4,FALSE
2020,December,2,49,Standard Class,Corporate,United States,Denver,Colorado,West,Technology,Phones,137.616,2,4.9616,68.808,0.03605394722,4,FALSE
2020,December,11,50,Standard Class,Corporate,United States,Jacksonville,Florida,South,Technology,Phones,344.568,4,-16.5528,86.142,-0.04803928397,4,FALSE
2020,December,11,50,Standard Class,Corporate,United States,New Bedford,Massachusetts,East,Technology,Phones,418.85,3,3.8655,139.6166667,0.009228840874,4,FALSE
2020,December,22,52,Standard Class,Corporate,United States,Carlsbad,New Mexico,West,Technology,Phones,299.04,4,6.704,74.76,0.02241840556,4,FALSE
2019,January,8,2,Standard Class,Consumer,United States,Raleigh,North Carolina,South,Technology,Phones,108.784,2,10.8784,54.392,0.1,1,FALSE
2019,January,30,5,Standard Class,Consumer,United States,Rockford,Illinois,Central,Technology,Phones,1439.968,4,143.9968,359.992,0.1,1,FALSE
2019,February,4,6,Standard Class,Consumer,United States,Rockville,Maryland,East,Technology,Phones,90.48,2,23.5248,45.24,0.26,1,FALSE
2019,March,3,10,Standard Class,Consumer,United States,Newark,Delaware,East,Technology,Phones,479.95,5,129.5865,95.99,0.27,1,TRUE
2019,March,3,10,Standard Class,Consumer,United States,Round Rock,Texas,Central,Technology,Phones,431.976,3,32.3982,143.992,0.075,1,TRUE
2019,March,8,10,Standard Class,Consumer,United States,Miami,Florida,South,Technology,Phones,1363.96,5,85.2475,272.792,0.0625,1,FALSE
2019,March,8,10,Standard Class,Consumer,United States,Philadelphia,Pennsylvania,East,Technology,Phones,108.576,4,-25.3344,27.144,-0.2333333333,1,FALSE
2019,March,20,12,Standard Class,Consumer,United States,Salem,Oregon,West,Technology,Phones,84.784,2,-20.1362,42.392,-0.2375,1,FALSE
2019,March,29,13,Standard Class,Consumer,United States,Springfield,Ohio,East,Technology,Phones,158.376,4,-36.9544,39.594,-0.2333333333,1,FALSE
2019,April,3,14,Standard Class,Consumer,United States,Richmond,Indiana,Central,Technology,Phones,259.96,4,124.7808,64.99,0.48,2,FALSE
2019,April,5,14,Standard Class,Consumer,United States,Philadelphia,Pennsylvania,East,Technology,Phones,118.782,3,-27.7158,39.594,-0.2333333333,2,FALSE
2019,April,18,16,Standard Class,Consumer,United States,Chesapeake,Virginia,South,Technology,Phones,29.56,4,7.9812,7.39,0.27,2,FALSE
2019,April,19,16,Standard Class,Consumer,United States,New York City,New York,East,Technology,Phones,25.98,2,0.7794,12.99,0.03,2,FALSE
2019,May,9,19,Standard Class,Consumer,United States,Houston,Texas,Central,Technology,Phones,19.136,2,1.9136,9.568,0.1,2,FALSE
2019,May,22,21,Standard Class,Consumer,United States,Passaic,New Jersey,East,Technology,Phones,345,5,86.25,69,0.25,2,FALSE
2019,May,22,21,Standard Class,Consumer,United States,Passaic,New Jersey,East,Technology,Phones,257.98,2,74.8142,128.99,0.29,2,FALSE
2019,May,23,21,Standard Class,Consumer,United States,Chicago,Illinois,Central,Technology,Phones,1979.928,9,148.4946,219.992,0.075,2,FALSE
2019,May,23,21,Standard Class,Consumer,United States,Philadelphia,Pennsylvania,East,Technology,Phones,122.382,3,-24.4764,40.794,-0.2,2,FALSE
2019,May,31,22,Standard Class,Consumer,United States,New York City,New York,East,Technology,Phones,179.7,6,88.053,29.95,0.49,2,FALSE
2019,June,6,23,Standard Class,Consumer,United States,Chicago,Illinois,Central,Technology,Phones,328.224,4,28.7196,82.056,0.0875,2,FALSE
2019,June,20,25,Standard Class,Consumer,United States,Dover,Delaware,East,Technology,Phones,21.8,2,6.104,10.9,0.28,2,FALSE
2019,June,24,26,Standard Class,Consumer,United States,Richmond,Indiana,Central,Technology,Phones,440.91,9,123.4548,48.99,0.28,2,FALSE
2019,June,26,26,Standard Class,Consumer,United States,Atlanta,Georgia,South,Technology,Phones,135.95,1,39.4255,135.95,0.29,2,FALSE
2019,July,8,28,Standard Class,Consumer,United States,Seattle,Washington,West,Technology,Phones,107.984,1,9.4486,107.984,0.0875,3,FALSE
2019,July,16,29,Standard Class,Consumer,United States,Philadelphia,Pennsylvania,East,Technology,Phones,143.982,3,-28.7964,47.994,-0.2,3,FALSE
2019,July,16,29,Standard Class,Consumer,United States,Philadelphia,Pennsylvania,East,Technology,Phones,494.376,4,-115.3544,123.594,-0.2333333333,3,FALSE
2019,July,18,29,Standard Class,Consumer,United States,Phoenix,Arizona,West,Technology,Phones,55.992,1,3.4995,55.992,0.0625,3,FALSE
2019,July,31,31,Standard Class,Consumer,United States,Detroit,Michigan,Central,Technology,Phones,635.96,4,165.3496,158.99,0.26,3,FALSE
2019,July,31,31,Standard Class,Consumer,United States,Detroit,Michigan,Central,Technology,Phones,118.99,1,33.3172,118.99,0.28,3,FALSE
2019,August,15,33,Standard Class,Consumer,United States,Tallahassee,Florida,South,Technology,Phones,705.544,7,70.5544,100.792,0.1,3,FALSE
2019,August,26,35,Standard Class,Consumer,United States,Detroit,Michigan,Central,Technology,Phones,209.97,3,58.7916,69.99,0.28,3,FALSE
2019,August,28,35,Standard Class,Consumer,United States,Englewood,Colorado,West,Technology,Phones,108.576,3,8.1432,36.192,0.075,3,FALSE
2019,September,1,36,Standard Class,Consumer,United States,Detroit,Michigan,Central,Technology,Phones,8.78,1,2.2828,8.78,0.26,3,TRUE
2019,September,13,37,Standard Class,Consumer,United States,Omaha,Nebraska,Central,Technology,Phones,149.95,5,41.986,29.99,0.28,3,FALSE
2019,September,13,37,Standard Class,Consumer,United States,Omaha,Nebraska,Central,Technology,Phones,29.97,3,0.2997,9.99,0.01,3,FALSE
2019,September,14,37,Standard Class,Consumer,United States,Long Beach,New York,East,Technology,Phones,437.85,3,131.355,145.95,0.3,3,FALSE
2019,September,22,39,Standard Class,Consumer,United States,Grand Rapids,Michigan,Central,Technology,Phones,97.98,2,27.4344,48.99,0.28,3,TRUE
2019,September,27,39,Standard Class,Consumer,United States,Seattle,Washington,West,Technology,Phones,1001.584,2,125.198,500.792,0.125,3,FALSE
2019,October,20,43,Standard Class,Consumer,United States,Trenton,Michigan,Central,Technology,Phones,125.7,6,35.196,20.95,0.28,4,TRUE
2019,October,20,43,Standard Class,Consumer,United States,Trenton,Michigan,Central,Technology,Phones,191.98,2,51.8346,95.99,0.27,4,TRUE
2019,October,21,43,Standard Class,Consumer,United States,Columbus,Ohio,East,Technology,Phones,235.152,8,-47.0304,29.394,-0.2,4,FALSE
2019,November,10,46,Standard Class,Consumer,United States,New York City,New York,East,Technology,Phones,881.93,7,220.4825,125.99,0.25,4,TRUE
2019,November,11,46,Standard Class,Consumer,United States,Detroit,Michigan,Central,Technology,Phones,257.98,2,74.8142,128.99,0.29,4,FALSE
2019,November,14,46,Standard Class,Consumer,United States,Baltimore,Maryland,East,Technology,Phones,89.97,3,25.1916,29.99,0.28,4,FALSE
2019,November,14,46,Standard Class,Consumer,United States,New York City,New York,East,Technology,Phones,13.98,2,3.9144,6.99,0.28,4,FALSE
2019,November,19,47,Standard Class,Consumer,United States,Houston,Texas,Central,Technology,Phones,71.96,5,25.186,14.392,0.35,4,FALSE
2019,November,20,47,Standard Class,Consumer,United States,Edmond,Oklahoma,Central,Technology,Phones,944.93,7,236.2325,134.99,0.25,4,FALSE
2019,November,20,47,Standard Class,Consumer,United States,Houston,Texas,Central,Technology,Phones,151.192,1,13.2293,151.192,0.0875,4,FALSE
2019,November,24,48,Standard Class,Consumer,United States,Dallas,Texas,Central,Technology,Phones,657.552,6,49.3164,109.592,0.075,4,TRUE
2019,November,26,48,Standard Class,Consumer,United States,Philadelphia,Pennsylvania,East,Technology,Phones,494.982,3,-115.4958,164.994,-0.2333333333,4,FALSE
2019,November,27,48,Standard Class,Consumer,United States,Fort Lauderdale,Florida,South,Technology,Phones,116.76,1,14.595,116.76,0.125,4,FALSE
2019,December,1,49,Standard Class,Consumer,United States,Rockville,Maryland,East,Technology,Phones,179.97,3,44.9925,59.99,0.25,4,TRUE
2019,December,6,49,Standard Class,Consumer,United States,Seattle,Washington,West,Technology,Phones,431.976,3,26.9985,143.992,0.0625,4,FALSE
2019,December,6,49,Standard Class,Consumer,United States,Seattle,Washington,West,Technology,Phones,156.792,1,13.7193,156.792,0.0875,4,FALSE
2019,December,8,50,Standard Class,Consumer,United States,Greenville,North Carolina,South,Technology,Phones,249.584,2,31.198,124.792,0.125,4,TRUE
2019,December,9,50,Standard Class,Consumer,United States,Franklin,Tennessee,South,Technology,Phones,40.68,3,-9.153,13.56,-0.225,4,FALSE
2019,December,9,50,Standard Class,Consumer,United States,Jackson,Michigan,Central,Technology,Phones,10.9,1,3.052,10.9,0.28,4,FALSE
2020,January,14,3,Standard Class,Consumer,United States,Johnson City,Tennessee,South,Technology,Phones,129.984,2,6.999,64.992,0.05384508863,1,FALSE
2020,January,26,5,Standard Class,Consumer,United States,Columbus,Georgia,South,Technology,Phones,2967.93,7,764.3818,423.99,0.257547112,1,TRUE
2020,January,27,5,Standard Class,Consumer,United States,New York City,New York,East,Technology,Phones,156.94,3,35.8644,52.31333333,0.2285230024,1,FALSE
2020,January,30,5,Standard Class,Consumer,United States,Aurora,Illinois,Central,Technology,Phones,2015.168,4,250.396,503.792,0.1242556452,1,FALSE
2020,March,10,11,Standard Class,Consumer,United States,Philadelphia,Pennsylvania,East,Technology,Phones,136.982,3,-10.7964,45.66066667,-0.07881619483,1,FALSE
2020,March,13,11,Standard Class,Consumer,United States,New York City,New York,East,Technology,Phones,339.9,2,74.975,169.95,0.2205795822,1,FALSE
2020,March,18,12,Standard Class,Consumer,United States,Houston,Texas,Central,Technology,Phones,556.544,7,47.0351,79.50628571,0.0845128148,1,FALSE
2020,March,25,13,Standard Class,Consumer,United States,San Antonio,Texas,Central,Technology,Phones,511.376,3,47.0376,170.4586667,0.09198241607,1,FALSE
2020,March,31,14,Standard Class,Consumer,United States,New York City,New York,East,Technology,Phones,124.95,5,22.087,24.99,0.1767667067,1,FALSE
2020,April,4,14,Standard Class,Consumer,United States,Des Plaines,Illinois,Central,Technology,Phones,400.84,4,47.98,100.21,0.1196986329,2,FALSE
2020,April,28,18,Standard Class,Consumer,United States,Kissimmee,Florida,South,Technology,Phones,773.984,2,84.5982,386.992,0.1093022595,2,FALSE
2020,May,14,20,Standard Class,Consumer,United States,New York City,New York,East,Technology,Phones,564.97,3,134.9925,188.3233333,0.2389374657,2,FALSE
2020,May,15,20,Standard Class,Consumer,United States,Chicago,Illinois,Central,Technology,Phones,86.12,2,3.475,43.06,0.04035067348,2,FALSE
2020,May,19,21,Standard Class,Consumer,United States,Plano,Texas,Central,Technology,Phones,105.992,1,9.5992,105.992,0.09056532568,2,FALSE
2020,May,19,21,Standard Class,Consumer,United States,Atlanta,Georgia,South,Technology,Phones,404.97,3,98.2722,134.99,0.2426653826,2,FALSE
2020,May,20,21,Standard Class,Consumer,United States,Las Vegas,Nevada,West,Technology,Phones,1159.128,9,70.1955,128.792,0.06055888565,2,FALSE
2020,May,28,22,Standard Class,Consumer,United States,Houston,Texas,Central,Technology,Phones,128.368,4,4.0776,32.092,0.03176492584,2,FALSE
2020,June,3,23,Standard Class,Consumer,United States,Pembroke Pines,Florida,South,Technology,Phones,528.96,5,50.396,105.792,0.09527374471,2,FALSE
2020,June,10,24,Standard Class,Consumer,United States,Seattle,Washington,West,Technology,Phones,126.776,3,7.7679,42.25866667,0.06127263835,2,FALSE
2020,June,20,25,Standard Class,Consumer,United States,Richmond,Virginia,South,Technology,Phones,521.96,4,125.99,130.49,0.2413786497,2,FALSE
2020,June,25,26,Standard Class,Consumer,United States,Bolingbrook,Illinois,Central,Technology,Phones,179.48,2,16.704,89.74,0.09306886561,2,FALSE
2020,June,26,26,Standard Class,Consumer,United States,New York City,New York,East,Technology,Phones,280.97,3,67.1916,93.65666667,0.2391415454,2,FALSE
2020,June,26,26,Standard Class,Consumer,United States,Philadelphia,Pennsylvania,East,Technology,Phones,368.2,3,41.79,122.7333333,0.1134980989,2,FALSE
2020,June,26,26,Standard Class,Consumer,United States,Philadelphia,Pennsylvania,East,Technology,Phones,577.916,14,72.7888,41.27971429,0.1259504842,2,FALSE
2020,July,3,27,Standard Class,Consumer,United States,Plano,Texas,Central,Technology,Phones,186.968,4,62.988,46.742,0.3368918745,3,FALSE
2020,July,3,27,Standard Class,Consumer,United States,Columbus,Georgia,South,Technology,Phones,323.97,3,77.7519,107.99,0.239997222,3,FALSE
2020,July,9,28,Standard Class,Consumer,United States,Manchester,Connecticut,East,Technology,Phones,287.98,2,74.8142,143.99,0.2597895687,3,FALSE
2020,July,14,29,Standard Class,Consumer,United States,Columbus,Ohio,East,Technology,Phones,1912.946,9,-377.9892,212.5495556,-0.197595332,3,FALSE
2020,July,21,30,Standard Class,Consumer,United States,Salem,Virginia,South,Technology,Phones,308.96,4,67.99,77.24,0.2200608493,3,FALSE
2020,July,27,31,Standard Class,Consumer,United States,Yonkers,New York,East,Technology,Phones,565.92,8,135.98,70.74,0.2402813118,3,FALSE
2020,July,29,31,Standard Class,Consumer,United States,Oklahoma City,Oklahoma,Central,Technology,Phones,491.97,3,133.9713,163.99,0.2723159949,3,FALSE
2020,July,30,31,Standard Class,Consumer,United States,Baltimore,Maryland,East,Technology,Phones,173.95,5,43.176,34.79,0.2482092555,3,FALSE
2020,July,31,31,Standard Class,Consumer,United States,Philadelphia,Pennsylvania,East,Technology,Phones,319.576,4,-57.1152,79.894,-0.1787218064,3,FALSE
2020,August,10,33,Standard Class,Consumer,United States,Columbus,Indiana,Central,Technology,Phones,1474.49,9,378.1674,163.8322222,0.2564733569,3,FALSE
2020,August,12,33,Standard Class,Consumer,United States,Seattle,Washington,West,Technology,Phones,282.624,8,27.2952,35.328,0.09657778533,3,FALSE
2020,September,8,37,Standard Class,Consumer,United States,Philadelphia,Pennsylvania,East,Technology,Phones,299.528,2,-47.3968,149.764,-0.1582382949,3,FALSE
2020,September,10,37,Standard Class,Consumer,United States,Springfield,Ohio,East,Technology,Phones,282.896,2,-56.3108,141.448,-0.1990512414,3,FALSE
2020,September,16,38,Standard Class,Consumer,United States,Austin,Texas,Central,Technology,Phones,162.992,1,5.5992,162.992,0.03435260626,3,FALSE
2020,September,19,38,Standard Class,Consumer,United States,Phoenix,Arizona,West,Technology,Phones,511.92,2,29.495,255.96,0.05761642444,3,FALSE
2020,September,20,39,Standard Class,Consumer,United States,New York City,New York,East,Technology,Phones,124.85,3,28.3095,41.61666667,0.2267480977,3,TRUE
2020,September,20,39,Standard Class,Consumer,United States,New York City,New York,East,Technology,Phones,1344.66,2,350.9082,672.33,0.2609642586,3,TRUE
2020,September,23,39,Standard Class,Consumer,United States,Chicago,Illinois,Central,Technology,Phones,157.984,2,-8.9964,78.992,-0.05694500709,3,FALSE
2020,October,19,43,Standard Class,Consumer,United States,Houston,Texas,Central,Technology,Phones,138.68,3,5.2125,46.22666667,0.03758653014,4,FALSE
2020,October,21,43,Standard Class,Consumer,United States,Philadelphia,Pennsylvania,East,Technology,Phones,344.988,2,-76.9972,172.494,-0.2231880529,4,FALSE
2020,October,23,43,Standard Class,Consumer,United States,Jacksonville,Florida,South,Technology,Phones,900.88,3,107.985,300.2933333,0.1198661309,4,FALSE
2020,October,26,44,Standard Class,Consumer,United States,Philadelphia,Pennsylvania,East,Technology,Phones,149.65,5,19.775,29.93,0.1321416639,4,FALSE
2020,November,4,45,Standard Class,Consumer,United States,Chattanooga,Tennessee,South,Technology,Phones,192.928,9,-32.3838,21.43644444,-0.1678543291,4,FALSE
2020,November,7,45,Standard Class,Consumer,United States,Philadelphia,Pennsylvania,East,Technology,Phones,409.97,5,-71.994,81.994,-0.1756079713,4,FALSE
2020,November,18,47,Standard Class,Consumer,United States,Long Beach,New York,East,Technology,Phones,177.95,5,36.7255,35.59,0.2063810059,4,FALSE
2020,November,23,48,Standard Class,Consumer,United States,Dallas,Texas,Central,Technology,Phones,221.96,5,19.596,44.392,0.08828617769,4,FALSE
2020,November,23,48,Standard Class,Consumer,United States,Chicago,Illinois,Central,Technology,Phones,235.384,2,16.6788,117.692,0.07085783231,4,FALSE
2020,November,23,48,Standard Class,Consumer,United States,Charlotte,North Carolina,South,Technology,Phones,115.992,1,2.0994,115.992,0.01809952411,4,FALSE
2020,November,25,48,Standard Class,Consumer,United States,Houston,Texas,Central,Technology,Phones,342.96,5,37.495,68.592,0.1093276184,4,FALSE
2020,November,26,48,Standard Class,Consumer,United States,Columbus,Ohio,East,Technology,Phones,232.752,8,-40.4712,29.094,-0.1738812126,4,FALSE
2020,December,1,49,Standard Class,Consumer,United States,Denver,Colorado,West,Technology,Phones,127.584,2,9.2386,63.792,0.07241190118,4,FALSE
2020,December,1,49,Standard Class,Consumer,United States,Saginaw,Michigan,Central,Technology,Phones,156.98,2,35.6346,78.49,0.2270008918,4,FALSE
2020,December,1,49,Standard Class,Consumer,United States,Grand Prairie,Texas,Central,Technology,Phones,229.8,5,24.7275,45.96,0.1076044386,4,FALSE
2020,December,1,49,Standard Class,Consumer,United States,Denver,Colorado,West,Technology,Phones,449.368,4,30.4776,112.342,0.06782325399,4,FALSE
2020,December,1,49,Standard Class,Consumer,United States,Denver,Colorado,West,Technology,Phones,483.376,3,52.9173,161.1253333,0.109474405,4,FALSE
2020,December,2,49,Standard Class,Consumer,United States,Omaha,Nebraska,Central,Technology,Phones,521.96,4,743.988,130.49,1.425373592,4,FALSE
2020,December,3,49,Standard Class,Consumer,United States,New York City,New York,East,Technology,Phones,154.99,1,36.9873,154.99,0.2386431383,4,FALSE
2020,December,11,50,Standard Class,Consumer,United States,New York City,New York,East,Technology,Phones,333.98,2,29.245,166.99,0.08756512366,4,FALSE
2020,December,21,52,Standard Class,Consumer,United States,Paterson,New Jersey,East,Technology,Phones,450.97,3,78.9516,150.3233333,0.1750706255,4,FALSE
2020,December,28,53,Standard Class,Consumer,United States,New York City,New York,East,Technology,Phones,381.85,3,4.0095,127.2833333,0.01050019641,4,FALSE
2020,December,30,53,Standard Class,Consumer,United States,New York City,New York,East,Technology,Phones,441.93,7,2.7279,63.13285714,0.006172697033,4,FALSE
2019,January,9,2,Standard Class,Corporate,United States,Fresno,California,West,Technology,Phones,377.928,9,141.723,41.992,0.375,1,FALSE
2019,January,31,5,Standard Class,Home Office,United States,Los Angeles,California,West,Technology,Phones,109.592,1,8.2194,109.592,0.075,1,FALSE
2019,February,5,6,Standard Class,Consumer,United States,San Diego,California,West,Technology,Phones,159.968,4,-31.9936,39.992,-0.2,1,FALSE
2019,February,22,8,Standard Class,Consumer,United States,Los Angeles,California,West,Technology,Phones,445.96,5,55.745,89.192,0.125,1,FALSE
2019,May,5,19,Standard Class,Home Office,United States,Los Angeles,California,West,Technology,Phones,246.168,3,21.5397,82.056,0.0875,2,TRUE
2019,May,22,21,Standard Class,Corporate,United States,Los Angeles,California,West,Technology,Phones,222.384,2,22.2384,111.192,0.1,2,FALSE
2019,May,26,22,Standard Class,Consumer,United States,Santa Ana,California,West,Technology,Phones,211.168,4,23.7564,52.792,0.1125,2,TRUE
2019,June,6,23,Standard Class,Home Office,United States,Santa Barbara,California,West,Technology,Phones,3023.928,9,226.7946,335.992,0.075,2,FALSE
2019,June,6,23,Standard Class,Home Office,United States,Santa Barbara,California,West,Technology,Phones,477.6,3,161.19,159.2,0.3375,2,FALSE
2019,June,9,24,Standard Class,Consumer,United States,Los Angeles,California,West,Technology,Phones,177.48,3,19.9665,59.16,0.1125,2,TRUE
2019,June,24,26,Standard Class,Consumer,United States,San Diego,California,West,Technology,Phones,38.24,4,-9.56,9.56,-0.25,2,FALSE
2019,July,12,28,Standard Class,Corporate,United States,Los Angeles,California,West,Technology,Phones,95.76,6,7.182,15.96,0.075,3,FALSE
2019,July,14,29,Standard Class,Consumer,United States,San Francisco,California,West,Technology,Phones,110.376,3,12.4173,36.792,0.1125,3,TRUE
2019,August,6,32,Standard Class,Consumer,United States,Los Angeles,California,West,Technology,Phones,211.168,4,18.4772,52.792,0.0875,3,FALSE
2019,August,15,33,Standard Class,Consumer,United States,Los Angeles,California,West,Technology,Phones,165.6,3,10.35,55.2,0.0625,3,FALSE
2019,August,21,34,Standard Class,Corporate,United States,Los Angeles,California,West,Technology,Phones,91.96,5,-20.691,18.392,-0.225,3,FALSE
2019,August,21,34,Standard Class,Corporate,United States,Los Angeles,California,West,Technology,Phones,31.984,2,-7.996,15.992,-0.25,3,FALSE
2019,August,30,35,Standard Class,Consumer,United States,Los Angeles,California,West,Technology,Phones,339.96,5,42.495,67.992,0.125,3,FALSE
2019,September,2,36,Standard Class,Consumer,United States,Los Angeles,California,West,Technology,Phones,1091.168,4,68.198,272.792,0.0625,3,FALSE
2019,September,17,38,Standard Class,Corporate,United States,Los Angeles,California,West,Technology,Phones,73.584,2,8.2782,36.792,0.1125,3,FALSE
2019,September,18,38,Standard Class,Consumer,United States,Woodland,California,West,Technology,Phones,239.984,2,23.9984,119.992,0.1,3,FALSE
2019,September,25,39,Standard Class,Consumer,United States,Long Beach,California,West,Technology,Phones,44.736,8,4.4736,5.592,0.1,3,FALSE
2019,October,28,44,Standard Class,Consumer,United States,Los Angeles,California,West,Technology,Phones,302.376,3,22.6782,100.792,0.075,4,FALSE
2019,November,15,46,Standard Class,Corporate,United States,San Diego,California,West,Technology,Phones,361.376,2,27.1032,180.688,0.075,4,FALSE
2019,November,18,47,Standard Class,Home Office,United States,Los Angeles,California,West,Technology,Phones,61.192,1,6.1192,61.192,0.1,4,FALSE
2019,November,24,48,Standard Class,Home Office,United States,Los Angeles,California,West,Technology,Phones,33.52,2,3.352,16.76,0.1,4,TRUE
2019,December,6,49,Standard Class,Home Office,United States,Los Angeles,California,West,Technology,Phones,271.96,5,27.196,54.392,0.1,4,FALSE
2019,December,6,49,Standard Class,Home Office,United States,Los Angeles,California,West,Technology,Phones,249.584,2,31.198,124.792,0.125,4,FALSE
2019,December,26,52,Standard Class,Corporate,United States,Los Angeles,California,West,Technology,Phones,302.384,2,30.2384,151.192,0.1,4,FALSE
2019,December,31,53,Standard Class,Consumer,United States,Anaheim,California,West,Technology,Phones,302.376,3,22.6782,100.792,0.075,4,FALSE
2020,January,20,4,Standard Class,Consumer,United States,Los Angeles,California,West,Technology,Phones,184.776,3,10.0485,61.592,0.05438206261,1,FALSE
2020,January,20,4,Standard Class,Consumer,United States,San Francisco,California,West,Technology,Phones,394.976,3,130.4913,131.6586667,0.3303777951,1,FALSE
2020,January,24,4,Standard Class,Corporate,United States,San Jose,California,West,Technology,Phones,149.352,3,8.2764,49.784,0.0554153945,1,FALSE
2020,February,5,6,Standard Class,Corporate,United States,Torrance,California,West,Technology,Phones,2399.2,5,41.76,479.84,0.01740580193,1,FALSE
2020,February,26,9,Standard Class,Consumer,United States,Costa Mesa,California,West,Technology,Phones,301.576,2,19.3932,150.788,0.06430617821,1,FALSE
2020,March,2,10,Standard Class,Corporate,United States,Los Angeles,California,West,Technology,Phones,214.776,3,14.7582,71.592,0.0687143815,1,FALSE
2020,March,6,10,Standard Class,Home Office,United States,San Francisco,California,West,Technology,Phones,253.384,2,23.2182,126.692,0.09163246298,1,FALSE
2020,May,4,19,Standard Class,Corporate,United States,San Francisco,California,West,Technology,Phones,232.96,5,20.6955,46.592,0.08883713942,2,FALSE
2020,May,7,19,Standard Class,Consumer,United States,Pasadena,California,West,Technology,Phones,462.944,7,52.493,66.13485714,0.1133895244,2,FALSE
2020,June,15,25,Standard Class,Consumer,United States,San Francisco,California,West,Technology,Phones,155.976,3,4.7976,51.992,0.03075857824,2,FALSE
2020,July,11,28,Standard Class,Corporate,United States,San Diego,California,West,Technology,Phones,117.952,6,5.3964,19.65866667,0.04575081389,3,FALSE
2020,July,14,29,Standard Class,Consumer,United States,Westminster,California,West,Technology,Phones,492.376,3,52.9173,164.1253333,0.1074733537,3,FALSE
2020,July,28,31,Standard Class,Corporate,United States,San Francisco,California,West,Technology,Phones,1175.6,4,100.24,293.9,0.08526709765,3,FALSE
2020,August,7,32,Standard Class,Consumer,United States,San Diego,California,West,Technology,Phones,195.96,5,17.9955,39.192,0.09183251684,3,FALSE
2020,August,7,32,Standard Class,Consumer,United States,Westminster,California,West,Technology,Phones,732.88,3,44.2425,244.2933333,0.06036800022,3,FALSE
2020,August,17,34,Standard Class,Corporate,United States,Brentwood,California,West,Technology,Phones,161.976,3,8.997,53.992,0.05554526597,3,FALSE
2020,August,20,34,Standard Class,Corporate,United States,San Francisco,California,West,Technology,Phones,145.88,3,10.788,48.62666667,0.07395119276,3,FALSE
2020,August,31,36,Standard Class,Home Office,United States,San Francisco,California,West,Technology,Phones,733.408,4,77.5584,183.352,0.1057506872,3,FALSE
2020,September,2,36,Standard Class,Consumer,United States,Bakersfield,California,West,Technology,Phones,247.584,2,12.599,123.792,0.0508877795,3,FALSE
2020,September,4,36,Standard Class,Consumer,United States,Los Angeles,California,West,Technology,Phones,139.56,1,1.7375,139.56,0.01244984236,3,FALSE
2020,September,15,38,Standard Class,Consumer,United States,Los Angeles,California,West,Technology,Phones,416.544,7,32.3351,59.50628571,0.07762709342,3,FALSE
2020,September,24,39,Standard Class,Corporate,United States,Los Angeles,California,West,Technology,Phones,892.2,3,75.18,297.4,0.08426361802,3,FALSE
2020,October,5,41,Standard Class,Corporate,United States,Chico,California,West,Technology,Phones,120.992,1,2.6973,120.992,0.02229320947,4,FALSE
2020,October,7,41,Standard Class,Consumer,United States,Los Angeles,California,West,Technology,Phones,119.92,10,26.973,11.992,0.22492495,4,FALSE
2020,October,7,41,Standard Class,Consumer,United States,Los Angeles,California,West,Technology,Phones,151.744,7,-28.9674,21.67771429,-0.1908965099,4,FALSE
2020,October,8,41,Standard Class,Corporate,United States,San Diego,California,West,Technology,Phones,129.192,1,11.6091,129.192,0.08985927921,4,FALSE
2020,October,13,42,Standard Class,Corporate,United States,Sacramento,California,West,Technology,Phones,125.984,2,-7.996,62.992,-0.06346837694,4,FALSE
2020,October,30,44,Standard Class,Consumer,United States,San Francisco,California,West,Technology,Phones,194.48,2,16.704,97.24,0.08589058001,4,FALSE
2020,November,13,46,Standard Class,Consumer,United States,Dublin,California,West,Technology,Phones,143,5,1.375,28.6,0.009615384615,4,FALSE
2020,November,21,47,Standard Class,Home Office,United States,Pasadena,California,West,Technology,Phones,696.976,3,49.4982,232.3253333,0.07101851427,4,FALSE
2020,November,27,48,Standard Class,Consumer,United States,Los Angeles,California,West,Technology,Phones,169.568,4,5.7568,42.392,0.03394980185,4,FALSE
2020,December,2,49,Standard Class,Corporate,United States,Oakland,California,West,Technology,Phones,134.992,1,-7.9984,134.992,-0.05925091857,4,FALSE
2020,December,9,50,Standard Class,Consumer,United States,Whittier,California,West,Technology,Phones,473.768,4,44.4768,118.442,0.09387886054,4,FALSE
2020,December,15,51,Standard Class,Consumer,United States,Inglewood,California,West,Technology,Phones,1425.776,3,14.7582,475.2586667,0.01035099483,4,FALSE
2020,December,29,53,Standard Class,Consumer,United States,Los Angeles,California,West,Technology,Phones,156.376,3,22.6782,52.12533333,0.145023533,4,FALSE
2019,January,9,2,Second Class,Corporate,United States,Toledo,Ohio,East,Furniture,Furnishings,15.168,2,3.792,7.584,0.25,1,FALSE
2019,January,10,2,Second Class,Consumer,United States,Longview,Washington,West,Furniture,Furnishings,24.85,5,7.7035,4.97,0.31,1,FALSE
2019,January,25,4,Second Class,Corporate,United States,New York City,New York,East,Furniture,Furnishings,45.98,1,7.8166,45.98,0.17,1,FALSE
2019,February,2,5,Second Class,Consumer,United States,Arlington,Virginia,South,Furniture,Furnishings,18.69,7,7.1022,2.67,0.38,1,FALSE
2019,February,5,6,Same Day,Home Office,United States,Smyrna,Georgia,South,Furniture,Furnishings,18.84,3,7.1592,6.28,0.38,1,FALSE
2019,February,14,7,First Class,Consumer,United States,Clinton,Maryland,East,Furniture,Furnishings,10.56,6,4.6464,1.76,0.44,1,FALSE
2019,February,21,8,First Class,Corporate,United States,New York City,New York,East,Furniture,Furnishings,135.8,7,66.542,19.4,0.49,1,FALSE
2019,March,3,10,Same Day,Corporate,United States,San Francisco,California,West,Furniture,Furnishings,35.28,3,11.9952,11.76,0.34,1,TRUE
2019,March,11,11,Same Day,Home Office,United States,Philadelphia,Pennsylvania,East,Furniture,Furnishings,30.336,4,9.48,7.584,0.3125,1,FALSE
2019,March,13,11,Second Class,Corporate,United States,San Francisco,California,West,Furniture,Furnishings,28.28,2,7.3528,14.14,0.26,1,FALSE
2019,March,17,12,Same Day,Consumer,United States,Columbia,Maryland,East,Furniture,Furnishings,971.5,5,252.59,194.3,0.26,1,TRUE
2019,March,19,12,Second Class,Consumer,United States,Oceanside,New York,East,Furniture,Furnishings,14.98,1,6.8908,14.98,0.46,1,FALSE
2019,March,19,12,Second Class,Consumer,United States,Oceanside,New York,East,Furniture,Furnishings,20.32,4,6.9088,5.08,0.34,1,FALSE
2019,March,20,12,Second Class,Corporate,United States,Gulfport,Mississippi,South,Furniture,Furnishings,86.45,7,38.038,12.35,0.44,1,FALSE
2019,April,1,14,Second Class,Home Office,United States,Columbus,Georgia,South,Furniture,Furnishings,7.04,4,3.0976,1.76,0.44,2,FALSE
2019,April,4,14,Second Class,Home Office,United States,Troy,New York,East,Furniture,Furnishings,82.64,2,7.4376,41.32,0.09,2,FALSE
2019,April,17,16,Second Class,Home Office,United States,Raleigh,North Carolina,South,Furniture,Furnishings,18.624,8,6.2856,2.328,0.3375,2,FALSE
2019,April,22,17,Second Class,Consumer,United States,San Francisco,California,West,Furniture,Furnishings,31.56,3,10.4148,10.52,0.33,2,FALSE
2019,April,28,18,Second Class,Consumer,United States,Saint Charles,Illinois,Central,Furniture,Furnishings,30.344,2,-31.8612,15.172,-1.05,2,TRUE
2019,May,3,18,First Class,Consumer,United States,Newark,Ohio,East,Furniture,Furnishings,51.968,2,10.3936,25.984,0.2,2,FALSE
2019,May,8,19,Second Class,Corporate,United States,Dover,Delaware,East,Furniture,Furnishings,211.96,2,42.392,105.98,0.2,2,FALSE
2019,May,14,20,Same Day,Consumer,United States,Cincinnati,Ohio,East,Furniture,Furnishings,79.384,1,29.769,79.384,0.375,2,FALSE
2019,May,16,20,Second Class,Consumer,United States,Los Angeles,California,West,Furniture,Furnishings,282.84,4,19.7988,70.71,0.07,2,FALSE
2019,May,17,20,First Class,Consumer,United States,Waterbury,Connecticut,East,Furniture,Furnishings,173.24,4,17.324,43.31,0.1,2,FALSE
2019,May,17,20,First Class,Consumer,United States,Chicago,Illinois,Central,Furniture,Furnishings,22.608,3,-10.1736,7.536,-0.45,2,FALSE
2019,June,4,23,Second Class,Consumer,United States,Chicago,Illinois,Central,Furniture,Furnishings,419.68,5,-356.728,83.936,-0.85,2,FALSE
2019,June,4,23,Second Class,Consumer,United States,Chicago,Illinois,Central,Furniture,Furnishings,11.688,3,-4.6752,3.896,-0.4,2,FALSE
2019,June,4,23,Second Class,Consumer,United States,Chicago,Illinois,Central,Furniture,Furnishings,4.044,3,-2.8308,1.348,-0.7,2,FALSE
2019,June,4,23,Same Day,Consumer,United States,New York City,New York,East,Furniture,Furnishings,61.12,4,20.7808,15.28,0.34,2,FALSE
2019,June,12,24,First Class,Consumer,United States,Wilmington,Delaware,East,Furniture,Furnishings,47.04,3,18.3456,15.68,0.39,2,FALSE
2019,June,12,24,Second Class,Home Office,United States,Houston,Texas,Central,Furniture,Furnishings,6.984,2,-4.5396,3.492,-0.65,2,FALSE
2019,June,14,24,First Class,Home Office,United States,San Francisco,California,West,Furniture,Furnishings,8.73,3,4.1031,2.91,0.47,2,FALSE
2019,June,17,25,First Class,Consumer,United States,Longmont,Colorado,West,Furniture,Furnishings,266.352,3,-13.3176,88.784,-0.05,2,FALSE
2019,June,25,26,Second Class,Consumer,United States,Houston,Texas,Central,Furniture,Furnishings,32.712,2,-26.1696,16.356,-0.8,2,FALSE
2019,July,4,27,First Class,Consumer,United States,San Francisco,California,West,Furniture,Furnishings,25.4,5,8.636,5.08,0.34,3,FALSE
2019,July,4,27,Same Day,Home Office,United States,Seattle,Washington,West,Furniture,Furnishings,25.4,5,8.636,5.08,0.34,3,FALSE
2019,July,7,28,Second Class,Corporate,United States,Aurora,Illinois,Central,Furniture,Furnishings,60.288,8,-27.1296,7.536,-0.45,3,TRUE
2019,July,16,29,Second Class,Corporate,United States,Houston,Texas,Central,Furniture,Furnishings,9.552,3,-3.8208,3.184,-0.4,3,FALSE
2019,July,17,29,Second Class,Consumer,United States,Seattle,Washington,West,Furniture,Furnishings,12.42,3,4.4712,4.14,0.36,3,FALSE
2019,July,17,29,Second Class,Consumer,United States,Seattle,Washington,West,Furniture,Furnishings,24.75,5,10.89,4.95,0.44,3,FALSE
2019,July,25,30,Second Class,Corporate,United States,Milwaukee,Wisconsin,Central,Furniture,Furnishings,95.2,5,27.608,19.04,0.29,3,FALSE
2019,August,1,31,Second Class,Consumer,United States,Philadelphia,Pennsylvania,East,Furniture,Furnishings,19.312,2,3.1382,9.656,0.1625,3,FALSE
2019,August,18,34,Second Class,Home Office,United States,Houston,Texas,Central,Furniture,Furnishings,9.552,3,-3.8208,3.184,-0.4,3,TRUE
2019,August,18,34,Second Class,Home Office,United States,Houston,Texas,Central,Furniture,Furnishings,5.344,4,-2.1376,1.336,-0.4,3,TRUE
2019,August,22,34,First Class,Home Office,United States,Fort Collins,Colorado,West,Furniture,Furnishings,98.328,3,9.8328,32.776,0.1,3,FALSE
2019,September,2,36,First Class,Home Office,United States,Chicago,Illinois,Central,Furniture,Furnishings,84.272,2,-75.8448,42.136,-0.9,3,FALSE
2019,September,3,36,Second Class,Consumer,United States,Baltimore,Maryland,East,Furniture,Furnishings,14.76,2,4.2804,7.38,0.29,3,FALSE
2019,September,4,36,Same Day,Consumer,United States,San Francisco,California,West,Furniture,Furnishings,24.27,3,8.7372,8.09,0.36,3,FALSE
2019,September,5,36,Second Class,Corporate,United States,Philadelphia,Pennsylvania,East,Furniture,Furnishings,82.8,2,10.35,41.4,0.125,3,FALSE
2019,September,5,36,Second Class,Consumer,United States,Detroit,Michigan,Central,Furniture,Furnishings,12.22,1,3.666,12.22,0.3,3,FALSE
2019,September,5,36,First Class,Corporate,United States,Houston,Texas,Central,Furniture,Furnishings,21.204,3,-11.6622,7.068,-0.55,3,FALSE
2019,September,9,37,Second Class,Home Office,United States,Dallas,Texas,Central,Furniture,Furnishings,15.008,4,-12.0064,3.752,-0.8,3,FALSE
2019,September,12,37,Second Class,Corporate,United States,Arvada,Colorado,West,Furniture,Furnishings,15.136,4,3.5948,3.784,0.2375,3,FALSE
2019,September,12,37,Second Class,Corporate,United States,Arvada,Colorado,West,Furniture,Furnishings,15.232,1,1.7136,15.232,0.1125,3,FALSE
2019,September,18,38,First Class,Consumer,United States,Columbus,Ohio,East,Furniture,Furnishings,5.352,3,1.6056,1.784,0.3,3,FALSE
2019,September,19,38,First Class,Home Office,United States,Philadelphia,Pennsylvania,East,Furniture,Furnishings,25.632,3,3.8448,8.544,0.15,3,FALSE
2019,September,23,39,Second Class,Home Office,United States,Lancaster,Ohio,East,Furniture,Furnishings,28,4,7.7,7,0.275,3,FALSE
2019,September,24,39,Same Day,Corporate,United States,San Francisco,California,West,Furniture,Furnishings,63.2,5,23.384,12.64,0.37,3,FALSE
2019,October,1,40,First Class,Consumer,United States,La Porte,Indiana,Central,Furniture,Furnishings,41.85,5,10.881,8.37,0.26,4,FALSE
2019,October,9,41,Second Class,Corporate,United States,Philadelphia,Pennsylvania,East,Furniture,Furnishings,332.832,4,-24.9624,83.208,-0.075,4,FALSE
2019,October,10,41,First Class,Consumer,United States,La Porte,Texas,Central,Furniture,Furnishings,14,4,-6.3,3.5,-0.45,4,FALSE
2019,October,22,43,First Class,Home Office,United States,Detroit,Michigan,Central,Furniture,Furnishings,31.4,5,10.048,6.28,0.32,4,FALSE
2019,October,22,43,First Class,Consumer,United States,Richmond,Virginia,South,Furniture,Furnishings,39.92,4,11.1776,9.98,0.28,4,FALSE
2019,October,22,43,Same Day,Consumer,United States,Seattle,Washington,West,Furniture,Furnishings,101.94,3,30.582,33.98,0.3,4,FALSE
2019,October,28,44,Same Day,Consumer,United States,Boynton Beach,Florida,South,Furniture,Furnishings,47.952,3,13.7862,15.984,0.2875,4,FALSE
2019,October,28,44,Same Day,Consumer,United States,Boynton Beach,Florida,South,Furniture,Furnishings,63.968,2,0,31.984,0,4,FALSE
2019,October,28,44,Same Day,Consumer,United States,Boynton Beach,Florida,South,Furniture,Furnishings,165.048,3,41.262,55.016,0.25,4,FALSE
2019,October,28,44,Same Day,Corporate,United States,Rochester,New York,East,Furniture,Furnishings,756.8,5,75.68,151.36,0.1,4,FALSE
2019,October,29,44,First Class,Consumer,United States,Lansing,Michigan,Central,Furniture,Furnishings,67,5,32.16,13.4,0.48,4,FALSE
2019,November,3,45,Second Class,Consumer,United States,Henderson,Kentucky,South,Furniture,Furnishings,24.1,5,9.158,4.82,0.38,4,TRUE
2019,November,4,45,Second Class,Corporate,United States,Seattle,Washington,West,Furniture,Furnishings,209.88,3,35.6796,69.96,0.17,4,FALSE
2019,November,4,45,First Class,Consumer,United States,San Francisco,California,West,Furniture,Furnishings,38.29,7,16.4647,5.47,0.43,4,FALSE
2019,November,5,45,First Class,Consumer,United States,Virginia Beach,Virginia,South,Furniture,Furnishings,273.96,2,71.2296,136.98,0.26,4,FALSE
2019,November,5,45,First Class,Consumer,United States,Virginia Beach,Virginia,South,Furniture,Furnishings,756.8,5,75.68,151.36,0.1,4,FALSE
2019,November,6,45,Second Class,Home Office,United States,Los Angeles,California,West,Furniture,Furnishings,238.56,3,26.2416,79.52,0.11,4,FALSE
2019,November,6,45,First Class,Corporate,United States,Jacksonville,Florida,South,Furniture,Furnishings,35.568,2,5.7798,17.784,0.1625,4,FALSE
2019,November,10,46,Second Class,Consumer,United States,Los Angeles,California,West,Furniture,Furnishings,467.46,9,191.6586,51.94,0.41,4,TRUE
2019,November,11,46,Second Class,Consumer,United States,San Francisco,California,West,Furniture,Furnishings,6.96,4,2.2272,1.74,0.32,4,FALSE
2019,November,12,46,First Class,Corporate,United States,Chicago,Illinois,Central,Furniture,Furnishings,22.752,6,-8.532,3.792,-0.375,4,FALSE
2019,November,14,46,Second Class,Consumer,United States,Philadelphia,Pennsylvania,East,Furniture,Furnishings,48.576,3,9.7152,16.192,0.2,4,FALSE
2019,November,23,47,Same Day,Corporate,United States,Philadelphia,Pennsylvania,East,Furniture,Furnishings,14.368,2,3.9512,7.184,0.275,4,FALSE
2019,November,23,47,Same Day,Corporate,United States,Philadelphia,Pennsylvania,East,Furniture,Furnishings,70.448,7,12.3284,10.064,0.175,4,FALSE
2019,November,24,48,Second Class,Corporate,United States,Baltimore,Maryland,East,Furniture,Furnishings,207.76,4,85.1816,51.94,0.41,4,TRUE
2019,November,29,48,Second Class,Home Office,United States,Aurora,Illinois,Central,Furniture,Furnishings,242.176,4,-302.72,60.544,-1.25,4,FALSE
2019,December,1,49,Second Class,Consumer,United States,Franklin,Massachusetts,East,Furniture,Furnishings,111.15,5,48.906,22.23,0.44,4,TRUE
2019,December,1,49,Same Day,Home Office,United States,Oxnard,California,West,Furniture,Furnishings,31.96,2,1.598,15.98,0.05,4,TRUE
2019,December,3,49,First Class,Consumer,United States,Los Angeles,California,West,Furniture,Furnishings,111.9,6,51.474,18.65,0.46,4,FALSE
2019,December,4,49,First Class,Consumer,United States,New York City,New York,East,Furniture,Furnishings,113.79,3,20.4822,37.93,0.18,4,FALSE
2019,December,5,49,First Class,Consumer,United States,Murray,Kentucky,South,Furniture,Furnishings,191.82,3,74.8098,63.94,0.39,4,FALSE
2019,December,5,49,Second Class,Corporate,United States,Newark,Delaware,East,Furniture,Furnishings,13.4,1,6.432,13.4,0.48,4,FALSE
2019,December,8,50,First Class,Corporate,United States,Richardson,Texas,Central,Furniture,Furnishings,190.92,5,-147.963,38.184,-0.775,4,TRUE
2019,December,11,50,Second Class,Corporate,United States,Vancouver,Washington,West,Furniture,Furnishings,14.8,4,6.068,3.7,0.41,4,FALSE
2019,December,19,51,Second Class,Consumer,United States,Reading,Pennsylvania,East,Furniture,Furnishings,303.92,5,-30.392,60.784,-0.1,4,FALSE
2019,December,23,52,Second Class,Consumer,United States,Springfield,Virginia,South,Furniture,Furnishings,572.76,6,166.1004,95.46,0.29,4,FALSE
2019,December,23,52,Second Class,Consumer,United States,Springfield,Virginia,South,Furniture,Furnishings,286.38,3,83.0502,95.46,0.29,4,FALSE
2019,December,23,52,Second Class,Corporate,United States,Houston,Texas,Central,Furniture,Furnishings,2.328,2,-0.7566,1.164,-0.325,4,FALSE
2020,January,12,3,Second Class,Home Office,United States,Washington,District of Columbia,East,Furniture,Furnishings,164.68,2,15.8256,82.34,0.09609910129,1,TRUE
2020,January,16,3,Same Day,Corporate,United States,Los Angeles,California,West,Furniture,Furnishings,141.92,4,8.0968,35.48,0.0570518602,1,FALSE
2020,January,19,4,Second Class,Consumer,United States,Philadelphia,Pennsylvania,East,Furniture,Furnishings,124.968,2,6.3936,62.484,0.05116189745,1,TRUE
2020,January,28,5,Second Class,Home Office,United States,Costa Mesa,California,West,Furniture,Furnishings,135.74,3,12.8316,45.24666667,0.0945307205,1,FALSE
2020,January,29,5,Second Class,Consumer,United States,Marion,Iowa,Central,Furniture,Furnishings,127.91,3,4.6221,42.63666667,0.03613556407,1,FALSE
2020,February,3,6,Second Class,Home Office,United States,Chicago,Illinois,Central,Furniture,Furnishings,1248.2,1,-26.085,1248.2,-0.02089809325,1,FALSE
2020,February,9,7,Second Class,Corporate,United States,Los Angeles,California,West,Furniture,Furnishings,96.12,4,6.5472,24.03,0.06811485643,1,TRUE
2020,February,11,7,First Class,Consumer,United States,Columbus,Ohio,East,Furniture,Furnishings,164.568,2,-3.6892,82.284,-0.02241748092,1,FALSE
2020,February,17,8,First Class,Home Office,United States,Troy,Ohio,East,Furniture,Furnishings,126.144,2,8.2896,63.072,0.06571537291,1,FALSE
2020,February,19,8,First Class,Home Office,United States,Los Angeles,California,West,Furniture,Furnishings,111.67,3,12.0609,37.22333333,0.1080048357,1,FALSE
2020,February,20,8,First Class,Corporate,United States,San Diego,California,West,Furniture,Furnishings,115.23,1,7.3359,115.23,0.06366310857,1,FALSE
2020,March,4,10,Second Class,Home Office,United States,Houston,Texas,Central,Furniture,Furnishings,117.5,5,-77.625,23.5,-0.6606382979,1,FALSE
2020,March,6,10,Second Class,Consumer,United States,New York City,New York,East,Furniture,Furnishings,153.97,3,16.5531,51.32333333,0.1075086056,1,FALSE
2020,March,16,12,Same Day,Consumer,United States,Columbus,Ohio,East,Furniture,Furnishings,168.264,6,7.6896,28.044,0.04569961489,1,FALSE
2020,March,19,12,Second Class,Consumer,United States,Fresno,California,West,Furniture,Furnishings,129.93,1,12.6813,129.93,0.09760101593,1,FALSE
2020,March,20,12,Second Class,Consumer,United States,Columbus,Indiana,Central,Furniture,Furnishings,134.91,1,1.3677,134.91,0.01013786969,1,FALSE
2020,March,23,13,First Class,Home Office,United States,San Francisco,California,West,Furniture,Furnishings,225.84,8,76.2624,28.23,0.3376833156,1,FALSE
2020,March,27,13,Second Class,Consumer,United States,Philadelphia,Pennsylvania,East,Furniture,Furnishings,117.008,2,1.5008,58.504,0.0128264734,1,FALSE
2020,March,28,13,First Class,Corporate,United States,Fairfield,California,West,Furniture,Furnishings,127.56,7,6.8992,18.22285714,0.05408592035,1,FALSE
2020,March,28,13,First Class,Corporate,United States,Fairfield,California,West,Furniture,Furnishings,153.48,1,10.0624,153.48,0.0655616367,1,FALSE
2020,March,30,14,Second Class,Consumer,United States,Lakewood,California,West,Furniture,Furnishings,121.2,5,39.564,24.24,0.3264356436,1,FALSE
2020,March,31,14,Second Class,Home Office,United States,Henderson,Kentucky,South,Furniture,Furnishings,103,5,25.62,20.6,0.2487378641,1,FALSE
2020,March,31,14,Second Class,Consumer,United States,New York City,New York,East,Furniture,Furnishings,160.78,2,8.0406,80.39,0.05000995149,1,FALSE
2020,April,1,14,First Class,Corporate,United States,Florence,South Carolina,South,Furniture,Furnishings,158.95,3,21.7515,52.98333333,0.1368449198,2,FALSE
2020,April,10,15,Second Class,Corporate,United States,Jacksonville,Florida,South,Furniture,Furnishings,95.32,5,1.848,19.064,0.0193873269,2,FALSE
2020,April,15,16,First Class,Corporate,United States,Henderson,Nevada,West,Furniture,Furnishings,225.45,5,70.722,45.09,0.3136926148,2,FALSE
2020,April,17,16,First Class,Consumer,United States,Philadelphia,Pennsylvania,East,Furniture,Furnishings,109.312,3,5.2773,36.43733333,0.04827740779,2,FALSE
2020,April,20,17,First Class,Corporate,United States,Philadelphia,Pennsylvania,East,Furniture,Furnishings,137.408,3,9.5418,45.80266667,0.06944137168,2,FALSE
2020,April,20,17,First Class,Corporate,United States,Philadelphia,Pennsylvania,East,Furniture,Furnishings,149.968,2,10.3936,74.984,0.06930545183,2,FALSE
2020,April,21,17,First Class,Consumer,United States,Seattle,Washington,West,Furniture,Furnishings,185.6,3,34.146,61.86666667,0.1839762931,2,FALSE
2020,April,22,17,First Class,Consumer,United States,San Francisco,California,West,Furniture,Furnishings,109.28,2,6.2152,54.64,0.05687408492,2,FALSE
2020,April,23,17,Second Class,Consumer,United States,Pasadena,California,West,Furniture,Furnishings,112.36,7,26.544,16.05142857,0.236240655,2,FALSE
2020,April,23,17,First Class,Consumer,United States,Greeley,Colorado,West,Furniture,Furnishings,114.664,3,3.3534,38.22133333,0.02924544757,2,FALSE
2020,April,23,17,Second Class,Consumer,United States,Pasadena,California,West,Furniture,Furnishings,149.14,2,7.9662,74.57,0.05341424165,2,FALSE
2020,April,26,18,First Class,Consumer,United States,Fort Worth,Texas,Central,Furniture,Furnishings,87.988,1,-1.4413,87.988,-0.01638064281,2,TRUE
2020,May,12,20,Second Class,Consumer,United States,Vineland,New Jersey,East,Furniture,Furnishings,131.85,5,15.426,26.37,0.116996587,2,FALSE
2020,May,14,20,Same Day,Consumer,United States,Santa Ana,California,West,Furniture,Furnishings,98.28,2,6.2152,49.14,0.06323972324,2,FALSE
2020,May,25,22,Same Day,Consumer,United States,New York City,New York,East,Furniture,Furnishings,142.84,3,6.0288,47.61333333,0.0422066648,2,FALSE
2020,May,27,22,First Class,Consumer,United States,Pocatello,Idaho,West,Furniture,Furnishings,138,4,14.7,34.5,0.1065217391,2,FALSE
2020,May,28,22,Second Class,Corporate,United States,Concord,New Hampshire,East,Furniture,Furnishings,270.44,8,101.4504,33.805,0.3751308978,2,FALSE
2020,May,30,22,First Class,Consumer,United States,Lafayette,Louisiana,South,Furniture,Furnishings,1027.01,3,3.0438,342.3366667,0.002963749136,2,FALSE
2020,June,4,23,Second Class,Consumer,United States,Frisco,Texas,Central,Furniture,Furnishings,133.336,6,-17.4432,22.22266667,-0.1308213836,2,FALSE
2020,June,12,24,Second Class,Consumer,United States,Chicago,Illinois,Central,Furniture,Furnishings,83.856,3,-6.8634,27.952,-0.08184745278,2,FALSE
2020,June,17,25,Second Class,Consumer,United States,Olympia,Washington,West,Furniture,Furnishings,178.25,3,46.575,59.41666667,0.2612903226,2,FALSE
2020,June,19,25,Second Class,Corporate,United States,Newark,Ohio,East,Furniture,Furnishings,143.784,3,7.272,47.928,0.0505758638,2,FALSE
2020,June,21,26,Second Class,Consumer,United States,Cleveland,Ohio,East,Furniture,Furnishings,139.92,5,2.464,27.984,0.01761006289,2,TRUE
2020,June,24,26,Second Class,Consumer,United States,New York City,New York,East,Furniture,Furnishings,318.69,3,49.8042,106.23,0.1562778876,2,FALSE
2020,June,27,26,Second Class,Corporate,United States,Seattle,Washington,West,Furniture,Furnishings,166.3,3,40.416,55.43333333,0.2430306675,2,FALSE
2020,June,29,27,First Class,Corporate,United States,Milford,Connecticut,East,Furniture,Furnishings,88.16,2,8.5544,44.08,0.09703266788,2,FALSE
2020,June,30,27,Second Class,Home Office,United States,Chicago,Illinois,Central,Furniture,Furnishings,109.224,2,-10.3124,54.612,-0.09441514685,2,FALSE
2020,July,3,27,First Class,Consumer,United States,Concord,New Hampshire,East,Furniture,Furnishings,150.3,1,26.598,150.3,0.1769660679,3,FALSE
2020,July,8,28,First Class,Home Office,United States,Pico Rivera,California,West,Furniture,Furnishings,166.9,5,62.737,33.38,0.375895746,3,FALSE
2020,July,10,28,Second Class,Consumer,United States,Columbus,Georgia,South,Furniture,Furnishings,101.84,3,7.9128,33.94666667,0.07769835035,3,FALSE
2020,July,13,29,Second Class,Consumer,United States,Philadelphia,Pennsylvania,East,Furniture,Furnishings,104.008,9,19.3392,11.55644444,0.1859395431,3,FALSE
2020,July,25,30,Second Class,Consumer,United States,Philadelphia,Pennsylvania,East,Furniture,Furnishings,129.096,4,3.0144,32.274,0.02335006507,3,FALSE
2020,July,27,31,Second Class,Consumer,United States,Jacksonville,Florida,South,Furniture,Furnishings,131.032,3,-2.2758,43.67733333,-0.01736827645,3,FALSE
2020,July,27,31,Second Class,Consumer,United States,Seattle,Washington,West,Furniture,Furnishings,123.88,3,10.5072,41.29333333,0.08481756539,3,FALSE
2020,July,31,31,First Class,Consumer,United States,San Francisco,California,West,Furniture,Furnishings,104.96,7,11.4576,14.99428571,0.1091615854,3,FALSE
2020,August,3,32,Second Class,Consumer,United States,San Francisco,California,West,Furniture,Furnishings,168.96,3,11.1564,56.32,0.06602982955,3,FALSE
2020,August,6,32,Second Class,Consumer,United States,Lafayette,Louisiana,South,Furniture,Furnishings,120.4,5,7.392,24.08,0.06139534884,3,FALSE
2020,August,12,33,First Class,Consumer,United States,Lake Forest,California,West,Furniture,Furnishings,157.92,4,19.7712,39.48,0.1251975684,3,FALSE
2020,August,18,34,Second Class,Corporate,United States,New York City,New York,East,Furniture,Furnishings,111.02,3,27.2862,37.00666667,0.2457773374,3,FALSE
2020,August,18,34,Second Class,Corporate,United States,New York City,New York,East,Furniture,Furnishings,109.94,2,3.0814,54.97,0.02802801528,3,FALSE
2020,August,18,34,Second Class,Corporate,United States,New York City,New York,East,Furniture,Furnishings,134.48,2,15.7872,67.24,0.1173944081,3,FALSE
2020,August,21,34,First Class,Consumer,United States,Oakland,California,West,Furniture,Furnishings,153.92,4,10.3936,38.48,0.06752598753,3,FALSE
2020,August,23,35,Second Class,Consumer,United States,Tallahassee,Florida,South,Furniture,Furnishings,101.784,2,0.4176,50.892,0.004102805942,3,TRUE
2020,August,27,35,Second Class,Corporate,United States,Inglewood,California,West,Furniture,Furnishings,242.46,2,99.23,121.23,0.4092633837,3,FALSE
2020,September,1,36,Second Class,Consumer,United States,New York City,New York,East,Furniture,Furnishings,145.9,5,39.066,29.18,0.2677587389,3,FALSE
2020,September,2,36,Second Class,Home Office,United States,Los Angeles,California,West,Furniture,Furnishings,559.5,5,132.99,111.9,0.23769437,3,FALSE
2020,September,7,37,First Class,Consumer,United States,Edmonds,Washington,West,Furniture,Furnishings,115.96,4,34.8128,28.99,0.3002138669,3,FALSE
2020,September,7,37,Same Day,Consumer,United States,Saint Charles,Missouri,Central,Furniture,Furnishings,170.3,5,37.884,34.06,0.2224544921,3,FALSE
2020,September,7,37,First Class,Consumer,United States,Draper,Utah,West,Furniture,Furnishings,129.16,2,10.5672,64.58,0.08181480334,3,FALSE
2020,September,8,37,First Class,Corporate,United States,Arlington,Texas,Central,Furniture,Furnishings,118.184,2,-11.6512,59.092,-0.09858525689,3,FALSE
2020,September,11,37,First Class,Consumer,United States,Jacksonville,Florida,South,Furniture,Furnishings,111.504,1,6.0382,111.504,0.05415231741,3,FALSE
2020,September,11,37,Same Day,Consumer,United States,San Francisco,California,West,Furniture,Furnishings,114.36,4,11.6496,28.59,0.1018677859,3,FALSE
2020,September,12,37,First Class,Consumer,United States,Los Angeles,California,West,Furniture,Furnishings,115.36,2,3.0096,57.68,0.0260887656,3,FALSE
2020,September,14,38,First Class,Consumer,United States,Philadelphia,Pennsylvania,East,Furniture,Furnishings,150.936,8,4.7976,18.867,0.0317856575,3,FALSE
2020,September,16,38,First Class,Consumer,United States,Philadelphia,Pennsylvania,East,Furniture,Furnishings,149.512,3,2.2512,49.83733333,0.01505698539,3,FALSE
2020,September,22,39,Second Class,Consumer,United States,New York City,New York,East,Furniture,Furnishings,140.07,1,3.9831,140.07,0.02843649604,3,FALSE
2020,September,24,39,Same Day,Consumer,United States,Seattle,Washington,West,Furniture,Furnishings,243.8,10,71.928,24.38,0.2950287121,3,FALSE
2020,September,26,39,Same Day,Corporate,United States,San Francisco,California,West,Furniture,Furnishings,112.24,3,2.9568,37.41333333,0.02634354954,3,FALSE
2020,September,28,40,First Class,Home Office,United States,Aurora,Colorado,West,Furniture,Furnishings,154.776,1,3.2776,154.776,0.02117640978,3,FALSE
2020,September,29,40,First Class,Consumer,United States,Bakersfield,California,West,Furniture,Furnishings,101.75,1,15.525,101.75,0.1525798526,3,FALSE
2020,September,29,40,Same Day,Home Office,United States,Mentor,Ohio,East,Furniture,Furnishings,111.248,4,7.4368,27.812,0.06684884223,3,FALSE
2020,October,2,40,First Class,Home Office,United States,Knoxville,Tennessee,South,Furniture,Furnishings,94.656,1,1.5691,94.656,0.01657686782,4,FALSE
2020,October,2,40,First Class,Home Office,United States,Knoxville,Tennessee,South,Furniture,Furnishings,115.76,2,5.928,57.88,0.05120939876,4,FALSE
2020,October,2,40,First Class,Home Office,United States,Knoxville,Tennessee,South,Furniture,Furnishings,127.808,2,1.3284,63.904,0.01039371557,4,FALSE
2020,October,2,40,Second Class,Corporate,United States,Montgomery,Alabama,South,Furniture,Furnishings,117.16,2,3.4544,58.58,0.02948446569,4,FALSE
2020,October,3,40,Second Class,Home Office,United States,New York City,New York,East,Furniture,Furnishings,118.92,4,21.8192,29.73,0.1834779684,4,FALSE
2020,October,9,41,First Class,Corporate,United States,Lakewood,Ohio,East,Furniture,Furnishings,140.888,4,9.1776,35.222,0.06514110499,4,FALSE
2020,October,13,42,First Class,Consumer,United States,Freeport,Illinois,Central,Furniture,Furnishings,96.476,3,-6.8094,32.15866667,-0.07058128446,4,FALSE
2020,October,14,42,First Class,Consumer,United States,Oakland,California,West,Furniture,Furnishings,102.46,2,3.6894,51.23,0.03600819832,4,FALSE
2020,October,16,42,First Class,Corporate,United States,New York City,New York,East,Furniture,Furnishings,562.3,13,175.136,43.25384615,0.3114636315,4,FALSE
2020,October,19,43,Second Class,Corporate,United States,San Francisco,California,West,Furniture,Furnishings,140.56,2,10.3904,70.28,0.07392145703,4,FALSE
2020,October,20,43,Same Day,Consumer,United States,Jacksonville,Florida,South,Furniture,Furnishings,137.936,4,6.0412,34.484,0.0437971233,4,FALSE
2020,October,23,43,First Class,Corporate,United States,Cranston,Rhode Island,East,Furniture,Furnishings,231.68,2,50.5632,115.84,0.2182458564,4,FALSE
2020,October,23,43,First Class,Corporate,United States,Cranston,Rhode Island,East,Furniture,Furnishings,136,4,14.7,34,0.1080882353,4,FALSE
2020,October,28,44,Second Class,Consumer,United States,Fayetteville,North Carolina,South,Furniture,Furnishings,177.952,3,15.5904,59.31733333,0.08761014206,4,FALSE
2020,October,30,44,Same Day,Consumer,United States,Dallas,Texas,Central,Furniture,Furnishings,91.192,2,-8.5008,45.596,-0.0932187034,4,FALSE
2020,November,2,45,Second Class,Home Office,United States,Danville,California,West,Furniture,Furnishings,131.02,3,10.5084,43.67333333,0.08020454892,4,FALSE
2020,November,3,45,Second Class,Corporate,United States,Murfreesboro,Tennessee,South,Furniture,Furnishings,93.992,1,0.9995,93.992,0.01063388373,4,FALSE
2020,November,5,45,Second Class,Consumer,United States,New York City,New York,East,Furniture,Furnishings,133.4,5,38.532,26.68,0.2888455772,4,FALSE
2020,November,6,45,Second Class,Consumer,United States,Fayetteville,North Carolina,South,Furniture,Furnishings,107.272,2,6.3612,53.636,0.05929972407,4,FALSE
2020,November,6,45,Second Class,Consumer,United States,Dallas,Texas,Central,Furniture,Furnishings,164.56,5,-19.864,32.912,-0.1207097715,4,FALSE
2020,November,9,46,Second Class,Home Office,United States,New York City,New York,East,Furniture,Furnishings,134.53,7,40.5426,19.21857143,0.3013647514,4,FALSE
2020,November,10,46,Second Class,Corporate,United States,Round Rock,Texas,Central,Furniture,Furnishings,353.96,5,-427.45,70.792,-1.20762233,4,FALSE
2020,November,11,46,First Class,Consumer,United States,Knoxville,Tennessee,South,Furniture,Furnishings,109.92,5,14.4495,21.984,0.1314546943,4,FALSE
2020,November,11,46,Second Class,Home Office,United States,Los Angeles,California,West,Furniture,Furnishings,150.92,4,11.8728,37.73,0.07866949377,4,FALSE
2020,November,12,46,Same Day,Home Office,United States,Glendale,Arizona,West,Furniture,Furnishings,134.568,2,-5.6784,67.284,-0.04219725343,4,FALSE
2020,November,13,46,Second Class,Corporate,United States,Buffalo,New York,East,Furniture,Furnishings,186.95,3,30.99,62.31666667,0.1657662477,4,FALSE
2020,November,16,47,First Class,Consumer,United States,Seattle,Washington,West,Furniture,Furnishings,186.92,2,23.7864,93.46,0.1272544404,4,FALSE
2020,November,18,47,Same Day,Corporate,United States,Milwaukee,Wisconsin,Central,Furniture,Furnishings,104.82,2,2.7354,52.41,0.02609616485,4,FALSE
2020,November,19,47,Second Class,Consumer,United States,Carrollton,Texas,Central,Furniture,Furnishings,93.992,2,-13.993,46.996,-0.1488743723,4,FALSE
2020,November,20,47,Second Class,Consumer,United States,San Francisco,California,West,Furniture,Furnishings,125.6,3,16.614,41.86666667,0.1322770701,4,FALSE
2020,November,20,47,Second Class,Corporate,United States,New York City,New York,East,Furniture,Furnishings,139.97,3,9.1746,46.65666667,0.06554690291,4,FALSE
2020,November,23,48,Second Class,Corporate,United States,Canton,Michigan,Central,Furniture,Furnishings,116.4,2,11.076,58.2,0.09515463918,4,FALSE
2020,November,23,48,First Class,Consumer,United States,Philadelphia,Pennsylvania,East,Furniture,Furnishings,138.048,9,7.2144,15.33866667,0.05226008345,4,FALSE
2020,November,26,48,Second Class,Consumer,United States,New York City,New York,East,Furniture,Furnishings,159.3,5,37.884,31.86,0.2378154426,4,FALSE
2020,November,26,48,First Class,Consumer,United States,Gladstone,Missouri,Central,Furniture,Furnishings,170.3,3,40.416,56.76666667,0.2373223723,4,FALSE
2020,November,27,48,First Class,Corporate,United States,Milwaukee,Wisconsin,Central,Furniture,Furnishings,147.94,1,19.2454,147.94,0.1300892254,4,FALSE
2020,November,30,49,First Class,Home Office,United States,San Francisco,California,West,Furniture,Furnishings,152.83,3,9.5571,50.94333333,0.06253418831,4,FALSE
2020,December,1,49,First Class,Home Office,United States,Marion,Ohio,East,Furniture,Furnishings,99.712,2,1.7352,49.856,0.0174021181,4,FALSE
2020,December,1,49,First Class,Consumer,United States,Philadelphia,Pennsylvania,East,Furniture,Furnishings,182.12,5,13.846,36.424,0.07602679552,4,FALSE
2020,December,2,49,Second Class,Consumer,United States,Houston,Texas,Central,Furniture,Furnishings,139.752,4,-3.7196,34.938,-0.02661571927,4,FALSE
2020,December,3,49,Second Class,Consumer,United States,Thornton,Colorado,West,Furniture,Furnishings,118.192,1,4.6552,118.192,0.03938676053,4,FALSE
2020,December,3,49,Second Class,Consumer,United States,Thornton,Colorado,West,Furniture,Furnishings,117.376,3,7.0128,39.12533333,0.05974645583,4,FALSE
2020,December,3,49,Second Class,Consumer,United States,Thornton,Colorado,West,Furniture,Furnishings,132.72,5,3.344,26.544,0.02519590115,4,FALSE
2020,December,4,49,First Class,Corporate,United States,Philadelphia,Pennsylvania,East,Furniture,Furnishings,109.352,3,2.6961,36.45066667,0.02465524179,4,FALSE
2020,December,5,49,First Class,Home Office,United States,Seattle,Washington,West,Furniture,Furnishings,223.9,5,39.98,44.78,0.178561858,4,FALSE
2020,December,5,49,First Class,Consumer,United States,New York City,New York,East,Furniture,Furnishings,156.96,2,10.9096,78.48,0.06950560652,4,FALSE
2020,December,8,50,Second Class,Consumer,United States,New York City,New York,East,Furniture,Furnishings,143.48,2,33.9388,71.74,0.2365402844,4,FALSE
2020,December,8,50,First Class,Consumer,United States,Inglewood,California,West,Furniture,Furnishings,157.9,2,15.468,78.95,0.09796073464,4,FALSE
2020,December,9,50,First Class,Corporate,United States,Houston,Texas,Central,Furniture,Furnishings,826.708,3,-5.8248,275.5693333,-0.007045776743,4,FALSE
2020,December,10,50,First Class,Consumer,United States,Philadelphia,Pennsylvania,East,Furniture,Furnishings,384.92,5,15.386,76.984,0.03997194222,4,FALSE
2020,December,10,50,First Class,Consumer,United States,Philadelphia,Pennsylvania,East,Furniture,Furnishings,536.88,2,23.316,268.44,0.04342869915,4,FALSE
2020,December,10,50,First Class,Consumer,United States,Fort Lauderdale,Florida,South,Furniture,Furnishings,396.104,3,5.7312,132.0346667,0.01446892735,4,FALSE
2020,December,11,50,Same Day,Consumer,United States,Aurora,Illinois,Central,Furniture,Furnishings,447.72,1,-66.062,447.72,-0.1475520415,4,FALSE
2020,December,14,51,Same Day,Consumer,United States,Skokie,Illinois,Central,Furniture,Furnishings,422.328,3,-26.7558,140.776,-0.06335312837,4,FALSE
2020,December,14,51,Same Day,Consumer,United States,Skokie,Illinois,Central,Furniture,Furnishings,171.352,6,-292.9872,28.55866667,-1.709855736,4,FALSE
2020,December,16,51,Second Class,Corporate,United States,Oceanside,California,West,Furniture,Furnishings,286.96,2,7.584,143.48,0.02642877056,4,FALSE
2020,December,21,52,Same Day,Home Office,United States,Fremont,Nebraska,Central,Furniture,Furnishings,348.92,2,7.0048,174.46,0.02007566204,4,FALSE
2020,December,25,52,First Class,Consumer,United States,Hialeah,Florida,South,Furniture,Furnishings,421,3,5.775,140.3333333,0.01371733967,4,FALSE
2019,January,7,2,Standard Class,Consumer,United States,Amarillo,Texas,Central,Furniture,Furnishings,23.076,3,-10.9611,7.692,-0.475,1,FALSE
2019,January,10,2,Standard Class,Corporate,United States,Seattle,Washington,West,Furniture,Furnishings,79.92,4,34.3656,19.98,0.43,1,FALSE
2019,January,11,2,Standard Class,Home Office,United States,Columbus,Ohio,East,Furniture,Furnishings,54.992,14,8.9362,3.928,0.1625,1,FALSE
2019,January,14,3,Standard Class,Consumer,United States,Concord,North Carolina,South,Furniture,Furnishings,315.776,8,31.5776,39.472,0.1,1,FALSE
2019,January,17,3,Standard Class,Home Office,United States,Concord,New Hampshire,East,Furniture,Furnishings,322.59,3,64.518,107.53,0.2,1,FALSE
2019,January,22,4,Standard Class,Consumer,United States,Fayetteville,North Carolina,South,Furniture,Furnishings,14.272,8,4.2816,1.784,0.3,1,FALSE
2019,January,22,4,Standard Class,Corporate,United States,Seattle,Washington,West,Furniture,Furnishings,109.9,5,37.366,21.98,0.34,1,FALSE
2019,January,23,4,Standard Class,Consumer,United States,Los Angeles,California,West,Furniture,Furnishings,59.99,7,21.5964,8.57,0.36,1,FALSE
2019,February,2,5,Standard Class,Corporate,United States,Houston,Texas,Central,Furniture,Furnishings,73.784,2,-77.4732,36.892,-1.05,1,FALSE
2019,February,4,6,Standard Class,Consumer,United States,Sierra Vista,Arizona,West,Furniture,Furnishings,14.368,2,3.9512,7.184,0.275,1,FALSE
2019,February,6,6,Standard Class,Corporate,United States,Chattanooga,Tennessee,South,Furniture,Furnishings,132.224,4,-18.1808,33.056,-0.1375,1,FALSE
2019,February,16,7,Standard Class,Consumer,United States,Henderson,Kentucky,South,Furniture,Furnishings,318.08,4,34.9888,79.52,0.11,1,FALSE
2019,February,19,8,Standard Class,Consumer,United States,New York City,New York,East,Furniture,Furnishings,44.46,2,14.6718,22.23,0.33,1,FALSE
2019,February,21,8,Standard Class,Corporate,United States,Oceanside,New York,East,Furniture,Furnishings,68.95,5,28.959,13.79,0.42,1,FALSE
2019,February,27,9,Standard Class,Consumer,United States,Houston,Texas,Central,Furniture,Furnishings,16.192,2,-6.8816,8.096,-0.425,1,FALSE
2019,March,6,10,Standard Class,Consumer,United States,Chicago,Illinois,Central,Furniture,Furnishings,159.04,5,-194.824,31.808,-1.225,1,FALSE
2019,March,8,10,Standard Class,Consumer,United States,Miami,Florida,South,Furniture,Furnishings,102.36,3,-3.8385,34.12,-0.0375,1,FALSE
2019,March,8,10,Standard Class,Consumer,United States,New York City,New York,East,Furniture,Furnishings,113.6,8,44.304,14.2,0.39,1,FALSE
2019,March,11,11,Standard Class,Home Office,United States,Columbus,Georgia,South,Furniture,Furnishings,76.92,4,31.5372,19.23,0.41,1,FALSE
2019,March,13,11,Standard Class,Home Office,United States,Waynesboro,Virginia,South,Furniture,Furnishings,127.88,2,40.9216,63.94,0.32,1,FALSE
2019,March,14,11,Standard Class,Consumer,United States,Columbus,Ohio,East,Furniture,Furnishings,21.88,5,6.2905,4.376,0.2875,1,FALSE
2019,March,14,11,Standard Class,Corporate,United States,Green Bay,Wisconsin,Central,Furniture,Furnishings,16.74,2,4.3524,8.37,0.26,1,FALSE
2019,March,27,13,Standard Class,Corporate,United States,Columbus,Georgia,South,Furniture,Furnishings,20.24,1,8.7032,20.24,0.43,1,FALSE
2019,March,27,13,Standard Class,Corporate,United States,Columbus,Georgia,South,Furniture,Furnishings,39.92,4,11.1776,9.98,0.28,1,FALSE
2019,March,29,13,Standard Class,Consumer,United States,New York City,New York,East,Furniture,Furnishings,414,8,124.2,51.75,0.3,1,FALSE
2019,April,3,14,Standard Class,Consumer,United States,Richmond,Indiana,Central,Furniture,Furnishings,71.12,4,22.0472,17.78,0.31,2,FALSE
2019,April,8,15,Standard Class,Consumer,United States,Los Angeles,California,West,Furniture,Furnishings,24.7,5,10.374,4.94,0.42,2,FALSE
2019,April,8,15,Standard Class,Home Office,United States,Hot Springs,Arkansas,South,Furniture,Furnishings,159.92,4,31.984,39.98,0.2,2,FALSE
2019,April,16,16,Standard Class,Corporate,United States,Lakewood,New Jersey,East,Furniture,Furnishings,9.96,2,3.2868,4.98,0.33,2,FALSE
2019,April,17,16,Standard Class,Corporate,United States,Columbia,Tennessee,South,Furniture,Furnishings,79.12,5,13.846,15.824,0.175,2,FALSE
2019,April,18,16,Standard Class,Corporate,United States,Houston,Texas,Central,Furniture,Furnishings,127.88,5,-67.137,25.576,-0.525,2,FALSE
2019,April,22,17,Standard Class,Home Office,United States,Phoenix,Arizona,West,Furniture,Furnishings,23.56,5,7.068,4.712,0.3,2,FALSE
2019,April,22,17,Standard Class,Home Office,United States,Jefferson City,Missouri,Central,Furniture,Furnishings,86.62,2,8.662,43.31,0.1,2,FALSE
2019,April,30,18,Standard Class,Home Office,United States,Dallas,Texas,Central,Furniture,Furnishings,22.608,3,-10.1736,7.536,-0.45,2,FALSE
2019,April,30,18,Standard Class,Corporate,United States,Scottsdale,Arizona,West,Furniture,Furnishings,111.888,7,22.3776,15.984,0.2,2,FALSE
2019,May,2,18,Standard Class,Corporate,United States,New York City,New York,East,Furniture,Furnishings,12.56,2,4.0192,6.28,0.32,2,FALSE
2019,May,2,18,Standard Class,Corporate,United States,New York City,New York,East,Furniture,Furnishings,214.7,5,83.733,42.94,0.39,2,FALSE
2019,May,5,19,Standard Class,Consumer,United States,Chattanooga,Tennessee,South,Furniture,Furnishings,16.72,5,3.344,3.344,0.2,2,TRUE
2019,May,6,19,Standard Class,Home Office,United States,Lorain,Ohio,East,Furniture,Furnishings,54.712,7,11.6263,7.816,0.2125,2,FALSE
2019,May,6,19,Standard Class,Consumer,United States,Bakersfield,California,West,Furniture,Furnishings,41.6,4,14.144,10.4,0.34,2,FALSE
2019,May,7,19,Standard Class,Consumer,United States,New York City,New York,East,Furniture,Furnishings,63.68,8,28.0192,7.96,0.44,2,FALSE
2019,May,12,20,Standard Class,Corporate,United States,New York City,New York,East,Furniture,Furnishings,10.02,3,4.4088,3.34,0.44,2,TRUE
2019,May,14,20,Standard Class,Corporate,United States,Jacksonville,Florida,South,Furniture,Furnishings,30.192,3,8.3028,10.064,0.275,2,FALSE
2019,May,19,21,Standard Class,Consumer,United States,New York City,New York,East,Furniture,Furnishings,35.92,4,15.0864,8.98,0.42,2,TRUE
2019,May,19,21,Standard Class,Consumer,United States,New York City,New York,East,Furniture,Furnishings,39.76,8,12.3256,4.97,0.31,2,TRUE
2019,May,20,21,Standard Class,Home Office,United States,Vallejo,California,West,Furniture,Furnishings,1049.2,5,272.792,209.84,0.26,2,FALSE
2019,May,23,21,Standard Class,Consumer,United States,San Francisco,California,West,Furniture,Furnishings,37.05,3,16.302,12.35,0.44,2,FALSE
2019,May,25,21,Standard Class,Home Office,United States,Columbus,Georgia,South,Furniture,Furnishings,24.96,4,6.24,6.24,0.25,2,FALSE
2019,May,26,22,Standard Class,Consumer,United States,Washington,District of Columbia,East,Furniture,Furnishings,41.37,3,17.3754,13.79,0.42,2,TRUE
2019,May,26,22,Standard Class,Consumer,United States,Milwaukee,Wisconsin,Central,Furniture,Furnishings,26.94,3,11.3148,8.98,0.42,2,TRUE
2019,May,27,22,Standard Class,Consumer,United States,Chicago,Illinois,Central,Furniture,Furnishings,25.176,3,-33.3582,8.392,-1.325,2,FALSE
2019,May,27,22,Standard Class,Consumer,United States,Chicago,Illinois,Central,Furniture,Furnishings,5.584,2,-1.6752,2.792,-0.3,2,FALSE
2019,May,29,22,Standard Class,Consumer,United States,Nashville,Tennessee,South,Furniture,Furnishings,44.76,3,14.547,14.92,0.325,2,FALSE
2019,May,30,22,Standard Class,Home Office,United States,Superior,Wisconsin,Central,Furniture,Furnishings,47.4,5,21.33,9.48,0.45,2,FALSE
2019,May,30,22,Standard Class,Corporate,United States,Los Angeles,California,West,Furniture,Furnishings,167.84,8,11.7488,20.98,0.07,2,FALSE
2019,May,31,22,Standard Class,Consumer,United States,Decatur,Illinois,Central,Furniture,Furnishings,32.064,3,-12.8256,10.688,-0.4,2,FALSE
2019,June,6,23,Standard Class,Consumer,United States,Fairfield,Ohio,East,Furniture,Furnishings,466.32,3,34.974,155.44,0.075,2,FALSE
2019,June,6,23,Standard Class,Consumer,United States,Fairfield,Ohio,East,Furniture,Furnishings,82.64,2,0,41.32,0,2,FALSE
2019,June,11,24,Standard Class,Corporate,United States,Arlington,Texas,Central,Furniture,Furnishings,12.544,7,-9.0944,1.792,-0.725,2,FALSE
2019,June,20,25,Standard Class,Corporate,United States,Oklahoma City,Oklahoma,Central,Furniture,Furnishings,57.69,3,23.6529,19.23,0.41,2,FALSE
2019,June,26,26,Standard Class,Consumer,United States,San Francisco,California,West,Furniture,Furnishings,22.14,3,6.4206,7.38,0.29,2,FALSE
2019,June,26,26,Standard Class,Corporate,United States,New York City,New York,East,Furniture,Furnishings,37.74,3,12.8316,12.58,0.34,2,FALSE
2019,July,7,28,Standard Class,Consumer,United States,San Jose,California,West,Furniture,Furnishings,215.65,5,73.321,43.13,0.34,3,TRUE
2019,July,9,28,Standard Class,Corporate,United States,New York City,New York,East,Furniture,Furnishings,165.28,4,14.8752,41.32,0.09,3,FALSE
2019,July,14,29,Standard Class,Consumer,United States,Columbus,Georgia,South,Furniture,Furnishings,51.75,1,15.525,51.75,0.3,3,TRUE
2019,July,14,29,Standard Class,Consumer,United States,San Francisco,California,West,Furniture,Furnishings,30.8,4,10.164,7.7,0.33,3,TRUE
2019,July,19,29,Standard Class,Consumer,United States,Hattiesburg,Mississippi,South,Furniture,Furnishings,185.58,6,76.0878,30.93,0.41,3,FALSE
2019,July,22,30,Standard Class,Consumer,United States,Allentown,Pennsylvania,East,Furniture,Furnishings,11.648,2,3.3488,5.824,0.2875,3,FALSE
2019,July,22,30,Standard Class,Corporate,United States,Columbia,Maryland,East,Furniture,Furnishings,27.42,3,9.3228,9.14,0.34,3,FALSE
2019,July,25,30,Standard Class,Consumer,United States,Costa Mesa,California,West,Furniture,Furnishings,255.76,4,81.8432,63.94,0.32,3,FALSE
2019,July,25,30,Standard Class,Consumer,United States,Costa Mesa,California,West,Furniture,Furnishings,69.3,9,22.869,7.7,0.33,3,FALSE
2019,July,28,31,Standard Class,Home Office,United States,Pasadena,Texas,Central,Furniture,Furnishings,24.7,5,-9.88,4.94,-0.4,3,TRUE
2019,July,28,31,Standard Class,Home Office,United States,Pasadena,Texas,Central,Furniture,Furnishings,302.72,5,-378.4,60.544,-1.25,3,TRUE
2019,July,31,31,Standard Class,Consumer,United States,Detroit,Michigan,Central,Furniture,Furnishings,272.94,3,30.0234,90.98,0.11,3,FALSE
2019,August,4,32,Standard Class,Home Office,United States,Suffolk,Virginia,South,Furniture,Furnishings,109.8,9,46.116,12.2,0.42,3,TRUE
2019,August,15,33,Standard Class,Consumer,United States,Los Angeles,California,West,Furniture,Furnishings,312.03,3,43.6842,104.01,0.14,3,FALSE
2019,August,23,34,Standard Class,Home Office,United States,Pharr,Texas,Central,Furniture,Furnishings,22.608,3,-10.1736,7.536,-0.45,3,FALSE
2019,August,26,35,Standard Class,Consumer,United States,Athens,Georgia,South,Furniture,Furnishings,186.54,3,41.0388,62.18,0.22,3,FALSE
2019,August,30,35,Standard Class,Consumer,United States,Los Angeles,California,West,Furniture,Furnishings,47.04,4,15.9936,11.76,0.34,3,FALSE
2019,September,1,36,Standard Class,Consumer,United States,New York City,New York,East,Furniture,Furnishings,191.82,3,61.3824,63.94,0.32,3,TRUE
2019,September,2,36,Standard Class,Consumer,United States,New York City,New York,East,Furniture,Furnishings,39.98,2,9.995,19.99,0.25,3,FALSE
2019,September,2,36,Standard Class,Consumer,United States,Los Angeles,California,West,Furniture,Furnishings,94.68,9,31.2444,10.52,0.33,3,FALSE
2019,September,3,36,Standard Class,Home Office,United States,Aurora,Illinois,Central,Furniture,Furnishings,83.952,3,-90.2484,27.984,-1.075,3,FALSE
2019,September,4,36,Standard Class,Consumer,United States,New York City,New York,East,Furniture,Furnishings,63.94,1,24.9366,63.94,0.39,3,FALSE
2019,September,4,36,Standard Class,Consumer,United States,Georgetown,Kentucky,South,Furniture,Furnishings,42.6,3,16.614,14.2,0.39,3,FALSE
2019,September,5,36,Standard Class,Consumer,United States,Philadelphia,Pennsylvania,East,Furniture,Furnishings,58.248,9,11.6496,6.472,0.2,3,FALSE
2019,September,8,37,Standard Class,Consumer,United States,Wheeling,Illinois,Central,Furniture,Furnishings,14.136,2,-7.7748,7.068,-0.55,3,TRUE
2019,September,8,37,Standard Class,Consumer,United States,Seattle,Washington,West,Furniture,Furnishings,43.13,1,14.6642,43.13,0.34,3,TRUE
2019,September,12,37,Standard Class,Corporate,United States,Utica,New York,East,Furniture,Furnishings,40.48,2,14.5728,20.24,0.36,3,FALSE
2019,September,13,37,Standard Class,Consumer,United States,Omaha,Nebraska,Central,Furniture,Furnishings,1336.44,14,387.5676,95.46,0.29,3,FALSE
2019,September,17,38,Standard Class,Corporate,United States,Bangor,Maine,East,Furniture,Furnishings,109.48,2,33.9388,54.74,0.31,3,FALSE
2019,September,17,38,Standard Class,Consumer,United States,Marlborough,Massachusetts,East,Furniture,Furnishings,14.82,3,6.2244,4.94,0.42,3,FALSE
2019,September,17,38,Standard Class,Consumer,United States,Marlborough,Massachusetts,East,Furniture,Furnishings,191.82,3,61.3824,63.94,0.32,3,FALSE
2019,September,18,38,Standard Class,Consumer,United States,New Rochelle,New York,East,Furniture,Furnishings,60.72,3,26.1096,20.24,0.43,3,FALSE
2019,September,20,38,Standard Class,Corporate,United States,Greensboro,North Carolina,South,Furniture,Furnishings,17.088,2,1.068,8.544,0.0625,3,FALSE
2019,September,22,39,Standard Class,Home Office,United States,Louisville,Kentucky,South,Furniture,Furnishings,13.28,2,6.3744,6.64,0.48,3,TRUE
2019,September,22,39,Standard Class,Corporate,United States,Broomfield,Colorado,West,Furniture,Furnishings,68.432,7,8.554,9.776,0.125,3,TRUE
2019,September,22,39,Standard Class,Corporate,United States,Green Bay,Wisconsin,Central,Furniture,Furnishings,18.96,2,7.584,9.48,0.4,3,TRUE
2019,September,23,39,Standard Class,Corporate,United States,Fairfield,Ohio,East,Furniture,Furnishings,532.704,6,-26.6352,88.784,-0.05,3,FALSE
2019,September,24,39,Standard Class,Home Office,United States,Aurora,Colorado,West,Furniture,Furnishings,21.44,2,7.504,10.72,0.35,3,FALSE
2019,September,24,39,Standard Class,Consumer,United States,Bloomington,Indiana,Central,Furniture,Furnishings,127.95,3,21.7515,42.65,0.17,3,FALSE
2019,September,25,39,Standard Class,Corporate,United States,La Crosse,Wisconsin,Central,Furniture,Furnishings,68.64,11,17.16,6.24,0.25,3,FALSE
2019,October,3,40,Standard Class,Corporate,United States,Grand Prairie,Texas,Central,Furniture,Furnishings,38.08,5,-29.512,7.616,-0.775,4,FALSE
2019,October,4,40,Standard Class,Corporate,United States,Coral Gables,Florida,South,Furniture,Furnishings,11.568,3,2.6028,3.856,0.225,4,FALSE
2019,October,8,41,Standard Class,Corporate,United States,Houston,Texas,Central,Furniture,Furnishings,51.712,8,-32.32,6.464,-0.625,4,FALSE
2019,October,9,41,Standard Class,Home Office,United States,Phoenix,Arizona,West,Furniture,Furnishings,169.568,2,0,84.784,0,4,FALSE
2019,October,13,42,Standard Class,Consumer,United States,Roseville,California,West,Furniture,Furnishings,43.12,14,20.6976,3.08,0.48,4,TRUE
2019,October,13,42,Standard Class,Corporate,United States,Aurora,Colorado,West,Furniture,Furnishings,24.96,3,4.368,8.32,0.175,4,TRUE
2019,October,13,42,Standard Class,Consumer,United States,Laredo,Texas,Central,Furniture,Furnishings,139.92,5,-150.414,27.984,-1.075,4,TRUE
2019,October,13,42,Standard Class,Corporate,United States,New York City,New York,East,Furniture,Furnishings,82.26,3,33.7266,27.42,0.41,4,TRUE
2019,October,20,43,Standard Class,Home Office,United States,Arlington,Virginia,South,Furniture,Furnishings,61.1,5,18.33,12.22,0.3,4,TRUE
2019,October,21,43,Standard Class,Consumer,United States,Los Angeles,California,West,Furniture,Furnishings,19.96,2,5.5888,9.98,0.28,4,FALSE
2019,October,21,43,Standard Class,Home Office,United States,Fort Lauderdale,Florida,South,Furniture,Furnishings,45.568,2,9.6832,22.784,0.2125,4,FALSE
2019,October,23,43,Standard Class,Corporate,United States,Chicago,Illinois,Central,Furniture,Furnishings,16.156,7,-12.117,2.308,-0.75,4,FALSE
2019,October,27,44,Standard Class,Consumer,United States,Troy,New York,East,Furniture,Furnishings,40.2,3,19.296,13.4,0.48,4,TRUE
2019,October,28,44,Standard Class,Corporate,United States,Belleville,New Jersey,East,Furniture,Furnishings,77.6,4,38.024,19.4,0.49,4,FALSE
2019,November,4,45,Standard Class,Corporate,United States,Miami,Florida,South,Furniture,Furnishings,50.496,6,8.2056,8.416,0.1625,4,FALSE
2019,November,4,45,Standard Class,Consumer,United States,Houston,Texas,Central,Furniture,Furnishings,11.376,3,-5.688,3.792,-0.5,4,FALSE
2019,November,4,45,Standard Class,Consumer,United States,Houston,Texas,Central,Furniture,Furnishings,66.112,4,-84.2928,16.528,-1.275,4,FALSE
2019,November,7,45,Standard Class,Corporate,United States,San Francisco,California,West,Furniture,Furnishings,14.82,3,6.2244,4.94,0.42,4,FALSE
2019,November,7,45,Standard Class,Consumer,United States,Dallas,Texas,Central,Furniture,Furnishings,44.46,5,-17.784,8.892,-0.4,4,FALSE
2019,November,10,46,Standard Class,Home Office,United States,Springfield,Ohio,East,Furniture,Furnishings,148.288,7,29.6576,21.184,0.2,4,TRUE
2019,November,10,46,Standard Class,Corporate,United States,Springfield,Missouri,Central,Furniture,Furnishings,37.3,2,17.158,18.65,0.46,4,TRUE
2019,November,10,46,Standard Class,Home Office,United States,Sacramento,California,West,Furniture,Furnishings,9.98,1,2.7944,9.98,0.28,4,TRUE
2019,November,11,46,Standard Class,Consumer,United States,San Francisco,California,West,Furniture,Furnishings,41.96,2,10.9096,20.98,0.26,4,FALSE
2019,November,13,46,Standard Class,Home Office,United States,Auburn,Washington,West,Furniture,Furnishings,4.18,1,1.5048,4.18,0.36,4,FALSE
2019,November,13,46,Standard Class,Corporate,United States,Oklahoma City,Oklahoma,Central,Furniture,Furnishings,30.36,4,13.0548,7.59,0.43,4,FALSE
2019,November,13,46,Standard Class,Home Office,United States,Seattle,Washington,West,Furniture,Furnishings,19.54,2,7.2298,9.77,0.37,4,FALSE
2019,November,14,46,Standard Class,Consumer,United States,Newark,Delaware,East,Furniture,Furnishings,19.92,4,6.5736,4.98,0.33,4,FALSE
2019,November,19,47,Standard Class,Consumer,United States,Houston,Texas,Central,Furniture,Furnishings,2.328,2,-0.7566,1.164,-0.325,4,FALSE
2019,November,19,47,Standard Class,Corporate,United States,Seattle,Washington,West,Furniture,Furnishings,31.96,2,1.598,15.98,0.05,4,FALSE
2019,November,20,47,Standard Class,Corporate,United States,Houston,Texas,Central,Furniture,Furnishings,7.068,3,-2.8272,2.356,-0.4,4,FALSE
2019,November,21,47,Standard Class,Consumer,United States,Columbus,Ohio,East,Furniture,Furnishings,77.952,3,15.5904,25.984,0.2,4,FALSE
2019,November,22,47,Standard Class,Corporate,United States,New York City,New York,East,Furniture,Furnishings,39.88,2,11.1664,19.94,0.28,4,FALSE
2019,November,24,48,Standard Class,Home Office,United States,Los Angeles,California,West,Furniture,Furnishings,9.94,2,3.0814,4.97,0.31,4,TRUE
2019,November,24,48,Standard Class,Home Office,United States,Seattle,Washington,West,Furniture,Furnishings,82.26,3,33.7266,27.42,0.41,4,TRUE
2019,November,26,48,Standard Class,Consumer,United States,Los Angeles,California,West,Furniture,Furnishings,595.38,6,297.69,99.23,0.5,4,FALSE
2019,November,27,48,Standard Class,Corporate,United States,Westfield,New Jersey,East,Furniture,Furnishings,31.56,3,10.4148,10.52,0.33,4,FALSE
2019,December,1,49,Standard Class,Consumer,United States,Richmond,Indiana,Central,Furniture,Furnishings,17.31,3,5.193,5.77,0.3,4,TRUE
2019,December,1,49,Standard Class,Consumer,United States,San Francisco,California,West,Furniture,Furnishings,16.74,2,4.3524,8.37,0.26,4,TRUE
2019,December,2,49,Standard Class,Home Office,United States,Providence,Rhode Island,East,Furniture,Furnishings,72.42,6,23.8986,12.07,0.33,4,FALSE
2019,December,2,49,Standard Class,Corporate,United States,San Jose,California,West,Furniture,Furnishings,14.52,3,5.6628,4.84,0.39,4,FALSE
2019,December,12,50,Standard Class,Consumer,United States,Pasadena,California,West,Furniture,Furnishings,383.64,6,122.7648,63.94,0.32,4,FALSE
2019,December,12,50,Standard Class,Corporate,United States,New York City,New York,East,Furniture,Furnishings,60.35,5,19.9155,12.07,0.33,4,FALSE
2019,December,12,50,Standard Class,Home Office,United States,Jackson,Michigan,Central,Furniture,Furnishings,33.48,4,8.7048,8.37,0.26,4,FALSE
2019,December,14,50,Standard Class,Consumer,United States,New York City,New York,East,Furniture,Furnishings,396.92,4,198.46,99.23,0.5,4,FALSE
2019,December,14,50,Standard Class,Consumer,United States,Jackson,Mississippi,South,Furniture,Furnishings,133.38,6,58.6872,22.23,0.44,4,FALSE
2019,December,15,51,Standard Class,Consumer,United States,Los Angeles,California,West,Furniture,Furnishings,14.76,2,4.2804,7.38,0.29,4,TRUE
2019,December,18,51,Standard Class,Corporate,United States,Los Angeles,California,West,Furniture,Furnishings,183.84,8,62.5056,22.98,0.34,4,FALSE
2019,December,18,51,Standard Class,Consumer,United States,San Diego,California,West,Furniture,Furnishings,39.92,4,11.1776,9.98,0.28,4,FALSE
2019,December,18,51,Standard Class,Corporate,United States,Minneapolis,Minnesota,Central,Furniture,Furnishings,18.84,3,6.0288,6.28,0.32,4,FALSE
2019,December,20,51,Standard Class,Home Office,United States,Jackson,Mississippi,South,Furniture,Furnishings,18.92,4,7.3788,4.73,0.39,4,FALSE
2019,December,22,52,Standard Class,Consumer,United States,Moreno Valley,California,West,Furniture,Furnishings,842.72,8,202.2528,105.34,0.24,4,TRUE
2019,December,22,52,Standard Class,Consumer,United States,Moreno Valley,California,West,Furniture,Furnishings,41.96,2,10.9096,20.98,0.26,4,TRUE
2019,December,22,52,Standard Class,Consumer,United States,Redmond,Oregon,West,Furniture,Furnishings,22.784,1,4.8416,22.784,0.2125,4,TRUE
2019,December,22,52,Standard Class,Consumer,United States,Redmond,Oregon,West,Furniture,Furnishings,11.84,4,3.108,2.96,0.2625,4,TRUE
2019,December,24,52,Standard Class,Consumer,United States,New York City,New York,East,Furniture,Furnishings,799.56,9,207.8856,88.84,0.26,4,FALSE
2019,December,24,52,Standard Class,Consumer,United States,San Jose,California,West,Furniture,Furnishings,43.96,7,18.4632,6.28,0.42,4,FALSE
2019,December,25,52,Standard Class,Consumer,United States,Fayetteville,Arkansas,South,Furniture,Furnishings,343.85,5,137.54,68.77,0.4,4,FALSE
2019,December,25,52,Standard Class,Corporate,United States,Nashua,New Hampshire,East,Furniture,Furnishings,21.12,4,6.5472,5.28,0.31,4,FALSE
2019,December,29,53,Standard Class,Consumer,United States,Wichita,Kansas,Central,Furniture,Furnishings,70.56,6,23.9904,11.76,0.34,4,TRUE
2020,January,1,1,Standard Class,Consumer,United States,Huntsville,Texas,Central,Furniture,Furnishings,164.42,5,-187.3815,32.884,-1.139651502,1,FALSE
2020,January,1,1,Standard Class,Consumer,United States,Los Angeles,California,West,Furniture,Furnishings,487.43,11,199.2606,44.31181818,0.4087983916,1,FALSE
2020,January,1,1,Standard Class,Consumer,United States,Lorain,Ohio,East,Furniture,Furnishings,145.896,4,8.5568,36.474,0.05864999726,1,FALSE
2020,January,14,3,Standard Class,Home Office,United States,Richmond,Indiana,Central,Furniture,Furnishings,89.96,2,8.532,44.98,0.09484215207,1,FALSE
2020,January,26,5,Standard Class,Consumer,United States,Columbus,Georgia,South,Furniture,Furnishings,100.72,4,24.4608,25.18,0.2428594122,1,TRUE
2020,January,30,5,Standard Class,Corporate,United States,Des Moines,Iowa,Central,Furniture,Furnishings,140.58,7,14.5236,20.08285714,0.1033119932,1,FALSE
2020,February,2,6,Standard Class,Consumer,United States,Los Angeles,California,West,Furniture,Furnishings,107.26,2,29.3284,53.63,0.2734327802,1,TRUE
2020,February,2,6,Standard Class,Corporate,United States,San Diego,California,West,Furniture,Furnishings,242.58,2,12.6348,121.29,0.05208508533,1,TRUE
2020,February,9,7,Standard Class,Consumer,United States,Houston,Texas,Central,Furniture,Furnishings,122.984,2,-2.6892,61.492,-0.02186625903,1,TRUE
2020,February,13,7,Standard Class,Consumer,United States,Seattle,Washington,West,Furniture,Furnishings,120.53,1,21.506,120.53,0.178428607,1,FALSE
2020,February,16,8,Standard Class,Consumer,United States,Decatur,Illinois,Central,Furniture,Furnishings,110.692,1,-3.6537,110.692,-0.03300780544,1,TRUE
2020,February,20,8,Standard Class,Home Office,United States,Gilbert,Arizona,West,Furniture,Furnishings,118.704,2,16.3172,59.352,0.1374612481,1,FALSE
2020,February,26,9,Standard Class,Consumer,United States,Costa Mesa,California,West,Furniture,Furnishings,106.96,2,15.6332,53.48,0.1461593119,1,FALSE
2020,March,10,11,Standard Class,Home Office,United States,Chester,Pennsylvania,East,Furniture,Furnishings,81.696,1,0.5022,81.696,0.006147179788,1,FALSE
2020,March,10,11,Standard Class,Home Office,United States,Chester,Pennsylvania,East,Furniture,Furnishings,150.872,2,11.5164,75.436,0.07633225516,1,FALSE
2020,March,11,11,Standard Class,Home Office,United States,Cambridge,Massachusetts,East,Furniture,Furnishings,132.72,1,11.7568,132.72,0.08858348403,1,FALSE
2020,March,18,12,Standard Class,Consumer,United States,Tyler,Texas,Central,Furniture,Furnishings,113.524,3,-41.262,37.84133333,-0.3634649942,1,FALSE
2020,March,21,12,Standard Class,Home Office,United States,Seattle,Washington,West,Furniture,Furnishings,119.14,3,6.4206,39.71333333,0.05389122041,1,FALSE
2020,March,26,13,Standard Class,Corporate,United States,Dearborn,Michigan,Central,Furniture,Furnishings,105.84,3,23.1192,35.28,0.2184353741,1,FALSE
2020,April,2,14,Standard Class,Consumer,United States,Los Angeles,California,West,Furniture,Furnishings,147.11,3,6.5286,49.03666667,0.0443790361,2,FALSE
2020,April,3,14,Standard Class,Consumer,United States,Philadelphia,Pennsylvania,East,Furniture,Furnishings,112.472,4,7.6416,28.118,0.0679422434,2,FALSE
2020,April,7,15,Standard Class,Home Office,United States,Tampa,Florida,South,Furniture,Furnishings,275.072,3,0,91.69066667,0,2,FALSE
2020,April,8,15,Standard Class,Corporate,United States,Oak Park,Michigan,Central,Furniture,Furnishings,308.96,2,71.2296,154.48,0.230546349,2,FALSE
2020,April,8,15,Standard Class,Corporate,United States,Oak Park,Michigan,Central,Furniture,Furnishings,343.9,3,79.794,114.6333333,0.232026752,2,FALSE
2020,April,8,15,Standard Class,Corporate,United States,Roswell,Georgia,South,Furniture,Furnishings,126.28,6,15.7584,21.04666667,0.124789357,2,FALSE
2020,April,10,15,Standard Class,Consumer,United States,Philadelphia,Pennsylvania,East,Furniture,Furnishings,133.672,3,6.4176,44.55733333,0.04801005446,2,FALSE
2020,April,14,16,Standard Class,Corporate,United States,Morristown,New Jersey,East,Furniture,Furnishings,166.45,5,20.1015,33.29,0.1207659958,2,FALSE
2020,April,20,17,Standard Class,Consumer,United States,Chicago,Illinois,Central,Furniture,Furnishings,120.56,5,-6.188,24.112,-0.05132714001,2,FALSE
2020,April,20,17,Standard Class,Home Office,United States,Chicago,Illinois,Central,Furniture,Furnishings,136.4,2,-52.17,68.2,-0.3824780059,2,FALSE
2020,April,22,17,Standard Class,Home Office,United States,Philadelphia,Pennsylvania,East,Furniture,Furnishings,265.352,3,0,88.45066667,0,2,FALSE
2020,April,23,17,Standard Class,Home Office,United States,Clarksville,Tennessee,South,Furniture,Furnishings,109.952,3,-11.6928,36.65066667,-0.1063445867,2,FALSE
2020,April,27,18,Standard Class,Consumer,United States,Seattle,Washington,West,Furniture,Furnishings,152.58,7,39.0824,21.79714286,0.2561436623,2,FALSE
2020,April,30,18,Standard Class,Home Office,United States,Sanford,Florida,South,Furniture,Furnishings,256.704,6,-8.2764,42.784,-0.03224102468,2,FALSE
2020,April,30,18,Standard Class,Corporate,United States,Pompano Beach,Florida,South,Furniture,Furnishings,103.68,8,6.216,12.96,0.0599537037,2,FALSE
2020,April,30,18,Standard Class,Corporate,United States,San Francisco,California,West,Furniture,Furnishings,151.96,2,21.4368,75.98,0.1410687023,2,FALSE
2020,May,2,18,Standard Class,Corporate,United States,Westfield,New Jersey,East,Furniture,Furnishings,159.93,3,12.993,53.31,0.08124179328,2,FALSE
2020,May,3,19,Standard Class,Corporate,United States,Philadelphia,Pennsylvania,East,Furniture,Furnishings,149.448,2,7.3008,74.724,0.04885177453,2,TRUE
2020,May,11,20,Standard Class,Home Office,United States,Austin,Texas,Central,Furniture,Furnishings,118.996,1,-6.9965,118.996,-0.05879609399,2,FALSE
2020,May,15,20,Standard Class,Consumer,United States,Seattle,Washington,West,Furniture,Furnishings,141.96,2,17.1828,70.98,0.1210397295,2,FALSE
2020,May,18,21,Standard Class,Corporate,United States,Chicago,Illinois,Central,Furniture,Furnishings,105.892,1,-0.9933,105.892,-0.009380312016,2,FALSE
2020,May,18,21,Standard Class,Corporate,United States,Chicago,Illinois,Central,Furniture,Furnishings,146.608,3,-10.1736,48.86933333,-0.06939321183,2,FALSE
2020,May,18,21,Standard Class,Consumer,United States,New York City,New York,East,Furniture,Furnishings,112.56,2,6.2608,56.28,0.05562189055,2,FALSE
2020,May,20,21,Standard Class,Home Office,United States,Lakewood,California,West,Furniture,Furnishings,119.98,1,3.3504,119.98,0.02792465411,2,FALSE
2020,May,21,21,Standard Class,Corporate,United States,Auburn,New York,East,Furniture,Furnishings,541.05,5,72.807,108.21,0.1345661214,2,FALSE
2020,May,27,22,Standard Class,Consumer,United States,Tulsa,Oklahoma,Central,Furniture,Furnishings,521.3,5,138.417,104.26,0.2655227316,2,FALSE
2020,May,28,22,Standard Class,Corporate,United States,Laurel,Maryland,East,Furniture,Furnishings,123.46,2,9.8856,61.73,0.08007127815,2,FALSE
2020,May,29,22,Standard Class,Consumer,United States,Houston,Texas,Central,Furniture,Furnishings,2112.424,4,-52.3392,528.106,-0.02477684404,2,FALSE
2020,May,29,22,Standard Class,Consumer,United States,Columbus,Indiana,Central,Furniture,Furnishings,113.24,3,2.6208,37.74666667,0.02314376545,2,FALSE
2020,May,30,22,Standard Class,Home Office,United States,Tigard,Oregon,West,Furniture,Furnishings,123.592,1,-0.3398,123.592,-0.002749368891,2,FALSE
2020,June,3,23,Standard Class,Corporate,United States,Franklin,Tennessee,South,Furniture,Furnishings,137.168,7,9.6712,19.59542857,0.07050624052,2,FALSE
2020,June,4,23,Standard Class,Corporate,United States,Monroe,North Carolina,South,Furniture,Furnishings,123.984,2,1.999,61.992,0.01612304814,2,FALSE
2020,June,6,23,Standard Class,Home Office,United States,San Francisco,California,West,Furniture,Furnishings,110.95,1,2.178,110.95,0.01963046417,2,FALSE
2020,June,9,24,Standard Class,Home Office,United States,Chicago,Illinois,Central,Furniture,Furnishings,113.976,3,-14.3856,37.992,-0.1262160455,2,FALSE
2020,June,12,24,Standard Class,Consumer,United States,Saint Petersburg,Florida,South,Furniture,Furnishings,100.088,2,1.068,50.044,0.01067060986,2,FALSE
2020,June,15,25,Standard Class,Corporate,United States,Nashville,Tennessee,South,Furniture,Furnishings,104.168,4,9.3504,26.042,0.08976269104,2,FALSE
2020,June,19,25,Standard Class,Consumer,United States,San Francisco,California,West,Furniture,Furnishings,144.32,4,21.1344,36.08,0.1464412417,2,FALSE
2020,June,26,26,Standard Class,Consumer,United States,La Porte,Indiana,Central,Furniture,Furnishings,536.45,5,31.587,107.29,0.05888153602,2,FALSE
2020,June,30,27,Standard Class,Consumer,United States,New York City,New York,East,Furniture,Furnishings,84.23,1,9.7812,84.23,0.1161248961,2,FALSE
2020,June,30,27,Standard Class,Corporate,United States,Memphis,Tennessee,South,Furniture,Furnishings,108.52,2,5.368,54.26,0.04946553631,2,FALSE
2020,July,3,27,Standard Class,Consumer,United States,Citrus Heights,California,West,Furniture,Furnishings,172.39,3,54.3438,57.46333333,0.3152375428,3,FALSE
2020,July,3,27,Standard Class,Consumer,United States,Farmington,New Mexico,West,Furniture,Furnishings,592.85,9,114.6285,65.87222222,0.1933516066,3,FALSE
2020,July,3,27,Standard Class,Consumer,United States,Columbus,Georgia,South,Furniture,Furnishings,124.99,1,5.5177,124.99,0.04414513161,3,FALSE
2020,July,5,28,Standard Class,Corporate,United States,Dallas,Texas,Central,Furniture,Furnishings,353.028,9,-348.6294,39.22533333,-0.9875403651,3,TRUE
2020,July,8,28,Standard Class,Corporate,United States,Newark,Delaware,East,Furniture,Furnishings,108.92,4,5.8744,27.23,0.05393316195,3,FALSE
2020,July,8,28,Standard Class,Consumer,United States,Kent,Washington,West,Furniture,Furnishings,233.46,2,99.23,116.73,0.4250406922,3,FALSE
2020,July,8,28,Standard Class,Home Office,United States,Seattle,Washington,West,Furniture,Furnishings,91.84,3,4.9104,30.61333333,0.05346689895,3,FALSE
2020,July,8,28,Standard Class,Corporate,United States,Newark,Delaware,East,Furniture,Furnishings,135.98,2,9.1954,67.99,0.06762317988,3,FALSE
2020,July,9,28,Standard Class,Home Office,United States,Lafayette,Indiana,Central,Furniture,Furnishings,536.45,5,31.587,107.29,0.05888153602,3,FALSE
2020,July,14,29,Standard Class,Consumer,United States,Westminster,California,West,Furniture,Furnishings,307.69,3,49.8042,102.5633333,0.161864864,3,FALSE
2020,July,14,29,Standard Class,Consumer,United States,Columbus,Ohio,East,Furniture,Furnishings,421.92,5,148.845,84.384,0.3527801479,3,FALSE
2020,July,14,29,Standard Class,Consumer,United States,Westminster,California,West,Furniture,Furnishings,117.84,3,7.9128,39.28,0.06714867617,3,FALSE
2020,July,17,29,Standard Class,Consumer,United States,Tampa,Florida,South,Furniture,Furnishings,92.904,2,2.1736,46.452,0.02339619392,3,FALSE
2020,July,17,29,Standard Class,Home Office,United States,Rome,New York,East,Furniture,Furnishings,128.08,4,14.4596,32.02,0.1128950656,3,FALSE
2020,July,20,30,Standard Class,Corporate,United States,New York City,New York,East,Furniture,Furnishings,232.92,4,31.2664,58.23,0.1342366478,3,FALSE
2020,July,20,30,Standard Class,Consumer,United States,Chicago,Illinois,Central,Furniture,Furnishings,106.792,1,-5.7148,106.792,-0.05351337179,3,FALSE
2020,July,21,30,Standard Class,Consumer,United States,Salem,Virginia,South,Furniture,Furnishings,99.8,5,3.872,19.96,0.03879759519,3,FALSE
2020,July,27,31,Standard Class,Consumer,United States,Yonkers,New York,East,Furniture,Furnishings,112.89,1,4.0203,112.89,0.03561254318,3,FALSE
2020,August,7,32,Standard Class,Consumer,United States,Westminster,California,West,Furniture,Furnishings,100.75,1,15.525,100.75,0.1540942928,3,FALSE
2020,August,10,33,Standard Class,Consumer,United States,Columbus,Indiana,Central,Furniture,Furnishings,139.3,2,25.473,69.65,0.1828643216,3,FALSE
2020,August,13,33,Standard Class,Consumer,United States,Memphis,Tennessee,South,Furniture,Furnishings,132.984,1,0,132.984,0,3,FALSE
2020,August,17,34,Standard Class,Home Office,United States,Houston,Texas,Central,Furniture,Furnishings,144.784,2,-22.2388,72.392,-0.1535998453,3,FALSE
2020,August,18,34,Standard Class,Corporate,United States,Seattle,Washington,West,Furniture,Furnishings,101.94,3,22.4196,33.98,0.2199293702,3,FALSE
2020,August,21,34,Standard Class,Home Office,United States,Columbia,Maryland,East,Furniture,Furnishings,122.92,4,31.2528,30.73,0.2542531728,3,FALSE
2020,August,21,34,Standard Class,Consumer,United States,Louisville,Colorado,West,Furniture,Furnishings,121.752,3,7.11,40.584,0.05839739799,3,FALSE
2020,August,21,34,Standard Class,Home Office,United States,Columbia,Maryland,East,Furniture,Furnishings,136.16,2,8.5544,68.08,0.06282608696,3,FALSE
2020,August,26,35,Standard Class,Consumer,United States,Chicago,Illinois,Central,Furniture,Furnishings,149.96,5,-43.848,29.992,-0.2923979728,3,FALSE
2020,August,27,35,Standard Class,Consumer,United States,Mesa,Arizona,West,Furniture,Furnishings,167.576,8,33.1584,20.947,0.1978708168,3,FALSE
2020,August,29,35,Standard Class,Corporate,United States,Los Angeles,California,West,Furniture,Furnishings,180.02,3,41.4456,60.00666667,0.2302277525,3,FALSE
2020,September,2,36,Standard Class,Corporate,United States,Cleveland,Ohio,East,Furniture,Furnishings,131.072,3,4.1448,43.69066667,0.03162231445,3,FALSE
2020,September,2,36,Standard Class,Corporate,United States,New York City,New York,East,Furniture,Furnishings,125.54,2,3.462,62.77,0.02757686793,3,FALSE
2020,September,3,36,Standard Class,Consumer,United States,Dallas,Texas,Central,Furniture,Furnishings,142.4,5,-105.69,28.48,-0.7422050562,3,FALSE
2020,September,7,37,Standard Class,Consumer,United States,Los Angeles,California,West,Furniture,Furnishings,137.76,4,8.2992,34.44,0.06024390244,3,FALSE
2020,September,7,37,Standard Class,Consumer,United States,Los Angeles,California,West,Furniture,Furnishings,142.94,3,2.397,47.64666667,0.01676927382,3,FALSE
2020,September,9,37,Standard Class,Corporate,United States,Philadelphia,Pennsylvania,East,Furniture,Furnishings,88.024,2,1.7024,44.012,0.01934017995,3,FALSE
2020,September,9,37,Standard Class,Consumer,United States,Columbia,Tennessee,South,Furniture,Furnishings,151.136,3,4.2408,50.37866667,0.02805949608,3,FALSE
2020,September,9,37,Standard Class,Consumer,United States,Cleveland,Ohio,East,Furniture,Furnishings,171.112,2,-9.0904,85.556,-0.05312543831,3,FALSE
2020,September,15,38,Standard Class,Consumer,United States,San Francisco,California,West,Furniture,Furnishings,549.9,5,105.98,109.98,0.1927259502,3,FALSE
2020,September,15,38,Standard Class,Home Office,United States,New York City,New York,East,Furniture,Furnishings,124.56,7,12.0904,17.79428571,0.09706486834,3,FALSE
2020,September,15,38,Standard Class,Corporate,United States,Lakewood,New Jersey,East,Furniture,Furnishings,165.4,5,18.96,33.08,0.1146311971,3,FALSE
2020,September,18,38,Standard Class,Corporate,United States,New York City,New York,East,Furniture,Furnishings,102.82,2,3.2406,51.41,0.03151721455,3,FALSE
2020,September,18,38,Standard Class,Corporate,United States,Columbus,Georgia,South,Furniture,Furnishings,146.32,4,6.9088,36.58,0.0472170585,3,FALSE
2020,September,19,38,Standard Class,Corporate,United States,Springfield,Oregon,West,Furniture,Furnishings,430.216,8,61.3824,53.777,0.1426780966,3,FALSE
2020,September,23,39,Standard Class,Corporate,United States,Louisville,Colorado,West,Furniture,Furnishings,133.328,3,3.666,44.44266667,0.02749609984,3,FALSE
2020,September,24,39,Standard Class,Consumer,United States,Newark,Ohio,East,Furniture,Furnishings,129.056,3,24.4758,43.01866667,0.1896525539,3,FALSE
2020,September,25,39,Standard Class,Consumer,United States,New York City,New York,East,Furniture,Furnishings,164.12,8,20.7328,20.515,0.1263270777,3,FALSE
2020,September,28,40,Standard Class,Consumer,United States,Los Angeles,California,West,Furniture,Furnishings,80.24,3,4.4352,26.74666667,0.05527417747,3,FALSE
2020,October,2,40,Standard Class,Consumer,United States,Trenton,Michigan,Central,Furniture,Furnishings,204.74,11,56.7864,18.61272727,0.2773586012,4,FALSE
2020,October,2,40,Standard Class,Consumer,United States,San Francisco,California,West,Furniture,Furnishings,139.46,2,5.9364,69.73,0.04256704431,4,FALSE
2020,October,4,41,Standard Class,Home Office,United States,Clinton,Maryland,East,Furniture,Furnishings,136.98,1,8.5914,136.98,0.06272010512,4,TRUE
2020,October,5,41,Standard Class,Corporate,United States,Chico,California,West,Furniture,Furnishings,108.9,5,26.973,21.78,0.2476859504,4,FALSE
2020,October,6,41,Standard Class,Home Office,United States,Meridian,Idaho,West,Furniture,Furnishings,110.96,2,2.9372,55.48,0.02647080029,4,FALSE
2020,October,12,42,Standard Class,Consumer,United States,Lakewood,New Jersey,East,Furniture,Furnishings,133.48,2,17.4064,66.74,0.130404555,4,FALSE
2020,October,15,42,Standard Class,Corporate,United States,Thousand Oaks,California,West,Furniture,Furnishings,107.72,1,9.3152,107.72,0.08647604902,4,FALSE
2020,October,19,43,Standard Class,Corporate,United States,Lawrence,Massachusetts,East,Furniture,Furnishings,157.56,4,14.7056,39.39,0.09333333333,4,FALSE
2020,October,21,43,Standard Class,Home Office,United States,Lakeland,Florida,South,Furniture,Furnishings,167.696,3,5.1408,55.89866667,0.03065547181,4,FALSE
2020,October,23,43,Standard Class,Corporate,United States,Rochester,New York,East,Furniture,Furnishings,141.08,11,29.0136,12.82545455,0.2056535299,4,FALSE
2020,October,30,44,Standard Class,Corporate,United States,Vancouver,Washington,West,Furniture,Furnishings,115.64,2,3.6632,57.82,0.0316776202,4,FALSE
2020,October,30,44,Standard Class,Consumer,United States,Philadelphia,Pennsylvania,East,Furniture,Furnishings,110.168,2,0.9856,55.084,0.008946336504,4,FALSE
2020,November,2,45,Standard Class,Corporate,United States,Philadelphia,Pennsylvania,East,Furniture,Furnishings,122.312,1,0.6624,122.312,0.005415658316,4,FALSE
2020,November,3,45,Standard Class,Consumer,United States,Las Cruces,New Mexico,West,Furniture,Furnishings,162.37,3,17.3754,54.12333333,0.1070111474,4,FALSE
2020,November,6,45,Standard Class,Consumer,United States,Los Angeles,California,West,Furniture,Furnishings,111.73,1,2.9682,111.73,0.02656582834,4,FALSE
2020,November,8,46,Standard Class,Corporate,United States,Baltimore,Maryland,East,Furniture,Furnishings,291.2,10,112.422,29.12,0.3860645604,4,TRUE
2020,November,9,46,Standard Class,Consumer,United States,Oceanside,California,West,Furniture,Furnishings,156.12,8,20.7328,19.515,0.1328004099,4,FALSE
2020,November,12,46,Standard Class,Home Office,United States,Dallas,Texas,Central,Furniture,Furnishings,114.848,3,-17.7072,38.28266667,-0.1541794372,4,FALSE
2020,November,15,47,Standard Class,Consumer,United States,Miramar,Florida,South,Furniture,Furnishings,243.064,4,55.016,60.766,0.226343679,4,TRUE
2020,November,15,47,Standard Class,Consumer,United States,Miramar,Florida,South,Furniture,Furnishings,378.136,4,0,94.534,0,4,TRUE
2020,November,16,47,Standard Class,Consumer,United States,Los Angeles,California,West,Furniture,Furnishings,145.94,3,23.988,48.64666667,0.1643689187,4,FALSE
2020,November,16,47,Standard Class,Consumer,United States,Los Angeles,California,West,Furniture,Furnishings,94.42,3,4.4712,31.47333333,0.04735437407,4,FALSE
2020,November,16,47,Standard Class,Consumer,United States,Roseville,California,West,Furniture,Furnishings,100.31,3,5.193,33.43666667,0.05176951451,4,FALSE
2020,November,17,47,Standard Class,Consumer,United States,New York City,New York,East,Furniture,Furnishings,200.76,4,76.9816,50.19,0.3834508866,4,FALSE
2020,November,18,47,Standard Class,Home Office,United States,Saginaw,Michigan,Central,Furniture,Furnishings,118.76,4,8.2992,29.69,0.06988211519,4,FALSE
2020,November,19,47,Standard Class,Consumer,United States,Henderson,Kentucky,South,Furniture,Furnishings,862.88,6,213.6888,143.8133333,0.2476460226,4,FALSE
2020,November,19,47,Standard Class,Consumer,United States,Los Angeles,California,West,Furniture,Furnishings,130.7,1,7.106,130.7,0.05436878347,4,FALSE
2020,November,20,47,Standard Class,Consumer,United States,Newark,Ohio,East,Furniture,Furnishings,127.6,5,28.13,25.52,0.2204545455,4,FALSE
2020,November,20,47,Standard Class,Consumer,United States,Newark,Ohio,East,Furniture,Furnishings,123.656,2,1.5714,61.828,0.01270783464,4,FALSE
2020,November,20,47,Standard Class,Home Office,United States,Henderson,Kentucky,South,Furniture,Furnishings,128.58,2,11.5836,64.29,0.09008866076,4,FALSE
2020,November,21,47,Standard Class,Consumer,United States,New York City,New York,East,Furniture,Furnishings,142.42,1,11.2422,142.42,0.07893694706,4,FALSE
2020,November,23,48,Standard Class,Consumer,United States,Chicago,Illinois,Central,Furniture,Furnishings,86.464,1,-4.04,86.464,-0.04672464841,4,FALSE
2020,November,26,48,Standard Class,Home Office,United States,Richmond,Indiana,Central,Furniture,Furnishings,124.46,2,9.8856,62.23,0.07942792865,4,FALSE
2020,November,27,48,Standard Class,Consumer,United States,Los Angeles,California,West,Furniture,Furnishings,155.84,3,6.0288,51.94666667,0.03868583162,4,FALSE
2020,November,28,48,Standard Class,Home Office,United States,Philadelphia,Pennsylvania,East,Furniture,Furnishings,536.488,7,-12.9122,76.64114286,-0.0240680127,4,FALSE
2020,November,28,48,Standard Class,Home Office,United States,Philadelphia,Pennsylvania,East,Furniture,Furnishings,122.232,6,75.5424,20.372,0.6180247398,4,FALSE
2020,November,28,48,Standard Class,Home Office,United States,Baltimore,Maryland,East,Furniture,Furnishings,1081.2,5,272.792,216.24,0.2523048465,4,FALSE
2020,November,28,48,Standard Class,Home Office,United States,Baltimore,Maryland,East,Furniture,Furnishings,116.9,5,7.524,23.38,0.06436270317,4,FALSE
2020,November,29,49,Standard Class,Consumer,United States,Chattanooga,Tennessee,South,Furniture,Furnishings,122.52,5,19.035,24.504,0.1553623898,4,TRUE
2020,December,1,49,Standard Class,Corporate,United States,Seattle,Washington,West,Furniture,Furnishings,106.68,12,31.0992,8.89,0.2915185602,4,FALSE
2020,December,1,49,Standard Class,Home Office,United States,Stockton,California,West,Furniture,Furnishings,669.64,9,107.0388,74.40444444,0.15984529,4,FALSE
2020,December,2,49,Standard Class,Corporate,United States,Denver,Colorado,West,Furniture,Furnishings,556.704,6,0,92.784,0,4,FALSE
2020,December,3,49,Standard Class,Consumer,United States,Houston,Texas,Central,Furniture,Furnishings,127.592,2,-14.2716,63.796,-0.1118534077,4,FALSE
2020,December,4,49,Standard Class,Consumer,United States,Paterson,New Jersey,East,Furniture,Furnishings,106.99,1,1.5588,106.99,0.01456958594,4,FALSE
2020,December,4,49,Standard Class,Corporate,United States,Philadelphia,Pennsylvania,East,Furniture,Furnishings,168.768,2,6.846,84.384,0.040564562,4,FALSE
2020,December,5,49,Standard Class,Corporate,United States,New York City,New York,East,Furniture,Furnishings,129.94,3,6.0726,43.31333333,0.04673387717,4,FALSE
2020,December,5,49,Standard Class,Corporate,United States,New York City,New York,East,Furniture,Furnishings,143.68,2,18.1908,71.84,0.1266063474,4,FALSE
2020,December,7,50,Standard Class,Consumer,United States,Richmond,Virginia,South,Furniture,Furnishings,123.38,6,25.5378,20.56333333,0.2069849246,4,FALSE
2020,December,10,50,Standard Class,Corporate,United States,North Charleston,South Carolina,South,Furniture,Furnishings,372.76,2,4.2804,186.38,0.01148299174,4,FALSE
2020,December,13,51,Standard Class,Consumer,United States,San Francisco,California,West,Furniture,Furnishings,379.04,8,54.2808,47.38,0.1432059941,4,TRUE
2020,December,14,51,Standard Class,Home Office,United States,Chicago,Illinois,Central,Furniture,Furnishings,434.032,1,-1.3208,434.032,-0.003043093597,4,FALSE
2020,December,14,51,Standard Class,Home Office,United States,San Diego,California,West,Furniture,Furnishings,375.25,3,11.025,125.0833333,0.02938041306,4,FALSE
2020,December,15,51,Standard Class,Home Office,United States,Seattle,Washington,West,Furniture,Furnishings,437.77,3,9.7911,145.9233333,0.02236585422,4,FALSE
2020,December,17,51,Standard Class,Consumer,United States,New York City,New York,East,Furniture,Furnishings,486.36,2,27.3592,243.18,0.05625298133,4,FALSE
2020,December,18,51,Standard Class,Corporate,United States,Milwaukee,Wisconsin,Central,Furniture,Furnishings,432.95,5,22.9885,86.59,0.05309735535,4,FALSE
2020,December,18,51,Standard Class,Consumer,United States,Oceanside,New York,East,Furniture,Furnishings,332.96,2,8.532,166.48,0.02562469966,4,FALSE
2020,December,19,51,Standard Class,Consumer,United States,Parker,Colorado,West,Furniture,Furnishings,423.36,5,4.008,84.672,0.009467120181,4,FALSE
2020,December,23,52,Standard Class,Corporate,United States,Middletown,Connecticut,East,Furniture,Furnishings,390.95,3,38.2095,130.3166667,0.09773500448,4,FALSE
2020,December,23,52,Standard Class,Home Office,United States,Danbury,Connecticut,East,Furniture,Furnishings,456.46,2,9.8856,228.23,0.02165710029,4,FALSE
2020,December,23,52,Standard Class,Consumer,United States,Hendersonville,Tennessee,South,Furniture,Furnishings,373.704,4,19.0848,93.426,0.05106929549,4,FALSE
2020,December,24,52,Standard Class,Home Office,United States,Chandler,Arizona,West,Furniture,Furnishings,427.544,4,1.9224,106.886,0.00449637932,4,FALSE
2020,December,24,52,Standard Class,Corporate,United States,Rochester,New York,East,Furniture,Furnishings,322.93,1,6.8274,322.93,0.02114204317,4,FALSE
2020,December,25,52,Standard Class,Corporate,United States,New York City,New York,East,Furniture,Furnishings,329.96,2,10.9096,164.98,0.03306340162,4,FALSE
2020,December,28,53,Standard Class,Corporate,United States,Peoria,Illinois,Central,Furniture,Furnishings,478.96,2,-1.406,239.48,-0.002935526975,4,FALSE
2020,December,28,53,Standard Class,Corporate,United States,Seattle,Washington,West,Furniture,Furnishings,304.4,2,3.034,152.2,0.009967148489,4,FALSE
2020,December,28,53,Standard Class,Corporate,United States,Peoria,Illinois,Central,Furniture,Furnishings,1302.968,3,-2.3904,434.3226667,-0.001834580742,4,FALSE
2020,December,29,53,Standard Class,Corporate,United States,Anaheim,California,West,Furniture,Furnishings,419.12,8,37.4144,52.39,0.08926894446,4,FALSE
2020,December,29,53,Standard Class,Consumer,United States,Edmonds,Washington,West,Furniture,Furnishings,466.46,2,20.538,233.23,0.04402949878,4,FALSE